Query_position	HDC2_genomes_covered	Prevalence_pct
1	29	80.55555555555556
2	29	80.55555555555556
3	29	80.55555555555556
4	29	80.55555555555556
5	29	80.55555555555556
6	29	80.55555555555556
7	29	80.55555555555556
8	29	80.55555555555556
9	29	80.55555555555556
10	29	80.55555555555556
11	29	80.55555555555556
12	29	80.55555555555556
13	29	80.55555555555556
14	29	80.55555555555556
15	29	80.55555555555556
16	29	80.55555555555556
17	29	80.55555555555556
18	29	80.55555555555556
19	29	80.55555555555556
20	29	80.55555555555556
21	29	80.55555555555556
22	29	80.55555555555556
23	29	80.55555555555556
24	29	80.55555555555556
25	29	80.55555555555556
26	29	80.55555555555556
27	29	80.55555555555556
28	29	80.55555555555556
29	29	80.55555555555556
30	29	80.55555555555556
31	29	80.55555555555556
32	29	80.55555555555556
33	29	80.55555555555556
34	29	80.55555555555556
35	29	80.55555555555556
36	29	80.55555555555556
37	29	80.55555555555556
38	29	80.55555555555556
39	29	80.55555555555556
40	29	80.55555555555556
41	29	80.55555555555556
42	29	80.55555555555556
43	29	80.55555555555556
44	29	80.55555555555556
45	29	80.55555555555556
46	29	80.55555555555556
47	29	80.55555555555556
48	29	80.55555555555556
49	29	80.55555555555556
50	29	80.55555555555556
51	29	80.55555555555556
52	29	80.55555555555556
53	29	80.55555555555556
54	29	80.55555555555556
55	29	80.55555555555556
56	29	80.55555555555556
57	29	80.55555555555556
58	29	80.55555555555556
59	29	80.55555555555556
60	29	80.55555555555556
61	29	80.55555555555556
62	29	80.55555555555556
63	29	80.55555555555556
64	29	80.55555555555556
65	29	80.55555555555556
66	29	80.55555555555556
67	29	80.55555555555556
68	29	80.55555555555556
69	29	80.55555555555556
70	29	80.55555555555556
71	29	80.55555555555556
72	29	80.55555555555556
73	29	80.55555555555556
74	29	80.55555555555556
75	29	80.55555555555556
76	29	80.55555555555556
77	29	80.55555555555556
78	29	80.55555555555556
79	28	77.77777777777777
80	28	77.77777777777777
81	28	77.77777777777777
82	28	77.77777777777777
83	28	77.77777777777777
84	28	77.77777777777777
85	28	77.77777777777777
86	28	77.77777777777777
87	28	77.77777777777777
88	28	77.77777777777777
89	28	77.77777777777777
90	28	77.77777777777777
91	28	77.77777777777777
92	28	77.77777777777777
93	28	77.77777777777777
94	28	77.77777777777777
95	28	77.77777777777777
96	28	77.77777777777777
97	28	77.77777777777777
98	28	77.77777777777777
99	28	77.77777777777777
100	28	77.77777777777777
101	28	77.77777777777777
102	28	77.77777777777777
103	28	77.77777777777777
104	28	77.77777777777777
105	28	77.77777777777777
106	2	5.555555555555555
107	2	5.555555555555555
108	2	5.555555555555555
109	2	5.555555555555555
110	2	5.555555555555555
111	2	5.555555555555555
112	2	5.555555555555555
113	2	5.555555555555555
114	2	5.555555555555555
115	2	5.555555555555555
116	2	5.555555555555555
117	2	5.555555555555555
118	2	5.555555555555555
119	2	5.555555555555555
120	2	5.555555555555555
121	2	5.555555555555555
122	2	5.555555555555555
123	2	5.555555555555555
124	2	5.555555555555555
125	2	5.555555555555555
126	2	5.555555555555555
127	2	5.555555555555555
128	2	5.555555555555555
129	2	5.555555555555555
130	2	5.555555555555555
131	2	5.555555555555555
132	2	5.555555555555555
133	2	5.555555555555555
134	2	5.555555555555555
135	2	5.555555555555555
136	2	5.555555555555555
137	2	5.555555555555555
138	2	5.555555555555555
139	2	5.555555555555555
140	2	5.555555555555555
141	2	5.555555555555555
142	2	5.555555555555555
143	2	5.555555555555555
144	2	5.555555555555555
145	2	5.555555555555555
146	2	5.555555555555555
147	2	5.555555555555555
148	2	5.555555555555555
149	2	5.555555555555555
150	2	5.555555555555555
151	2	5.555555555555555
152	2	5.555555555555555
153	2	5.555555555555555
154	2	5.555555555555555
155	2	5.555555555555555
156	2	5.555555555555555
157	2	5.555555555555555
158	2	5.555555555555555
159	2	5.555555555555555
160	2	5.555555555555555
161	2	5.555555555555555
162	2	5.555555555555555
163	2	5.555555555555555
164	2	5.555555555555555
165	2	5.555555555555555
166	2	5.555555555555555
167	2	5.555555555555555
168	2	5.555555555555555
169	2	5.555555555555555
170	2	5.555555555555555
171	2	5.555555555555555
172	2	5.555555555555555
173	2	5.555555555555555
174	2	5.555555555555555
175	2	5.555555555555555
176	2	5.555555555555555
177	2	5.555555555555555
178	2	5.555555555555555
179	2	5.555555555555555
180	2	5.555555555555555
181	2	5.555555555555555
182	2	5.555555555555555
183	2	5.555555555555555
184	2	5.555555555555555
185	2	5.555555555555555
186	2	5.555555555555555
187	2	5.555555555555555
188	2	5.555555555555555
189	2	5.555555555555555
190	2	5.555555555555555
191	2	5.555555555555555
192	2	5.555555555555555
193	2	5.555555555555555
194	2	5.555555555555555
195	2	5.555555555555555
196	2	5.555555555555555
197	2	5.555555555555555
198	2	5.555555555555555
199	2	5.555555555555555
200	2	5.555555555555555
201	2	5.555555555555555
202	2	5.555555555555555
203	2	5.555555555555555
204	2	5.555555555555555
205	2	5.555555555555555
206	2	5.555555555555555
207	2	5.555555555555555
208	2	5.555555555555555
209	2	5.555555555555555
210	2	5.555555555555555
211	2	5.555555555555555
212	2	5.555555555555555
213	2	5.555555555555555
214	2	5.555555555555555
215	2	5.555555555555555
216	2	5.555555555555555
217	2	5.555555555555555
218	2	5.555555555555555
219	2	5.555555555555555
220	2	5.555555555555555
221	2	5.555555555555555
222	2	5.555555555555555
223	2	5.555555555555555
224	2	5.555555555555555
225	2	5.555555555555555
226	2	5.555555555555555
227	2	5.555555555555555
228	2	5.555555555555555
229	2	5.555555555555555
230	2	5.555555555555555
231	2	5.555555555555555
232	2	5.555555555555555
233	2	5.555555555555555
234	2	5.555555555555555
235	2	5.555555555555555
236	2	5.555555555555555
237	2	5.555555555555555
238	2	5.555555555555555
239	2	5.555555555555555
240	2	5.555555555555555
241	2	5.555555555555555
242	2	5.555555555555555
243	2	5.555555555555555
244	2	5.555555555555555
245	2	5.555555555555555
246	2	5.555555555555555
247	2	5.555555555555555
248	2	5.555555555555555
249	2	5.555555555555555
250	2	5.555555555555555
251	2	5.555555555555555
252	2	5.555555555555555
253	2	5.555555555555555
254	2	5.555555555555555
255	2	5.555555555555555
256	2	5.555555555555555
257	2	5.555555555555555
258	2	5.555555555555555
259	2	5.555555555555555
260	2	5.555555555555555
261	2	5.555555555555555
262	2	5.555555555555555
263	2	5.555555555555555
264	2	5.555555555555555
265	2	5.555555555555555
266	2	5.555555555555555
267	2	5.555555555555555
268	2	5.555555555555555
269	2	5.555555555555555
270	2	5.555555555555555
271	2	5.555555555555555
272	2	5.555555555555555
273	2	5.555555555555555
274	2	5.555555555555555
275	2	5.555555555555555
276	31	86.11111111111111
277	31	86.11111111111111
278	31	86.11111111111111
279	31	86.11111111111111
280	31	86.11111111111111
281	31	86.11111111111111
282	31	86.11111111111111
283	31	86.11111111111111
284	31	86.11111111111111
285	31	86.11111111111111
286	31	86.11111111111111
287	31	86.11111111111111
288	31	86.11111111111111
289	31	86.11111111111111
290	31	86.11111111111111
291	31	86.11111111111111
292	31	86.11111111111111
293	31	86.11111111111111
294	31	86.11111111111111
295	31	86.11111111111111
296	31	86.11111111111111
297	31	86.11111111111111
298	31	86.11111111111111
299	31	86.11111111111111
300	31	86.11111111111111
301	31	86.11111111111111
302	31	86.11111111111111
303	31	86.11111111111111
304	31	86.11111111111111
305	31	86.11111111111111
306	31	86.11111111111111
307	31	86.11111111111111
308	31	86.11111111111111
309	31	86.11111111111111
310	31	86.11111111111111
311	31	86.11111111111111
312	31	86.11111111111111
313	31	86.11111111111111
314	31	86.11111111111111
315	31	86.11111111111111
316	31	86.11111111111111
317	31	86.11111111111111
318	31	86.11111111111111
319	31	86.11111111111111
320	31	86.11111111111111
321	31	86.11111111111111
322	31	86.11111111111111
323	31	86.11111111111111
324	31	86.11111111111111
325	31	86.11111111111111
326	31	86.11111111111111
327	31	86.11111111111111
328	31	86.11111111111111
329	31	86.11111111111111
330	31	86.11111111111111
331	31	86.11111111111111
332	31	86.11111111111111
333	31	86.11111111111111
334	31	86.11111111111111
335	31	86.11111111111111
336	31	86.11111111111111
337	31	86.11111111111111
338	31	86.11111111111111
339	31	86.11111111111111
340	31	86.11111111111111
341	31	86.11111111111111
342	31	86.11111111111111
343	31	86.11111111111111
344	31	86.11111111111111
345	31	86.11111111111111
346	31	86.11111111111111
347	31	86.11111111111111
348	31	86.11111111111111
349	31	86.11111111111111
350	31	86.11111111111111
351	31	86.11111111111111
352	31	86.11111111111111
353	31	86.11111111111111
354	31	86.11111111111111
355	31	86.11111111111111
356	31	86.11111111111111
357	31	86.11111111111111
358	31	86.11111111111111
359	31	86.11111111111111
360	31	86.11111111111111
361	31	86.11111111111111
362	31	86.11111111111111
363	31	86.11111111111111
364	31	86.11111111111111
365	31	86.11111111111111
366	31	86.11111111111111
367	31	86.11111111111111
368	31	86.11111111111111
369	31	86.11111111111111
370	31	86.11111111111111
371	31	86.11111111111111
372	31	86.11111111111111
373	31	86.11111111111111
374	31	86.11111111111111
375	31	86.11111111111111
376	31	86.11111111111111
377	31	86.11111111111111
378	31	86.11111111111111
379	31	86.11111111111111
380	31	86.11111111111111
381	31	86.11111111111111
382	31	86.11111111111111
383	31	86.11111111111111
384	31	86.11111111111111
385	31	86.11111111111111
386	31	86.11111111111111
387	31	86.11111111111111
388	31	86.11111111111111
389	31	86.11111111111111
390	31	86.11111111111111
391	31	86.11111111111111
392	31	86.11111111111111
393	31	86.11111111111111
394	31	86.11111111111111
395	31	86.11111111111111
396	31	86.11111111111111
397	31	86.11111111111111
398	31	86.11111111111111
399	31	86.11111111111111
400	31	86.11111111111111
401	31	86.11111111111111
402	31	86.11111111111111
403	31	86.11111111111111
404	31	86.11111111111111
405	31	86.11111111111111
406	31	86.11111111111111
407	31	86.11111111111111
408	31	86.11111111111111
409	31	86.11111111111111
410	31	86.11111111111111
411	31	86.11111111111111
412	31	86.11111111111111
413	31	86.11111111111111
414	31	86.11111111111111
415	31	86.11111111111111
416	31	86.11111111111111
417	31	86.11111111111111
418	31	86.11111111111111
419	31	86.11111111111111
420	31	86.11111111111111
421	31	86.11111111111111
422	31	86.11111111111111
423	31	86.11111111111111
424	31	86.11111111111111
425	31	86.11111111111111
426	31	86.11111111111111
427	31	86.11111111111111
428	31	86.11111111111111
429	31	86.11111111111111
430	31	86.11111111111111
431	31	86.11111111111111
432	31	86.11111111111111
433	31	86.11111111111111
434	31	86.11111111111111
435	31	86.11111111111111
436	31	86.11111111111111
437	31	86.11111111111111
438	31	86.11111111111111
439	31	86.11111111111111
440	31	86.11111111111111
441	31	86.11111111111111
442	31	86.11111111111111
443	31	86.11111111111111
444	31	86.11111111111111
445	31	86.11111111111111
446	31	86.11111111111111
447	31	86.11111111111111
448	31	86.11111111111111
449	31	86.11111111111111
450	31	86.11111111111111
451	31	86.11111111111111
452	31	86.11111111111111
453	31	86.11111111111111
454	31	86.11111111111111
455	31	86.11111111111111
456	31	86.11111111111111
457	31	86.11111111111111
458	31	86.11111111111111
459	31	86.11111111111111
460	31	86.11111111111111
461	31	86.11111111111111
462	31	86.11111111111111
463	31	86.11111111111111
464	31	86.11111111111111
465	31	86.11111111111111
466	31	86.11111111111111
467	31	86.11111111111111
468	31	86.11111111111111
469	31	86.11111111111111
470	31	86.11111111111111
471	31	86.11111111111111
472	31	86.11111111111111
473	31	86.11111111111111
474	31	86.11111111111111
475	31	86.11111111111111
476	31	86.11111111111111
477	31	86.11111111111111
478	31	86.11111111111111
479	31	86.11111111111111
480	31	86.11111111111111
481	31	86.11111111111111
482	31	86.11111111111111
483	31	86.11111111111111
484	31	86.11111111111111
485	31	86.11111111111111
486	31	86.11111111111111
487	31	86.11111111111111
488	31	86.11111111111111
489	31	86.11111111111111
490	31	86.11111111111111
491	31	86.11111111111111
492	31	86.11111111111111
493	31	86.11111111111111
494	31	86.11111111111111
495	31	86.11111111111111
496	31	86.11111111111111
497	31	86.11111111111111
498	31	86.11111111111111
499	31	86.11111111111111
500	31	86.11111111111111
501	31	86.11111111111111
502	31	86.11111111111111
503	31	86.11111111111111
504	31	86.11111111111111
505	31	86.11111111111111
506	31	86.11111111111111
507	31	86.11111111111111
508	31	86.11111111111111
509	31	86.11111111111111
510	31	86.11111111111111
511	31	86.11111111111111
512	31	86.11111111111111
513	31	86.11111111111111
514	31	86.11111111111111
515	31	86.11111111111111
516	31	86.11111111111111
517	31	86.11111111111111
518	31	86.11111111111111
519	31	86.11111111111111
520	31	86.11111111111111
521	31	86.11111111111111
522	31	86.11111111111111
523	31	86.11111111111111
524	31	86.11111111111111
525	31	86.11111111111111
526	31	86.11111111111111
527	31	86.11111111111111
528	31	86.11111111111111
529	31	86.11111111111111
530	31	86.11111111111111
531	31	86.11111111111111
532	31	86.11111111111111
533	31	86.11111111111111
534	31	86.11111111111111
535	31	86.11111111111111
536	31	86.11111111111111
537	31	86.11111111111111
538	31	86.11111111111111
539	31	86.11111111111111
540	31	86.11111111111111
541	31	86.11111111111111
542	31	86.11111111111111
543	31	86.11111111111111
544	31	86.11111111111111
545	31	86.11111111111111
546	31	86.11111111111111
547	31	86.11111111111111
548	31	86.11111111111111
549	31	86.11111111111111
550	31	86.11111111111111
551	31	86.11111111111111
552	31	86.11111111111111
553	31	86.11111111111111
554	31	86.11111111111111
555	31	86.11111111111111
556	31	86.11111111111111
557	31	86.11111111111111
558	31	86.11111111111111
559	31	86.11111111111111
560	31	86.11111111111111
561	31	86.11111111111111
562	31	86.11111111111111
563	31	86.11111111111111
564	31	86.11111111111111
565	31	86.11111111111111
566	31	86.11111111111111
567	31	86.11111111111111
568	31	86.11111111111111
569	31	86.11111111111111
570	31	86.11111111111111
571	31	86.11111111111111
572	31	86.11111111111111
573	31	86.11111111111111
574	31	86.11111111111111
575	31	86.11111111111111
576	31	86.11111111111111
577	31	86.11111111111111
578	31	86.11111111111111
579	31	86.11111111111111
580	31	86.11111111111111
581	31	86.11111111111111
582	31	86.11111111111111
583	31	86.11111111111111
584	31	86.11111111111111
585	31	86.11111111111111
586	31	86.11111111111111
587	31	86.11111111111111
588	31	86.11111111111111
589	31	86.11111111111111
590	31	86.11111111111111
591	31	86.11111111111111
592	31	86.11111111111111
593	31	86.11111111111111
594	31	86.11111111111111
595	31	86.11111111111111
596	31	86.11111111111111
597	31	86.11111111111111
598	31	86.11111111111111
599	31	86.11111111111111
600	31	86.11111111111111
601	31	86.11111111111111
602	31	86.11111111111111
603	31	86.11111111111111
604	31	86.11111111111111
605	31	86.11111111111111
606	31	86.11111111111111
607	31	86.11111111111111
608	31	86.11111111111111
609	31	86.11111111111111
610	31	86.11111111111111
611	31	86.11111111111111
612	31	86.11111111111111
613	31	86.11111111111111
614	31	86.11111111111111
615	31	86.11111111111111
616	31	86.11111111111111
617	31	86.11111111111111
618	31	86.11111111111111
619	31	86.11111111111111
620	31	86.11111111111111
621	31	86.11111111111111
622	31	86.11111111111111
623	31	86.11111111111111
624	31	86.11111111111111
625	31	86.11111111111111
626	31	86.11111111111111
627	31	86.11111111111111
628	31	86.11111111111111
629	31	86.11111111111111
630	31	86.11111111111111
631	31	86.11111111111111
632	31	86.11111111111111
633	31	86.11111111111111
634	31	86.11111111111111
635	31	86.11111111111111
636	31	86.11111111111111
637	31	86.11111111111111
638	31	86.11111111111111
639	31	86.11111111111111
640	31	86.11111111111111
641	31	86.11111111111111
642	31	86.11111111111111
643	31	86.11111111111111
644	31	86.11111111111111
645	31	86.11111111111111
646	31	86.11111111111111
647	31	86.11111111111111
648	31	86.11111111111111
649	31	86.11111111111111
650	31	86.11111111111111
651	31	86.11111111111111
652	31	86.11111111111111
653	31	86.11111111111111
654	31	86.11111111111111
655	31	86.11111111111111
656	31	86.11111111111111
657	31	86.11111111111111
658	31	86.11111111111111
659	31	86.11111111111111
660	31	86.11111111111111
661	31	86.11111111111111
662	31	86.11111111111111
663	31	86.11111111111111
664	31	86.11111111111111
665	31	86.11111111111111
666	31	86.11111111111111
667	31	86.11111111111111
668	31	86.11111111111111
669	31	86.11111111111111
670	31	86.11111111111111
671	31	86.11111111111111
672	31	86.11111111111111
673	31	86.11111111111111
674	31	86.11111111111111
675	31	86.11111111111111
676	31	86.11111111111111
677	31	86.11111111111111
678	31	86.11111111111111
679	31	86.11111111111111
680	31	86.11111111111111
681	31	86.11111111111111
682	31	86.11111111111111
683	31	86.11111111111111
684	31	86.11111111111111
685	31	86.11111111111111
686	31	86.11111111111111
687	31	86.11111111111111
688	31	86.11111111111111
689	31	86.11111111111111
690	31	86.11111111111111
691	31	86.11111111111111
692	31	86.11111111111111
693	31	86.11111111111111
694	31	86.11111111111111
695	31	86.11111111111111
696	31	86.11111111111111
697	31	86.11111111111111
698	31	86.11111111111111
699	31	86.11111111111111
700	31	86.11111111111111
701	31	86.11111111111111
702	31	86.11111111111111
703	31	86.11111111111111
704	31	86.11111111111111
705	31	86.11111111111111
706	31	86.11111111111111
707	31	86.11111111111111
708	31	86.11111111111111
709	31	86.11111111111111
710	31	86.11111111111111
711	31	86.11111111111111
712	31	86.11111111111111
713	31	86.11111111111111
714	31	86.11111111111111
715	31	86.11111111111111
716	31	86.11111111111111
717	31	86.11111111111111
718	31	86.11111111111111
719	31	86.11111111111111
720	31	86.11111111111111
721	31	86.11111111111111
722	31	86.11111111111111
723	31	86.11111111111111
724	31	86.11111111111111
725	31	86.11111111111111
726	31	86.11111111111111
727	31	86.11111111111111
728	31	86.11111111111111
729	31	86.11111111111111
730	31	86.11111111111111
731	31	86.11111111111111
732	31	86.11111111111111
733	31	86.11111111111111
734	31	86.11111111111111
735	31	86.11111111111111
736	31	86.11111111111111
737	31	86.11111111111111
738	31	86.11111111111111
739	31	86.11111111111111
740	31	86.11111111111111
741	31	86.11111111111111
742	31	86.11111111111111
743	31	86.11111111111111
744	31	86.11111111111111
745	31	86.11111111111111
746	31	86.11111111111111
747	31	86.11111111111111
748	31	86.11111111111111
749	31	86.11111111111111
750	31	86.11111111111111
751	31	86.11111111111111
752	31	86.11111111111111
753	31	86.11111111111111
754	31	86.11111111111111
755	31	86.11111111111111
756	31	86.11111111111111
757	31	86.11111111111111
758	31	86.11111111111111
759	31	86.11111111111111
760	31	86.11111111111111
761	31	86.11111111111111
762	31	86.11111111111111
763	31	86.11111111111111
764	31	86.11111111111111
765	31	86.11111111111111
766	31	86.11111111111111
767	31	86.11111111111111
768	31	86.11111111111111
769	31	86.11111111111111
770	31	86.11111111111111
771	31	86.11111111111111
772	31	86.11111111111111
773	31	86.11111111111111
774	31	86.11111111111111
775	31	86.11111111111111
776	31	86.11111111111111
777	31	86.11111111111111
778	31	86.11111111111111
779	31	86.11111111111111
780	31	86.11111111111111
781	31	86.11111111111111
782	31	86.11111111111111
783	31	86.11111111111111
784	31	86.11111111111111
785	31	86.11111111111111
786	31	86.11111111111111
787	31	86.11111111111111
788	31	86.11111111111111
789	31	86.11111111111111
790	31	86.11111111111111
791	31	86.11111111111111
792	31	86.11111111111111
793	31	86.11111111111111
794	31	86.11111111111111
795	31	86.11111111111111
796	31	86.11111111111111
797	31	86.11111111111111
798	31	86.11111111111111
799	31	86.11111111111111
800	31	86.11111111111111
801	31	86.11111111111111
802	31	86.11111111111111
803	31	86.11111111111111
804	31	86.11111111111111
805	31	86.11111111111111
806	31	86.11111111111111
807	31	86.11111111111111
808	31	86.11111111111111
809	31	86.11111111111111
810	31	86.11111111111111
811	31	86.11111111111111
812	31	86.11111111111111
813	31	86.11111111111111
814	31	86.11111111111111
815	31	86.11111111111111
816	31	86.11111111111111
817	31	86.11111111111111
818	31	86.11111111111111
819	31	86.11111111111111
820	31	86.11111111111111
821	31	86.11111111111111
822	31	86.11111111111111
823	31	86.11111111111111
824	31	86.11111111111111
825	31	86.11111111111111
826	31	86.11111111111111
827	31	86.11111111111111
828	31	86.11111111111111
829	31	86.11111111111111
830	31	86.11111111111111
831	31	86.11111111111111
832	31	86.11111111111111
833	31	86.11111111111111
834	31	86.11111111111111
835	31	86.11111111111111
836	31	86.11111111111111
837	31	86.11111111111111
838	31	86.11111111111111
839	31	86.11111111111111
840	31	86.11111111111111
841	31	86.11111111111111
842	31	86.11111111111111
843	31	86.11111111111111
844	31	86.11111111111111
845	31	86.11111111111111
846	31	86.11111111111111
847	31	86.11111111111111
848	31	86.11111111111111
849	31	86.11111111111111
850	31	86.11111111111111
851	31	86.11111111111111
852	31	86.11111111111111
853	31	86.11111111111111
854	31	86.11111111111111
855	31	86.11111111111111
856	31	86.11111111111111
857	31	86.11111111111111
858	31	86.11111111111111
859	31	86.11111111111111
860	31	86.11111111111111
861	31	86.11111111111111
862	31	86.11111111111111
863	31	86.11111111111111
864	31	86.11111111111111
865	31	86.11111111111111
866	31	86.11111111111111
867	31	86.11111111111111
868	31	86.11111111111111
869	31	86.11111111111111
870	31	86.11111111111111
871	31	86.11111111111111
872	31	86.11111111111111
873	31	86.11111111111111
874	31	86.11111111111111
875	31	86.11111111111111
876	31	86.11111111111111
877	31	86.11111111111111
878	31	86.11111111111111
879	31	86.11111111111111
880	31	86.11111111111111
881	31	86.11111111111111
882	31	86.11111111111111
883	31	86.11111111111111
884	31	86.11111111111111
885	31	86.11111111111111
886	31	86.11111111111111
887	31	86.11111111111111
888	31	86.11111111111111
889	31	86.11111111111111
890	31	86.11111111111111
891	31	86.11111111111111
892	31	86.11111111111111
893	31	86.11111111111111
894	31	86.11111111111111
895	31	86.11111111111111
896	31	86.11111111111111
897	31	86.11111111111111
898	31	86.11111111111111
899	31	86.11111111111111
900	31	86.11111111111111
901	31	86.11111111111111
902	31	86.11111111111111
903	31	86.11111111111111
904	31	86.11111111111111
905	31	86.11111111111111
906	31	86.11111111111111
907	31	86.11111111111111
908	31	86.11111111111111
909	31	86.11111111111111
910	31	86.11111111111111
911	31	86.11111111111111
912	31	86.11111111111111
913	31	86.11111111111111
914	31	86.11111111111111
915	31	86.11111111111111
916	31	86.11111111111111
917	31	86.11111111111111
918	31	86.11111111111111
919	31	86.11111111111111
920	31	86.11111111111111
921	31	86.11111111111111
922	31	86.11111111111111
923	31	86.11111111111111
924	31	86.11111111111111
925	31	86.11111111111111
926	31	86.11111111111111
927	31	86.11111111111111
928	31	86.11111111111111
929	31	86.11111111111111
930	31	86.11111111111111
931	31	86.11111111111111
932	31	86.11111111111111
933	31	86.11111111111111
934	31	86.11111111111111
935	31	86.11111111111111
936	31	86.11111111111111
937	31	86.11111111111111
938	31	86.11111111111111
939	31	86.11111111111111
940	31	86.11111111111111
941	31	86.11111111111111
942	31	86.11111111111111
943	31	86.11111111111111
944	31	86.11111111111111
945	31	86.11111111111111
946	31	86.11111111111111
947	31	86.11111111111111
948	31	86.11111111111111
949	31	86.11111111111111
950	31	86.11111111111111
951	31	86.11111111111111
952	31	86.11111111111111
953	31	86.11111111111111
954	31	86.11111111111111
955	31	86.11111111111111
956	31	86.11111111111111
957	31	86.11111111111111
958	31	86.11111111111111
959	31	86.11111111111111
960	31	86.11111111111111
961	31	86.11111111111111
962	31	86.11111111111111
963	31	86.11111111111111
964	31	86.11111111111111
965	31	86.11111111111111
966	31	86.11111111111111
967	31	86.11111111111111
968	31	86.11111111111111
969	31	86.11111111111111
970	31	86.11111111111111
971	31	86.11111111111111
972	31	86.11111111111111
973	31	86.11111111111111
974	31	86.11111111111111
975	31	86.11111111111111
976	31	86.11111111111111
977	31	86.11111111111111
978	31	86.11111111111111
979	31	86.11111111111111
980	31	86.11111111111111
981	31	86.11111111111111
982	31	86.11111111111111
983	31	86.11111111111111
984	31	86.11111111111111
985	31	86.11111111111111
986	31	86.11111111111111
987	31	86.11111111111111
988	31	86.11111111111111
989	31	86.11111111111111
990	31	86.11111111111111
991	31	86.11111111111111
992	31	86.11111111111111
993	31	86.11111111111111
994	31	86.11111111111111
995	31	86.11111111111111
996	31	86.11111111111111
997	31	86.11111111111111
998	31	86.11111111111111
999	31	86.11111111111111
1000	31	86.11111111111111
1001	31	86.11111111111111
1002	31	86.11111111111111
1003	31	86.11111111111111
1004	31	86.11111111111111
1005	31	86.11111111111111
1006	31	86.11111111111111
1007	31	86.11111111111111
1008	31	86.11111111111111
1009	31	86.11111111111111
1010	31	86.11111111111111
1011	31	86.11111111111111
1012	31	86.11111111111111
1013	31	86.11111111111111
1014	31	86.11111111111111
1015	31	86.11111111111111
1016	31	86.11111111111111
1017	31	86.11111111111111
1018	31	86.11111111111111
1019	31	86.11111111111111
1020	31	86.11111111111111
1021	31	86.11111111111111
1022	31	86.11111111111111
1023	31	86.11111111111111
1024	31	86.11111111111111
1025	31	86.11111111111111
1026	31	86.11111111111111
1027	31	86.11111111111111
1028	31	86.11111111111111
1029	31	86.11111111111111
1030	31	86.11111111111111
1031	31	86.11111111111111
1032	31	86.11111111111111
1033	31	86.11111111111111
1034	31	86.11111111111111
1035	31	86.11111111111111
1036	31	86.11111111111111
1037	31	86.11111111111111
1038	31	86.11111111111111
1039	31	86.11111111111111
1040	31	86.11111111111111
1041	31	86.11111111111111
1042	31	86.11111111111111
1043	31	86.11111111111111
1044	31	86.11111111111111
1045	31	86.11111111111111
1046	31	86.11111111111111
1047	31	86.11111111111111
1048	31	86.11111111111111
1049	31	86.11111111111111
1050	31	86.11111111111111
1051	31	86.11111111111111
1052	31	86.11111111111111
1053	31	86.11111111111111
1054	31	86.11111111111111
1055	31	86.11111111111111
1056	31	86.11111111111111
1057	31	86.11111111111111
1058	31	86.11111111111111
1059	31	86.11111111111111
1060	31	86.11111111111111
1061	31	86.11111111111111
1062	31	86.11111111111111
1063	31	86.11111111111111
1064	31	86.11111111111111
1065	31	86.11111111111111
1066	31	86.11111111111111
1067	31	86.11111111111111
1068	31	86.11111111111111
1069	31	86.11111111111111
1070	31	86.11111111111111
1071	31	86.11111111111111
1072	31	86.11111111111111
1073	31	86.11111111111111
1074	31	86.11111111111111
1075	31	86.11111111111111
1076	31	86.11111111111111
1077	31	86.11111111111111
1078	31	86.11111111111111
1079	31	86.11111111111111
1080	31	86.11111111111111
1081	31	86.11111111111111
1082	31	86.11111111111111
1083	31	86.11111111111111
1084	31	86.11111111111111
1085	31	86.11111111111111
1086	31	86.11111111111111
1087	31	86.11111111111111
1088	31	86.11111111111111
1089	31	86.11111111111111
1090	31	86.11111111111111
1091	31	86.11111111111111
1092	31	86.11111111111111
1093	31	86.11111111111111
1094	31	86.11111111111111
1095	31	86.11111111111111
1096	31	86.11111111111111
1097	31	86.11111111111111
1098	31	86.11111111111111
1099	31	86.11111111111111
1100	31	86.11111111111111
1101	31	86.11111111111111
1102	31	86.11111111111111
1103	31	86.11111111111111
1104	31	86.11111111111111
1105	31	86.11111111111111
1106	31	86.11111111111111
1107	31	86.11111111111111
1108	31	86.11111111111111
1109	31	86.11111111111111
1110	31	86.11111111111111
1111	31	86.11111111111111
1112	31	86.11111111111111
1113	31	86.11111111111111
1114	31	86.11111111111111
1115	31	86.11111111111111
1116	31	86.11111111111111
1117	31	86.11111111111111
1118	31	86.11111111111111
1119	31	86.11111111111111
1120	31	86.11111111111111
1121	31	86.11111111111111
1122	31	86.11111111111111
1123	31	86.11111111111111
1124	31	86.11111111111111
1125	31	86.11111111111111
1126	31	86.11111111111111
1127	31	86.11111111111111
1128	31	86.11111111111111
1129	31	86.11111111111111
1130	31	86.11111111111111
1131	31	86.11111111111111
1132	31	86.11111111111111
1133	31	86.11111111111111
1134	31	86.11111111111111
1135	31	86.11111111111111
1136	31	86.11111111111111
1137	31	86.11111111111111
1138	31	86.11111111111111
1139	31	86.11111111111111
1140	31	86.11111111111111
1141	31	86.11111111111111
1142	31	86.11111111111111
1143	31	86.11111111111111
1144	31	86.11111111111111
1145	31	86.11111111111111
1146	31	86.11111111111111
1147	31	86.11111111111111
1148	31	86.11111111111111
1149	31	86.11111111111111
1150	31	86.11111111111111
1151	31	86.11111111111111
1152	31	86.11111111111111
1153	31	86.11111111111111
1154	31	86.11111111111111
1155	31	86.11111111111111
1156	31	86.11111111111111
1157	31	86.11111111111111
1158	31	86.11111111111111
1159	31	86.11111111111111
1160	31	86.11111111111111
1161	31	86.11111111111111
1162	31	86.11111111111111
1163	31	86.11111111111111
1164	31	86.11111111111111
1165	31	86.11111111111111
1166	31	86.11111111111111
1167	31	86.11111111111111
1168	31	86.11111111111111
1169	31	86.11111111111111
1170	31	86.11111111111111
1171	31	86.11111111111111
1172	31	86.11111111111111
1173	31	86.11111111111111
1174	31	86.11111111111111
1175	31	86.11111111111111
1176	31	86.11111111111111
1177	31	86.11111111111111
1178	31	86.11111111111111
1179	31	86.11111111111111
1180	31	86.11111111111111
1181	31	86.11111111111111
1182	31	86.11111111111111
1183	31	86.11111111111111
1184	31	86.11111111111111
1185	31	86.11111111111111
1186	31	86.11111111111111
1187	31	86.11111111111111
1188	31	86.11111111111111
1189	31	86.11111111111111
1190	31	86.11111111111111
1191	31	86.11111111111111
1192	31	86.11111111111111
1193	31	86.11111111111111
1194	31	86.11111111111111
1195	31	86.11111111111111
1196	31	86.11111111111111
1197	31	86.11111111111111
1198	31	86.11111111111111
1199	31	86.11111111111111
1200	31	86.11111111111111
1201	31	86.11111111111111
1202	31	86.11111111111111
1203	31	86.11111111111111
1204	31	86.11111111111111
1205	31	86.11111111111111
1206	31	86.11111111111111
1207	31	86.11111111111111
1208	31	86.11111111111111
1209	31	86.11111111111111
1210	31	86.11111111111111
1211	31	86.11111111111111
1212	31	86.11111111111111
1213	31	86.11111111111111
1214	31	86.11111111111111
1215	31	86.11111111111111
1216	31	86.11111111111111
1217	31	86.11111111111111
1218	31	86.11111111111111
1219	31	86.11111111111111
1220	31	86.11111111111111
1221	31	86.11111111111111
1222	31	86.11111111111111
1223	31	86.11111111111111
1224	31	86.11111111111111
1225	31	86.11111111111111
1226	31	86.11111111111111
1227	31	86.11111111111111
1228	31	86.11111111111111
1229	31	86.11111111111111
1230	31	86.11111111111111
1231	31	86.11111111111111
1232	31	86.11111111111111
1233	31	86.11111111111111
1234	31	86.11111111111111
1235	31	86.11111111111111
1236	31	86.11111111111111
1237	31	86.11111111111111
1238	31	86.11111111111111
1239	31	86.11111111111111
1240	31	86.11111111111111
1241	31	86.11111111111111
1242	31	86.11111111111111
1243	31	86.11111111111111
1244	31	86.11111111111111
1245	31	86.11111111111111
1246	31	86.11111111111111
1247	31	86.11111111111111
1248	31	86.11111111111111
1249	31	86.11111111111111
1250	31	86.11111111111111
1251	31	86.11111111111111
1252	31	86.11111111111111
1253	31	86.11111111111111
1254	31	86.11111111111111
1255	31	86.11111111111111
1256	31	86.11111111111111
1257	31	86.11111111111111
1258	31	86.11111111111111
1259	31	86.11111111111111
1260	31	86.11111111111111
1261	31	86.11111111111111
1262	31	86.11111111111111
1263	31	86.11111111111111
1264	31	86.11111111111111
1265	31	86.11111111111111
1266	31	86.11111111111111
1267	31	86.11111111111111
1268	31	86.11111111111111
1269	31	86.11111111111111
1270	31	86.11111111111111
1271	31	86.11111111111111
1272	31	86.11111111111111
1273	31	86.11111111111111
1274	31	86.11111111111111
1275	31	86.11111111111111
1276	31	86.11111111111111
1277	31	86.11111111111111
1278	31	86.11111111111111
1279	31	86.11111111111111
1280	31	86.11111111111111
1281	31	86.11111111111111
1282	31	86.11111111111111
1283	31	86.11111111111111
1284	31	86.11111111111111
1285	31	86.11111111111111
1286	31	86.11111111111111
1287	31	86.11111111111111
1288	31	86.11111111111111
1289	31	86.11111111111111
1290	31	86.11111111111111
1291	31	86.11111111111111
1292	31	86.11111111111111
1293	31	86.11111111111111
1294	31	86.11111111111111
1295	31	86.11111111111111
1296	31	86.11111111111111
1297	31	86.11111111111111
1298	31	86.11111111111111
1299	31	86.11111111111111
1300	31	86.11111111111111
1301	31	86.11111111111111
1302	31	86.11111111111111
1303	31	86.11111111111111
1304	31	86.11111111111111
1305	31	86.11111111111111
1306	31	86.11111111111111
1307	31	86.11111111111111
1308	31	86.11111111111111
1309	31	86.11111111111111
1310	31	86.11111111111111
1311	31	86.11111111111111
1312	31	86.11111111111111
1313	31	86.11111111111111
1314	31	86.11111111111111
1315	31	86.11111111111111
1316	31	86.11111111111111
1317	31	86.11111111111111
1318	31	86.11111111111111
1319	31	86.11111111111111
1320	31	86.11111111111111
1321	31	86.11111111111111
1322	31	86.11111111111111
1323	31	86.11111111111111
1324	31	86.11111111111111
1325	31	86.11111111111111
1326	31	86.11111111111111
1327	31	86.11111111111111
1328	31	86.11111111111111
1329	31	86.11111111111111
1330	31	86.11111111111111
1331	31	86.11111111111111
1332	31	86.11111111111111
1333	31	86.11111111111111
1334	31	86.11111111111111
1335	31	86.11111111111111
1336	31	86.11111111111111
1337	31	86.11111111111111
1338	31	86.11111111111111
1339	31	86.11111111111111
1340	31	86.11111111111111
1341	31	86.11111111111111
1342	31	86.11111111111111
1343	31	86.11111111111111
1344	31	86.11111111111111
1345	31	86.11111111111111
1346	31	86.11111111111111
1347	31	86.11111111111111
1348	31	86.11111111111111
1349	31	86.11111111111111
1350	31	86.11111111111111
1351	31	86.11111111111111
1352	31	86.11111111111111
1353	31	86.11111111111111
1354	31	86.11111111111111
1355	31	86.11111111111111
1356	31	86.11111111111111
1357	31	86.11111111111111
1358	31	86.11111111111111
1359	31	86.11111111111111
1360	31	86.11111111111111
1361	31	86.11111111111111
1362	31	86.11111111111111
1363	31	86.11111111111111
1364	31	86.11111111111111
1365	31	86.11111111111111
1366	31	86.11111111111111
1367	31	86.11111111111111
1368	31	86.11111111111111
1369	31	86.11111111111111
1370	31	86.11111111111111
1371	31	86.11111111111111
1372	31	86.11111111111111
1373	31	86.11111111111111
1374	31	86.11111111111111
1375	31	86.11111111111111
1376	31	86.11111111111111
1377	31	86.11111111111111
1378	31	86.11111111111111
1379	31	86.11111111111111
1380	31	86.11111111111111
1381	31	86.11111111111111
1382	31	86.11111111111111
1383	31	86.11111111111111
1384	31	86.11111111111111
1385	31	86.11111111111111
1386	31	86.11111111111111
1387	31	86.11111111111111
1388	31	86.11111111111111
1389	31	86.11111111111111
1390	31	86.11111111111111
1391	31	86.11111111111111
1392	31	86.11111111111111
1393	31	86.11111111111111
1394	31	86.11111111111111
1395	31	86.11111111111111
1396	31	86.11111111111111
1397	31	86.11111111111111
1398	31	86.11111111111111
1399	31	86.11111111111111
1400	31	86.11111111111111
1401	31	86.11111111111111
1402	31	86.11111111111111
1403	31	86.11111111111111
1404	31	86.11111111111111
1405	31	86.11111111111111
1406	31	86.11111111111111
1407	31	86.11111111111111
1408	31	86.11111111111111
1409	31	86.11111111111111
1410	31	86.11111111111111
1411	31	86.11111111111111
1412	31	86.11111111111111
1413	31	86.11111111111111
1414	31	86.11111111111111
1415	31	86.11111111111111
1416	31	86.11111111111111
1417	31	86.11111111111111
1418	31	86.11111111111111
1419	31	86.11111111111111
1420	31	86.11111111111111
1421	31	86.11111111111111
1422	31	86.11111111111111
1423	31	86.11111111111111
1424	31	86.11111111111111
1425	31	86.11111111111111
1426	31	86.11111111111111
1427	31	86.11111111111111
1428	31	86.11111111111111
1429	31	86.11111111111111
1430	31	86.11111111111111
1431	31	86.11111111111111
1432	31	86.11111111111111
1433	31	86.11111111111111
1434	31	86.11111111111111
1435	31	86.11111111111111
1436	31	86.11111111111111
1437	31	86.11111111111111
1438	31	86.11111111111111
1439	31	86.11111111111111
1440	31	86.11111111111111
1441	31	86.11111111111111
1442	31	86.11111111111111
1443	31	86.11111111111111
1444	31	86.11111111111111
1445	31	86.11111111111111
1446	31	86.11111111111111
1447	31	86.11111111111111
1448	31	86.11111111111111
1449	31	86.11111111111111
1450	31	86.11111111111111
1451	31	86.11111111111111
1452	31	86.11111111111111
1453	31	86.11111111111111
1454	31	86.11111111111111
1455	31	86.11111111111111
1456	31	86.11111111111111
1457	31	86.11111111111111
1458	31	86.11111111111111
1459	31	86.11111111111111
1460	31	86.11111111111111
1461	31	86.11111111111111
1462	31	86.11111111111111
1463	31	86.11111111111111
1464	31	86.11111111111111
1465	31	86.11111111111111
1466	31	86.11111111111111
1467	31	86.11111111111111
1468	31	86.11111111111111
1469	31	86.11111111111111
1470	31	86.11111111111111
1471	31	86.11111111111111
1472	31	86.11111111111111
1473	31	86.11111111111111
1474	31	86.11111111111111
1475	31	86.11111111111111
1476	31	86.11111111111111
1477	31	86.11111111111111
1478	31	86.11111111111111
1479	31	86.11111111111111
1480	31	86.11111111111111
1481	31	86.11111111111111
1482	31	86.11111111111111
1483	31	86.11111111111111
1484	31	86.11111111111111
1485	31	86.11111111111111
1486	31	86.11111111111111
1487	31	86.11111111111111
1488	31	86.11111111111111
1489	31	86.11111111111111
1490	31	86.11111111111111
1491	31	86.11111111111111
1492	31	86.11111111111111
1493	31	86.11111111111111
1494	31	86.11111111111111
1495	31	86.11111111111111
1496	31	86.11111111111111
1497	31	86.11111111111111
1498	31	86.11111111111111
1499	31	86.11111111111111
1500	31	86.11111111111111
1501	31	86.11111111111111
1502	31	86.11111111111111
1503	31	86.11111111111111
1504	31	86.11111111111111
1505	31	86.11111111111111
1506	31	86.11111111111111
1507	31	86.11111111111111
1508	31	86.11111111111111
1509	31	86.11111111111111
1510	31	86.11111111111111
1511	31	86.11111111111111
1512	31	86.11111111111111
1513	31	86.11111111111111
1514	31	86.11111111111111
1515	31	86.11111111111111
1516	31	86.11111111111111
1517	31	86.11111111111111
1518	31	86.11111111111111
1519	31	86.11111111111111
1520	31	86.11111111111111
1521	31	86.11111111111111
1522	31	86.11111111111111
1523	31	86.11111111111111
1524	31	86.11111111111111
1525	31	86.11111111111111
1526	31	86.11111111111111
1527	31	86.11111111111111
1528	31	86.11111111111111
1529	31	86.11111111111111
1530	31	86.11111111111111
1531	31	86.11111111111111
1532	31	86.11111111111111
1533	31	86.11111111111111
1534	31	86.11111111111111
1535	31	86.11111111111111
1536	31	86.11111111111111
1537	31	86.11111111111111
1538	31	86.11111111111111
1539	31	86.11111111111111
1540	31	86.11111111111111
1541	31	86.11111111111111
1542	31	86.11111111111111
1543	31	86.11111111111111
1544	31	86.11111111111111
1545	31	86.11111111111111
1546	31	86.11111111111111
1547	31	86.11111111111111
1548	31	86.11111111111111
1549	31	86.11111111111111
1550	31	86.11111111111111
1551	31	86.11111111111111
1552	31	86.11111111111111
1553	31	86.11111111111111
1554	31	86.11111111111111
1555	31	86.11111111111111
1556	31	86.11111111111111
1557	31	86.11111111111111
1558	31	86.11111111111111
1559	31	86.11111111111111
1560	31	86.11111111111111
1561	31	86.11111111111111
1562	31	86.11111111111111
1563	31	86.11111111111111
1564	31	86.11111111111111
1565	31	86.11111111111111
1566	31	86.11111111111111
1567	31	86.11111111111111
1568	31	86.11111111111111
1569	31	86.11111111111111
1570	31	86.11111111111111
1571	31	86.11111111111111
1572	31	86.11111111111111
1573	31	86.11111111111111
1574	31	86.11111111111111
1575	31	86.11111111111111
1576	31	86.11111111111111
1577	31	86.11111111111111
1578	31	86.11111111111111
1579	31	86.11111111111111
1580	31	86.11111111111111
1581	31	86.11111111111111
1582	31	86.11111111111111
1583	31	86.11111111111111
1584	31	86.11111111111111
1585	31	86.11111111111111
1586	31	86.11111111111111
1587	31	86.11111111111111
1588	31	86.11111111111111
1589	31	86.11111111111111
1590	31	86.11111111111111
1591	31	86.11111111111111
1592	31	86.11111111111111
1593	31	86.11111111111111
1594	31	86.11111111111111
1595	31	86.11111111111111
1596	31	86.11111111111111
1597	31	86.11111111111111
1598	31	86.11111111111111
1599	31	86.11111111111111
1600	31	86.11111111111111
1601	31	86.11111111111111
1602	31	86.11111111111111
1603	31	86.11111111111111
1604	31	86.11111111111111
1605	31	86.11111111111111
1606	31	86.11111111111111
1607	31	86.11111111111111
1608	31	86.11111111111111
1609	31	86.11111111111111
1610	31	86.11111111111111
1611	31	86.11111111111111
1612	31	86.11111111111111
1613	31	86.11111111111111
1614	31	86.11111111111111
1615	31	86.11111111111111
1616	31	86.11111111111111
1617	31	86.11111111111111
1618	31	86.11111111111111
1619	31	86.11111111111111
1620	31	86.11111111111111
1621	31	86.11111111111111
1622	31	86.11111111111111
1623	31	86.11111111111111
1624	31	86.11111111111111
1625	31	86.11111111111111
1626	31	86.11111111111111
1627	31	86.11111111111111
1628	31	86.11111111111111
1629	31	86.11111111111111
1630	31	86.11111111111111
1631	31	86.11111111111111
1632	31	86.11111111111111
1633	31	86.11111111111111
1634	31	86.11111111111111
1635	31	86.11111111111111
1636	31	86.11111111111111
1637	31	86.11111111111111
1638	31	86.11111111111111
1639	31	86.11111111111111
1640	31	86.11111111111111
1641	31	86.11111111111111
1642	31	86.11111111111111
1643	31	86.11111111111111
1644	31	86.11111111111111
1645	31	86.11111111111111
1646	31	86.11111111111111
1647	31	86.11111111111111
1648	31	86.11111111111111
1649	31	86.11111111111111
1650	31	86.11111111111111
1651	31	86.11111111111111
1652	31	86.11111111111111
1653	31	86.11111111111111
1654	31	86.11111111111111
1655	31	86.11111111111111
1656	31	86.11111111111111
1657	31	86.11111111111111
1658	31	86.11111111111111
1659	31	86.11111111111111
1660	31	86.11111111111111
1661	31	86.11111111111111
1662	31	86.11111111111111
1663	31	86.11111111111111
1664	31	86.11111111111111
1665	31	86.11111111111111
1666	31	86.11111111111111
1667	31	86.11111111111111
1668	31	86.11111111111111
1669	31	86.11111111111111
1670	31	86.11111111111111
1671	31	86.11111111111111
1672	31	86.11111111111111
1673	31	86.11111111111111
1674	31	86.11111111111111
1675	31	86.11111111111111
1676	31	86.11111111111111
1677	31	86.11111111111111
1678	31	86.11111111111111
1679	31	86.11111111111111
1680	31	86.11111111111111
1681	31	86.11111111111111
1682	31	86.11111111111111
1683	31	86.11111111111111
1684	31	86.11111111111111
1685	31	86.11111111111111
1686	31	86.11111111111111
1687	31	86.11111111111111
1688	31	86.11111111111111
1689	31	86.11111111111111
1690	31	86.11111111111111
1691	31	86.11111111111111
1692	31	86.11111111111111
1693	31	86.11111111111111
1694	31	86.11111111111111
1695	31	86.11111111111111
1696	31	86.11111111111111
1697	31	86.11111111111111
1698	31	86.11111111111111
1699	31	86.11111111111111
1700	31	86.11111111111111
1701	31	86.11111111111111
1702	31	86.11111111111111
1703	31	86.11111111111111
1704	31	86.11111111111111
1705	31	86.11111111111111
1706	31	86.11111111111111
1707	31	86.11111111111111
1708	31	86.11111111111111
1709	31	86.11111111111111
1710	31	86.11111111111111
1711	31	86.11111111111111
1712	31	86.11111111111111
1713	31	86.11111111111111
1714	31	86.11111111111111
1715	31	86.11111111111111
1716	31	86.11111111111111
1717	31	86.11111111111111
1718	31	86.11111111111111
1719	31	86.11111111111111
1720	31	86.11111111111111
1721	31	86.11111111111111
1722	31	86.11111111111111
1723	31	86.11111111111111
1724	31	86.11111111111111
1725	31	86.11111111111111
1726	31	86.11111111111111
1727	31	86.11111111111111
1728	31	86.11111111111111
1729	31	86.11111111111111
1730	31	86.11111111111111
1731	31	86.11111111111111
1732	31	86.11111111111111
1733	31	86.11111111111111
1734	31	86.11111111111111
1735	31	86.11111111111111
1736	31	86.11111111111111
1737	31	86.11111111111111
1738	31	86.11111111111111
1739	31	86.11111111111111
1740	31	86.11111111111111
1741	31	86.11111111111111
1742	31	86.11111111111111
1743	31	86.11111111111111
1744	31	86.11111111111111
1745	31	86.11111111111111
1746	31	86.11111111111111
1747	31	86.11111111111111
1748	31	86.11111111111111
1749	31	86.11111111111111
1750	31	86.11111111111111
1751	31	86.11111111111111
1752	31	86.11111111111111
1753	31	86.11111111111111
1754	31	86.11111111111111
1755	31	86.11111111111111
1756	31	86.11111111111111
1757	31	86.11111111111111
1758	31	86.11111111111111
1759	31	86.11111111111111
1760	31	86.11111111111111
1761	31	86.11111111111111
1762	31	86.11111111111111
1763	31	86.11111111111111
1764	31	86.11111111111111
1765	31	86.11111111111111
1766	31	86.11111111111111
1767	31	86.11111111111111
1768	31	86.11111111111111
1769	31	86.11111111111111
1770	31	86.11111111111111
1771	31	86.11111111111111
1772	31	86.11111111111111
1773	31	86.11111111111111
1774	31	86.11111111111111
1775	31	86.11111111111111
1776	31	86.11111111111111
1777	31	86.11111111111111
1778	31	86.11111111111111
1779	31	86.11111111111111
1780	31	86.11111111111111
1781	31	86.11111111111111
1782	31	86.11111111111111
1783	31	86.11111111111111
1784	31	86.11111111111111
1785	31	86.11111111111111
1786	31	86.11111111111111
1787	31	86.11111111111111
1788	31	86.11111111111111
1789	31	86.11111111111111
1790	31	86.11111111111111
1791	31	86.11111111111111
1792	31	86.11111111111111
1793	31	86.11111111111111
1794	31	86.11111111111111
1795	31	86.11111111111111
1796	31	86.11111111111111
1797	31	86.11111111111111
1798	31	86.11111111111111
1799	31	86.11111111111111
1800	31	86.11111111111111
1801	31	86.11111111111111
1802	31	86.11111111111111
1803	31	86.11111111111111
1804	31	86.11111111111111
1805	31	86.11111111111111
1806	31	86.11111111111111
1807	31	86.11111111111111
1808	31	86.11111111111111
1809	31	86.11111111111111
1810	31	86.11111111111111
1811	31	86.11111111111111
1812	30	83.33333333333333
1813	30	83.33333333333333
1814	30	83.33333333333333
1815	30	83.33333333333333
1816	30	83.33333333333333
1817	30	83.33333333333333
1818	30	83.33333333333333
1819	30	83.33333333333333
1820	30	83.33333333333333
1821	30	83.33333333333333
1822	30	83.33333333333333
1823	30	83.33333333333333
1824	30	83.33333333333333
1825	30	83.33333333333333
1826	30	83.33333333333333
1827	30	83.33333333333333
1828	30	83.33333333333333
1829	30	83.33333333333333
1830	30	83.33333333333333
1831	30	83.33333333333333
1832	30	83.33333333333333
1833	30	83.33333333333333
1834	30	83.33333333333333
1835	30	83.33333333333333
1836	30	83.33333333333333
1837	30	83.33333333333333
1838	30	83.33333333333333
1839	30	83.33333333333333
1840	30	83.33333333333333
1841	30	83.33333333333333
1842	30	83.33333333333333
1843	30	83.33333333333333
1844	30	83.33333333333333
1845	30	83.33333333333333
1846	30	83.33333333333333
1847	30	83.33333333333333
1848	30	83.33333333333333
1849	30	83.33333333333333
1850	30	83.33333333333333
1851	30	83.33333333333333
1852	30	83.33333333333333
1853	30	83.33333333333333
1854	30	83.33333333333333
1855	30	83.33333333333333
1856	30	83.33333333333333
1857	30	83.33333333333333
1858	30	83.33333333333333
1859	30	83.33333333333333
1860	30	83.33333333333333
1861	30	83.33333333333333
1862	30	83.33333333333333
1863	30	83.33333333333333
1864	30	83.33333333333333
1865	30	83.33333333333333
1866	30	83.33333333333333
1867	30	83.33333333333333
1868	30	83.33333333333333
1869	30	83.33333333333333
1870	30	83.33333333333333
1871	30	83.33333333333333
1872	30	83.33333333333333
1873	30	83.33333333333333
1874	30	83.33333333333333
1875	30	83.33333333333333
1876	30	83.33333333333333
1877	30	83.33333333333333
1878	30	83.33333333333333
1879	30	83.33333333333333
1880	30	83.33333333333333
1881	30	83.33333333333333
1882	30	83.33333333333333
1883	30	83.33333333333333
1884	30	83.33333333333333
1885	30	83.33333333333333
1886	30	83.33333333333333
1887	30	83.33333333333333
1888	30	83.33333333333333
1889	30	83.33333333333333
1890	30	83.33333333333333
1891	30	83.33333333333333
1892	30	83.33333333333333
1893	30	83.33333333333333
1894	30	83.33333333333333
1895	30	83.33333333333333
1896	30	83.33333333333333
1897	30	83.33333333333333
1898	30	83.33333333333333
1899	30	83.33333333333333
1900	30	83.33333333333333
1901	30	83.33333333333333
1902	30	83.33333333333333
1903	30	83.33333333333333
1904	30	83.33333333333333
1905	30	83.33333333333333
1906	30	83.33333333333333
1907	30	83.33333333333333
1908	30	83.33333333333333
1909	30	83.33333333333333
1910	30	83.33333333333333
1911	30	83.33333333333333
1912	30	83.33333333333333
1913	30	83.33333333333333
1914	30	83.33333333333333
1915	30	83.33333333333333
1916	30	83.33333333333333
1917	30	83.33333333333333
1918	30	83.33333333333333
1919	30	83.33333333333333
1920	30	83.33333333333333
1921	30	83.33333333333333
1922	30	83.33333333333333
1923	30	83.33333333333333
1924	30	83.33333333333333
1925	30	83.33333333333333
1926	30	83.33333333333333
1927	30	83.33333333333333
1928	30	83.33333333333333
1929	30	83.33333333333333
1930	30	83.33333333333333
1931	30	83.33333333333333
1932	30	83.33333333333333
1933	30	83.33333333333333
1934	30	83.33333333333333
1935	30	83.33333333333333
1936	30	83.33333333333333
1937	30	83.33333333333333
1938	30	83.33333333333333
1939	30	83.33333333333333
1940	30	83.33333333333333
1941	30	83.33333333333333
1942	30	83.33333333333333
1943	30	83.33333333333333
1944	30	83.33333333333333
1945	30	83.33333333333333
1946	30	83.33333333333333
1947	30	83.33333333333333
1948	30	83.33333333333333
1949	30	83.33333333333333
1950	30	83.33333333333333
1951	30	83.33333333333333
1952	30	83.33333333333333
1953	30	83.33333333333333
1954	30	83.33333333333333
1955	30	83.33333333333333
1956	30	83.33333333333333
1957	30	83.33333333333333
1958	30	83.33333333333333
1959	30	83.33333333333333
1960	30	83.33333333333333
1961	30	83.33333333333333
1962	30	83.33333333333333
1963	30	83.33333333333333
1964	30	83.33333333333333
1965	30	83.33333333333333
1966	30	83.33333333333333
1967	30	83.33333333333333
1968	30	83.33333333333333
1969	30	83.33333333333333
1970	30	83.33333333333333
1971	30	83.33333333333333
1972	30	83.33333333333333
1973	29	80.55555555555556
1974	28	77.77777777777777
1975	28	77.77777777777777
1976	28	77.77777777777777
1977	28	77.77777777777777
1978	28	77.77777777777777
1979	28	77.77777777777777
1980	28	77.77777777777777
1981	28	77.77777777777777
1982	28	77.77777777777777
1983	28	77.77777777777777
1984	28	77.77777777777777
1985	28	77.77777777777777
1986	28	77.77777777777777
1987	28	77.77777777777777
1988	28	77.77777777777777
1989	29	80.55555555555556
1990	29	80.55555555555556
1991	29	80.55555555555556
1992	29	80.55555555555556
1993	29	80.55555555555556
1994	29	80.55555555555556
1995	29	80.55555555555556
1996	29	80.55555555555556
1997	29	80.55555555555556
1998	29	80.55555555555556
1999	29	80.55555555555556
2000	29	80.55555555555556
2001	29	80.55555555555556
2002	29	80.55555555555556
2003	29	80.55555555555556
2004	29	80.55555555555556
2005	29	80.55555555555556
2006	29	80.55555555555556
2007	29	80.55555555555556
2008	29	80.55555555555556
2009	29	80.55555555555556
2010	29	80.55555555555556
2011	29	80.55555555555556
2012	29	80.55555555555556
2013	29	80.55555555555556
2014	30	83.33333333333333
2015	30	83.33333333333333
2016	30	83.33333333333333
2017	30	83.33333333333333
2018	30	83.33333333333333
2019	30	83.33333333333333
2020	30	83.33333333333333
2021	30	83.33333333333333
2022	30	83.33333333333333
2023	30	83.33333333333333
2024	30	83.33333333333333
2025	30	83.33333333333333
2026	30	83.33333333333333
2027	30	83.33333333333333
2028	30	83.33333333333333
2029	30	83.33333333333333
2030	30	83.33333333333333
2031	30	83.33333333333333
2032	30	83.33333333333333
2033	30	83.33333333333333
2034	30	83.33333333333333
2035	30	83.33333333333333
2036	30	83.33333333333333
2037	30	83.33333333333333
2038	30	83.33333333333333
2039	30	83.33333333333333
2040	30	83.33333333333333
2041	30	83.33333333333333
2042	30	83.33333333333333
2043	30	83.33333333333333
2044	30	83.33333333333333
2045	30	83.33333333333333
2046	30	83.33333333333333
2047	30	83.33333333333333
2048	30	83.33333333333333
2049	30	83.33333333333333
2050	30	83.33333333333333
2051	30	83.33333333333333
2052	30	83.33333333333333
2053	30	83.33333333333333
2054	30	83.33333333333333
2055	30	83.33333333333333
2056	30	83.33333333333333
2057	30	83.33333333333333
2058	30	83.33333333333333
2059	30	83.33333333333333
2060	30	83.33333333333333
2061	30	83.33333333333333
2062	30	83.33333333333333
2063	30	83.33333333333333
2064	31	86.11111111111111
2065	31	86.11111111111111
2066	31	86.11111111111111
2067	31	86.11111111111111
2068	31	86.11111111111111
2069	31	86.11111111111111
2070	31	86.11111111111111
2071	31	86.11111111111111
2072	31	86.11111111111111
2073	31	86.11111111111111
2074	31	86.11111111111111
2075	31	86.11111111111111
2076	31	86.11111111111111
2077	31	86.11111111111111
2078	31	86.11111111111111
2079	31	86.11111111111111
2080	31	86.11111111111111
2081	31	86.11111111111111
2082	31	86.11111111111111
2083	31	86.11111111111111
2084	31	86.11111111111111
2085	31	86.11111111111111
2086	31	86.11111111111111
2087	31	86.11111111111111
2088	31	86.11111111111111
2089	31	86.11111111111111
2090	31	86.11111111111111
2091	31	86.11111111111111
2092	31	86.11111111111111
2093	31	86.11111111111111
2094	31	86.11111111111111
2095	31	86.11111111111111
2096	31	86.11111111111111
2097	31	86.11111111111111
2098	31	86.11111111111111
2099	31	86.11111111111111
2100	31	86.11111111111111
2101	31	86.11111111111111
2102	31	86.11111111111111
2103	31	86.11111111111111
2104	31	86.11111111111111
2105	31	86.11111111111111
2106	31	86.11111111111111
2107	31	86.11111111111111
2108	31	86.11111111111111
2109	31	86.11111111111111
2110	31	86.11111111111111
2111	31	86.11111111111111
2112	31	86.11111111111111
2113	31	86.11111111111111
2114	31	86.11111111111111
2115	31	86.11111111111111
2116	31	86.11111111111111
2117	31	86.11111111111111
2118	31	86.11111111111111
2119	31	86.11111111111111
2120	31	86.11111111111111
2121	31	86.11111111111111
2122	31	86.11111111111111
2123	31	86.11111111111111
2124	31	86.11111111111111
2125	31	86.11111111111111
2126	31	86.11111111111111
2127	31	86.11111111111111
2128	31	86.11111111111111
2129	31	86.11111111111111
2130	31	86.11111111111111
2131	31	86.11111111111111
2132	31	86.11111111111111
2133	31	86.11111111111111
2134	31	86.11111111111111
2135	31	86.11111111111111
2136	31	86.11111111111111
2137	31	86.11111111111111
2138	31	86.11111111111111
2139	31	86.11111111111111
2140	31	86.11111111111111
2141	31	86.11111111111111
2142	31	86.11111111111111
2143	31	86.11111111111111
2144	31	86.11111111111111
2145	31	86.11111111111111
2146	31	86.11111111111111
2147	31	86.11111111111111
2148	31	86.11111111111111
2149	31	86.11111111111111
2150	31	86.11111111111111
2151	31	86.11111111111111
2152	31	86.11111111111111
2153	31	86.11111111111111
2154	31	86.11111111111111
2155	31	86.11111111111111
2156	31	86.11111111111111
2157	31	86.11111111111111
2158	31	86.11111111111111
2159	31	86.11111111111111
2160	31	86.11111111111111
2161	31	86.11111111111111
2162	31	86.11111111111111
2163	31	86.11111111111111
2164	31	86.11111111111111
2165	31	86.11111111111111
2166	31	86.11111111111111
2167	31	86.11111111111111
2168	31	86.11111111111111
2169	31	86.11111111111111
2170	31	86.11111111111111
2171	31	86.11111111111111
2172	31	86.11111111111111
2173	31	86.11111111111111
2174	31	86.11111111111111
2175	31	86.11111111111111
2176	31	86.11111111111111
2177	31	86.11111111111111
2178	31	86.11111111111111
2179	31	86.11111111111111
2180	31	86.11111111111111
2181	31	86.11111111111111
2182	31	86.11111111111111
2183	31	86.11111111111111
2184	31	86.11111111111111
2185	31	86.11111111111111
2186	31	86.11111111111111
2187	31	86.11111111111111
2188	31	86.11111111111111
2189	31	86.11111111111111
2190	31	86.11111111111111
2191	31	86.11111111111111
2192	31	86.11111111111111
2193	31	86.11111111111111
2194	31	86.11111111111111
2195	31	86.11111111111111
2196	31	86.11111111111111
2197	31	86.11111111111111
2198	31	86.11111111111111
2199	31	86.11111111111111
2200	31	86.11111111111111
2201	31	86.11111111111111
2202	31	86.11111111111111
2203	31	86.11111111111111
2204	31	86.11111111111111
2205	31	86.11111111111111
2206	31	86.11111111111111
2207	31	86.11111111111111
2208	31	86.11111111111111
2209	31	86.11111111111111
2210	31	86.11111111111111
2211	31	86.11111111111111
2212	31	86.11111111111111
2213	31	86.11111111111111
2214	31	86.11111111111111
2215	31	86.11111111111111
2216	31	86.11111111111111
2217	31	86.11111111111111
2218	31	86.11111111111111
2219	31	86.11111111111111
2220	31	86.11111111111111
2221	31	86.11111111111111
2222	31	86.11111111111111
2223	31	86.11111111111111
2224	31	86.11111111111111
2225	31	86.11111111111111
2226	31	86.11111111111111
2227	31	86.11111111111111
2228	31	86.11111111111111
2229	31	86.11111111111111
2230	31	86.11111111111111
2231	31	86.11111111111111
2232	31	86.11111111111111
2233	31	86.11111111111111
2234	31	86.11111111111111
2235	31	86.11111111111111
2236	31	86.11111111111111
2237	31	86.11111111111111
2238	31	86.11111111111111
2239	31	86.11111111111111
2240	31	86.11111111111111
2241	31	86.11111111111111
2242	31	86.11111111111111
2243	31	86.11111111111111
2244	31	86.11111111111111
2245	31	86.11111111111111
2246	31	86.11111111111111
2247	31	86.11111111111111
2248	31	86.11111111111111
2249	31	86.11111111111111
2250	31	86.11111111111111
2251	31	86.11111111111111
2252	31	86.11111111111111
2253	31	86.11111111111111
2254	31	86.11111111111111
2255	31	86.11111111111111
2256	31	86.11111111111111
2257	31	86.11111111111111
2258	31	86.11111111111111
2259	31	86.11111111111111
2260	31	86.11111111111111
2261	31	86.11111111111111
2262	31	86.11111111111111
2263	31	86.11111111111111
2264	31	86.11111111111111
2265	31	86.11111111111111
2266	31	86.11111111111111
2267	31	86.11111111111111
2268	31	86.11111111111111
2269	31	86.11111111111111
2270	31	86.11111111111111
2271	31	86.11111111111111
2272	31	86.11111111111111
2273	31	86.11111111111111
2274	31	86.11111111111111
2275	31	86.11111111111111
2276	31	86.11111111111111
2277	31	86.11111111111111
2278	31	86.11111111111111
2279	31	86.11111111111111
2280	31	86.11111111111111
2281	31	86.11111111111111
2282	31	86.11111111111111
2283	31	86.11111111111111
2284	31	86.11111111111111
2285	31	86.11111111111111
2286	31	86.11111111111111
2287	31	86.11111111111111
2288	31	86.11111111111111
2289	31	86.11111111111111
2290	31	86.11111111111111
2291	31	86.11111111111111
2292	31	86.11111111111111
2293	31	86.11111111111111
2294	31	86.11111111111111
2295	31	86.11111111111111
2296	31	86.11111111111111
2297	31	86.11111111111111
2298	31	86.11111111111111
2299	31	86.11111111111111
2300	31	86.11111111111111
2301	31	86.11111111111111
2302	31	86.11111111111111
2303	31	86.11111111111111
2304	31	86.11111111111111
2305	31	86.11111111111111
2306	31	86.11111111111111
2307	31	86.11111111111111
2308	31	86.11111111111111
2309	31	86.11111111111111
2310	31	86.11111111111111
2311	31	86.11111111111111
2312	31	86.11111111111111
2313	31	86.11111111111111
2314	31	86.11111111111111
2315	31	86.11111111111111
2316	31	86.11111111111111
2317	31	86.11111111111111
2318	31	86.11111111111111
2319	31	86.11111111111111
2320	31	86.11111111111111
2321	31	86.11111111111111
2322	31	86.11111111111111
2323	31	86.11111111111111
2324	31	86.11111111111111
2325	31	86.11111111111111
2326	31	86.11111111111111
2327	31	86.11111111111111
2328	31	86.11111111111111
2329	31	86.11111111111111
2330	31	86.11111111111111
2331	31	86.11111111111111
2332	31	86.11111111111111
2333	31	86.11111111111111
2334	31	86.11111111111111
2335	31	86.11111111111111
2336	31	86.11111111111111
2337	31	86.11111111111111
2338	31	86.11111111111111
2339	31	86.11111111111111
2340	31	86.11111111111111
2341	31	86.11111111111111
2342	31	86.11111111111111
2343	31	86.11111111111111
2344	31	86.11111111111111
2345	31	86.11111111111111
2346	31	86.11111111111111
2347	31	86.11111111111111
2348	31	86.11111111111111
2349	31	86.11111111111111
2350	31	86.11111111111111
2351	31	86.11111111111111
2352	31	86.11111111111111
2353	31	86.11111111111111
2354	31	86.11111111111111
2355	31	86.11111111111111
2356	31	86.11111111111111
2357	31	86.11111111111111
2358	31	86.11111111111111
2359	31	86.11111111111111
2360	31	86.11111111111111
2361	31	86.11111111111111
2362	31	86.11111111111111
2363	31	86.11111111111111
2364	31	86.11111111111111
2365	31	86.11111111111111
2366	31	86.11111111111111
2367	31	86.11111111111111
2368	31	86.11111111111111
2369	31	86.11111111111111
2370	31	86.11111111111111
2371	31	86.11111111111111
2372	31	86.11111111111111
2373	31	86.11111111111111
2374	31	86.11111111111111
2375	31	86.11111111111111
2376	31	86.11111111111111
2377	31	86.11111111111111
2378	31	86.11111111111111
2379	31	86.11111111111111
2380	31	86.11111111111111
2381	31	86.11111111111111
2382	31	86.11111111111111
2383	31	86.11111111111111
2384	31	86.11111111111111
2385	31	86.11111111111111
2386	31	86.11111111111111
2387	31	86.11111111111111
2388	31	86.11111111111111
2389	31	86.11111111111111
2390	31	86.11111111111111
2391	31	86.11111111111111
2392	31	86.11111111111111
2393	31	86.11111111111111
2394	31	86.11111111111111
2395	31	86.11111111111111
2396	31	86.11111111111111
2397	31	86.11111111111111
2398	31	86.11111111111111
2399	31	86.11111111111111
2400	31	86.11111111111111
2401	31	86.11111111111111
2402	31	86.11111111111111
2403	31	86.11111111111111
2404	31	86.11111111111111
2405	31	86.11111111111111
2406	31	86.11111111111111
2407	31	86.11111111111111
2408	31	86.11111111111111
2409	31	86.11111111111111
2410	31	86.11111111111111
2411	31	86.11111111111111
2412	31	86.11111111111111
2413	31	86.11111111111111
2414	31	86.11111111111111
2415	31	86.11111111111111
2416	31	86.11111111111111
2417	31	86.11111111111111
2418	31	86.11111111111111
2419	31	86.11111111111111
2420	31	86.11111111111111
2421	31	86.11111111111111
2422	31	86.11111111111111
2423	31	86.11111111111111
2424	31	86.11111111111111
2425	31	86.11111111111111
2426	31	86.11111111111111
2427	31	86.11111111111111
2428	31	86.11111111111111
2429	31	86.11111111111111
2430	31	86.11111111111111
2431	31	86.11111111111111
2432	31	86.11111111111111
2433	31	86.11111111111111
2434	31	86.11111111111111
2435	31	86.11111111111111
2436	31	86.11111111111111
2437	31	86.11111111111111
2438	31	86.11111111111111
2439	31	86.11111111111111
2440	31	86.11111111111111
2441	31	86.11111111111111
2442	31	86.11111111111111
2443	31	86.11111111111111
2444	31	86.11111111111111
2445	31	86.11111111111111
2446	31	86.11111111111111
2447	31	86.11111111111111
2448	31	86.11111111111111
2449	31	86.11111111111111
2450	31	86.11111111111111
2451	31	86.11111111111111
2452	31	86.11111111111111
2453	31	86.11111111111111
2454	31	86.11111111111111
2455	31	86.11111111111111
2456	31	86.11111111111111
2457	31	86.11111111111111
2458	31	86.11111111111111
2459	31	86.11111111111111
2460	31	86.11111111111111
2461	31	86.11111111111111
2462	31	86.11111111111111
2463	31	86.11111111111111
2464	31	86.11111111111111
2465	31	86.11111111111111
2466	31	86.11111111111111
2467	31	86.11111111111111
2468	31	86.11111111111111
2469	31	86.11111111111111
2470	31	86.11111111111111
2471	31	86.11111111111111
2472	31	86.11111111111111
2473	31	86.11111111111111
2474	31	86.11111111111111
2475	31	86.11111111111111
2476	31	86.11111111111111
2477	31	86.11111111111111
2478	31	86.11111111111111
2479	31	86.11111111111111
2480	31	86.11111111111111
2481	31	86.11111111111111
2482	31	86.11111111111111
2483	31	86.11111111111111
2484	31	86.11111111111111
2485	31	86.11111111111111
2486	31	86.11111111111111
2487	31	86.11111111111111
2488	31	86.11111111111111
2489	31	86.11111111111111
2490	31	86.11111111111111
2491	31	86.11111111111111
2492	31	86.11111111111111
2493	31	86.11111111111111
2494	31	86.11111111111111
2495	31	86.11111111111111
2496	31	86.11111111111111
2497	31	86.11111111111111
2498	31	86.11111111111111
2499	31	86.11111111111111
2500	31	86.11111111111111
2501	31	86.11111111111111
2502	31	86.11111111111111
2503	31	86.11111111111111
2504	31	86.11111111111111
2505	31	86.11111111111111
2506	31	86.11111111111111
2507	31	86.11111111111111
2508	31	86.11111111111111
2509	31	86.11111111111111
2510	31	86.11111111111111
2511	31	86.11111111111111
2512	31	86.11111111111111
2513	31	86.11111111111111
2514	31	86.11111111111111
2515	31	86.11111111111111
2516	31	86.11111111111111
2517	31	86.11111111111111
2518	31	86.11111111111111
2519	31	86.11111111111111
2520	31	86.11111111111111
2521	31	86.11111111111111
2522	31	86.11111111111111
2523	31	86.11111111111111
2524	31	86.11111111111111
2525	31	86.11111111111111
2526	31	86.11111111111111
2527	31	86.11111111111111
2528	31	86.11111111111111
2529	31	86.11111111111111
2530	31	86.11111111111111
2531	31	86.11111111111111
2532	31	86.11111111111111
2533	31	86.11111111111111
2534	31	86.11111111111111
2535	31	86.11111111111111
2536	31	86.11111111111111
2537	31	86.11111111111111
2538	31	86.11111111111111
2539	31	86.11111111111111
2540	31	86.11111111111111
2541	31	86.11111111111111
2542	31	86.11111111111111
2543	31	86.11111111111111
2544	31	86.11111111111111
2545	31	86.11111111111111
2546	31	86.11111111111111
2547	31	86.11111111111111
2548	31	86.11111111111111
2549	31	86.11111111111111
2550	31	86.11111111111111
2551	31	86.11111111111111
2552	31	86.11111111111111
2553	31	86.11111111111111
2554	31	86.11111111111111
2555	31	86.11111111111111
2556	31	86.11111111111111
2557	31	86.11111111111111
2558	31	86.11111111111111
2559	31	86.11111111111111
2560	31	86.11111111111111
2561	31	86.11111111111111
2562	31	86.11111111111111
2563	31	86.11111111111111
2564	31	86.11111111111111
2565	31	86.11111111111111
2566	31	86.11111111111111
2567	31	86.11111111111111
2568	31	86.11111111111111
2569	31	86.11111111111111
2570	31	86.11111111111111
2571	31	86.11111111111111
2572	31	86.11111111111111
2573	31	86.11111111111111
2574	31	86.11111111111111
2575	31	86.11111111111111
2576	31	86.11111111111111
2577	31	86.11111111111111
2578	31	86.11111111111111
2579	31	86.11111111111111
2580	31	86.11111111111111
2581	31	86.11111111111111
2582	31	86.11111111111111
2583	31	86.11111111111111
2584	31	86.11111111111111
2585	31	86.11111111111111
2586	31	86.11111111111111
2587	31	86.11111111111111
2588	31	86.11111111111111
2589	31	86.11111111111111
2590	31	86.11111111111111
2591	31	86.11111111111111
2592	31	86.11111111111111
2593	31	86.11111111111111
2594	31	86.11111111111111
2595	31	86.11111111111111
2596	31	86.11111111111111
2597	31	86.11111111111111
2598	31	86.11111111111111
2599	31	86.11111111111111
2600	31	86.11111111111111
2601	31	86.11111111111111
2602	31	86.11111111111111
2603	31	86.11111111111111
2604	31	86.11111111111111
2605	31	86.11111111111111
2606	31	86.11111111111111
2607	31	86.11111111111111
2608	31	86.11111111111111
2609	31	86.11111111111111
2610	31	86.11111111111111
2611	31	86.11111111111111
2612	31	86.11111111111111
2613	31	86.11111111111111
2614	31	86.11111111111111
2615	31	86.11111111111111
2616	31	86.11111111111111
2617	31	86.11111111111111
2618	31	86.11111111111111
2619	31	86.11111111111111
2620	31	86.11111111111111
2621	31	86.11111111111111
2622	31	86.11111111111111
2623	31	86.11111111111111
2624	31	86.11111111111111
2625	31	86.11111111111111
2626	31	86.11111111111111
2627	31	86.11111111111111
2628	31	86.11111111111111
2629	31	86.11111111111111
2630	31	86.11111111111111
2631	31	86.11111111111111
2632	31	86.11111111111111
2633	31	86.11111111111111
2634	31	86.11111111111111
2635	31	86.11111111111111
2636	31	86.11111111111111
2637	31	86.11111111111111
2638	31	86.11111111111111
2639	31	86.11111111111111
2640	31	86.11111111111111
2641	31	86.11111111111111
2642	31	86.11111111111111
2643	31	86.11111111111111
2644	31	86.11111111111111
2645	31	86.11111111111111
2646	31	86.11111111111111
2647	31	86.11111111111111
2648	31	86.11111111111111
2649	31	86.11111111111111
2650	31	86.11111111111111
2651	31	86.11111111111111
2652	31	86.11111111111111
2653	31	86.11111111111111
2654	31	86.11111111111111
2655	31	86.11111111111111
2656	31	86.11111111111111
2657	31	86.11111111111111
2658	31	86.11111111111111
2659	31	86.11111111111111
2660	31	86.11111111111111
2661	31	86.11111111111111
2662	31	86.11111111111111
2663	31	86.11111111111111
2664	31	86.11111111111111
2665	31	86.11111111111111
2666	31	86.11111111111111
2667	31	86.11111111111111
2668	31	86.11111111111111
2669	31	86.11111111111111
2670	31	86.11111111111111
2671	31	86.11111111111111
2672	31	86.11111111111111
2673	31	86.11111111111111
2674	31	86.11111111111111
2675	31	86.11111111111111
2676	31	86.11111111111111
2677	31	86.11111111111111
2678	31	86.11111111111111
2679	31	86.11111111111111
2680	31	86.11111111111111
2681	31	86.11111111111111
2682	31	86.11111111111111
2683	31	86.11111111111111
2684	31	86.11111111111111
2685	31	86.11111111111111
2686	31	86.11111111111111
2687	31	86.11111111111111
2688	31	86.11111111111111
2689	31	86.11111111111111
2690	31	86.11111111111111
2691	31	86.11111111111111
2692	31	86.11111111111111
2693	31	86.11111111111111
2694	31	86.11111111111111
2695	31	86.11111111111111
2696	31	86.11111111111111
2697	31	86.11111111111111
2698	31	86.11111111111111
2699	31	86.11111111111111
2700	31	86.11111111111111
2701	31	86.11111111111111
2702	31	86.11111111111111
2703	31	86.11111111111111
2704	31	86.11111111111111
2705	31	86.11111111111111
2706	31	86.11111111111111
2707	31	86.11111111111111
2708	31	86.11111111111111
2709	31	86.11111111111111
2710	31	86.11111111111111
2711	31	86.11111111111111
2712	31	86.11111111111111
2713	31	86.11111111111111
2714	31	86.11111111111111
2715	31	86.11111111111111
2716	31	86.11111111111111
2717	31	86.11111111111111
2718	31	86.11111111111111
2719	31	86.11111111111111
2720	31	86.11111111111111
2721	31	86.11111111111111
2722	31	86.11111111111111
2723	31	86.11111111111111
2724	31	86.11111111111111
2725	31	86.11111111111111
2726	31	86.11111111111111
2727	31	86.11111111111111
2728	31	86.11111111111111
2729	31	86.11111111111111
2730	31	86.11111111111111
2731	31	86.11111111111111
2732	31	86.11111111111111
2733	31	86.11111111111111
2734	31	86.11111111111111
2735	31	86.11111111111111
2736	31	86.11111111111111
2737	31	86.11111111111111
2738	31	86.11111111111111
2739	31	86.11111111111111
2740	31	86.11111111111111
2741	31	86.11111111111111
2742	31	86.11111111111111
2743	31	86.11111111111111
2744	31	86.11111111111111
2745	31	86.11111111111111
2746	31	86.11111111111111
2747	31	86.11111111111111
2748	31	86.11111111111111
2749	31	86.11111111111111
2750	31	86.11111111111111
2751	31	86.11111111111111
2752	31	86.11111111111111
2753	31	86.11111111111111
2754	31	86.11111111111111
2755	31	86.11111111111111
2756	31	86.11111111111111
2757	31	86.11111111111111
2758	31	86.11111111111111
2759	31	86.11111111111111
2760	31	86.11111111111111
2761	31	86.11111111111111
2762	31	86.11111111111111
2763	31	86.11111111111111
2764	31	86.11111111111111
2765	31	86.11111111111111
2766	31	86.11111111111111
2767	31	86.11111111111111
2768	31	86.11111111111111
2769	31	86.11111111111111
2770	31	86.11111111111111
2771	31	86.11111111111111
2772	31	86.11111111111111
2773	31	86.11111111111111
2774	31	86.11111111111111
2775	31	86.11111111111111
2776	31	86.11111111111111
2777	31	86.11111111111111
2778	31	86.11111111111111
2779	31	86.11111111111111
2780	31	86.11111111111111
2781	31	86.11111111111111
2782	31	86.11111111111111
2783	31	86.11111111111111
2784	31	86.11111111111111
2785	31	86.11111111111111
2786	31	86.11111111111111
2787	31	86.11111111111111
2788	31	86.11111111111111
2789	31	86.11111111111111
2790	31	86.11111111111111
2791	31	86.11111111111111
2792	31	86.11111111111111
2793	31	86.11111111111111
2794	31	86.11111111111111
2795	31	86.11111111111111
2796	31	86.11111111111111
2797	31	86.11111111111111
2798	31	86.11111111111111
2799	31	86.11111111111111
2800	31	86.11111111111111
2801	31	86.11111111111111
2802	31	86.11111111111111
2803	31	86.11111111111111
2804	31	86.11111111111111
2805	31	86.11111111111111
2806	31	86.11111111111111
2807	31	86.11111111111111
2808	31	86.11111111111111
2809	31	86.11111111111111
2810	31	86.11111111111111
2811	31	86.11111111111111
2812	31	86.11111111111111
2813	31	86.11111111111111
2814	31	86.11111111111111
2815	31	86.11111111111111
2816	31	86.11111111111111
2817	31	86.11111111111111
2818	31	86.11111111111111
2819	31	86.11111111111111
2820	31	86.11111111111111
2821	31	86.11111111111111
2822	31	86.11111111111111
2823	31	86.11111111111111
2824	31	86.11111111111111
2825	31	86.11111111111111
2826	31	86.11111111111111
2827	31	86.11111111111111
2828	31	86.11111111111111
2829	31	86.11111111111111
2830	31	86.11111111111111
2831	31	86.11111111111111
2832	31	86.11111111111111
2833	31	86.11111111111111
2834	31	86.11111111111111
2835	31	86.11111111111111
2836	31	86.11111111111111
2837	31	86.11111111111111
2838	31	86.11111111111111
2839	31	86.11111111111111
2840	31	86.11111111111111
2841	31	86.11111111111111
2842	31	86.11111111111111
2843	31	86.11111111111111
2844	31	86.11111111111111
2845	31	86.11111111111111
2846	31	86.11111111111111
2847	31	86.11111111111111
2848	31	86.11111111111111
2849	31	86.11111111111111
2850	31	86.11111111111111
2851	31	86.11111111111111
2852	31	86.11111111111111
2853	31	86.11111111111111
2854	31	86.11111111111111
2855	31	86.11111111111111
2856	31	86.11111111111111
2857	31	86.11111111111111
2858	31	86.11111111111111
2859	31	86.11111111111111
2860	31	86.11111111111111
2861	31	86.11111111111111
2862	31	86.11111111111111
2863	31	86.11111111111111
2864	31	86.11111111111111
2865	31	86.11111111111111
2866	31	86.11111111111111
2867	31	86.11111111111111
2868	31	86.11111111111111
2869	31	86.11111111111111
2870	31	86.11111111111111
2871	31	86.11111111111111
2872	31	86.11111111111111
2873	31	86.11111111111111
2874	31	86.11111111111111
2875	31	86.11111111111111
2876	31	86.11111111111111
2877	31	86.11111111111111
2878	31	86.11111111111111
2879	31	86.11111111111111
2880	31	86.11111111111111
2881	31	86.11111111111111
2882	31	86.11111111111111
2883	31	86.11111111111111
2884	31	86.11111111111111
2885	31	86.11111111111111
2886	31	86.11111111111111
2887	31	86.11111111111111
2888	31	86.11111111111111
2889	31	86.11111111111111
2890	31	86.11111111111111
2891	31	86.11111111111111
2892	31	86.11111111111111
2893	31	86.11111111111111
2894	31	86.11111111111111
2895	31	86.11111111111111
2896	31	86.11111111111111
2897	31	86.11111111111111
2898	31	86.11111111111111
2899	31	86.11111111111111
2900	31	86.11111111111111
2901	31	86.11111111111111
2902	31	86.11111111111111
2903	31	86.11111111111111
2904	31	86.11111111111111
2905	31	86.11111111111111
2906	31	86.11111111111111
2907	31	86.11111111111111
2908	31	86.11111111111111
2909	31	86.11111111111111
2910	31	86.11111111111111
2911	31	86.11111111111111
2912	31	86.11111111111111
2913	31	86.11111111111111
2914	31	86.11111111111111
2915	31	86.11111111111111
2916	31	86.11111111111111
2917	31	86.11111111111111
2918	31	86.11111111111111
2919	31	86.11111111111111
2920	31	86.11111111111111
2921	31	86.11111111111111
2922	31	86.11111111111111
2923	31	86.11111111111111
2924	31	86.11111111111111
2925	31	86.11111111111111
2926	31	86.11111111111111
2927	31	86.11111111111111
2928	31	86.11111111111111
2929	31	86.11111111111111
2930	31	86.11111111111111
2931	31	86.11111111111111
2932	31	86.11111111111111
2933	31	86.11111111111111
2934	31	86.11111111111111
2935	31	86.11111111111111
2936	31	86.11111111111111
2937	31	86.11111111111111
2938	31	86.11111111111111
2939	31	86.11111111111111
2940	31	86.11111111111111
2941	31	86.11111111111111
2942	31	86.11111111111111
2943	31	86.11111111111111
2944	31	86.11111111111111
2945	31	86.11111111111111
2946	31	86.11111111111111
2947	31	86.11111111111111
2948	31	86.11111111111111
2949	31	86.11111111111111
2950	31	86.11111111111111
2951	31	86.11111111111111
2952	31	86.11111111111111
2953	31	86.11111111111111
2954	31	86.11111111111111
2955	31	86.11111111111111
2956	31	86.11111111111111
2957	31	86.11111111111111
2958	31	86.11111111111111
2959	31	86.11111111111111
2960	31	86.11111111111111
2961	31	86.11111111111111
2962	31	86.11111111111111
2963	31	86.11111111111111
2964	31	86.11111111111111
2965	31	86.11111111111111
2966	31	86.11111111111111
2967	31	86.11111111111111
2968	31	86.11111111111111
2969	31	86.11111111111111
2970	31	86.11111111111111
2971	31	86.11111111111111
2972	31	86.11111111111111
2973	31	86.11111111111111
2974	31	86.11111111111111
2975	31	86.11111111111111
2976	31	86.11111111111111
2977	31	86.11111111111111
2978	31	86.11111111111111
2979	31	86.11111111111111
2980	31	86.11111111111111
2981	31	86.11111111111111
2982	31	86.11111111111111
2983	31	86.11111111111111
2984	31	86.11111111111111
2985	31	86.11111111111111
2986	31	86.11111111111111
2987	31	86.11111111111111
2988	31	86.11111111111111
2989	31	86.11111111111111
2990	31	86.11111111111111
2991	31	86.11111111111111
2992	31	86.11111111111111
2993	31	86.11111111111111
2994	31	86.11111111111111
2995	31	86.11111111111111
2996	31	86.11111111111111
2997	31	86.11111111111111
2998	31	86.11111111111111
2999	31	86.11111111111111
3000	31	86.11111111111111
3001	31	86.11111111111111
3002	31	86.11111111111111
3003	31	86.11111111111111
3004	31	86.11111111111111
3005	31	86.11111111111111
3006	31	86.11111111111111
3007	31	86.11111111111111
3008	31	86.11111111111111
3009	31	86.11111111111111
3010	31	86.11111111111111
3011	31	86.11111111111111
3012	31	86.11111111111111
3013	31	86.11111111111111
3014	31	86.11111111111111
3015	31	86.11111111111111
3016	31	86.11111111111111
3017	31	86.11111111111111
3018	31	86.11111111111111
3019	31	86.11111111111111
3020	31	86.11111111111111
3021	31	86.11111111111111
3022	31	86.11111111111111
3023	31	86.11111111111111
3024	31	86.11111111111111
3025	31	86.11111111111111
3026	31	86.11111111111111
3027	31	86.11111111111111
3028	31	86.11111111111111
3029	31	86.11111111111111
3030	31	86.11111111111111
3031	31	86.11111111111111
3032	31	86.11111111111111
3033	31	86.11111111111111
3034	31	86.11111111111111
3035	31	86.11111111111111
3036	31	86.11111111111111
3037	31	86.11111111111111
3038	31	86.11111111111111
3039	31	86.11111111111111
3040	31	86.11111111111111
3041	31	86.11111111111111
3042	31	86.11111111111111
3043	31	86.11111111111111
3044	31	86.11111111111111
3045	31	86.11111111111111
3046	31	86.11111111111111
3047	31	86.11111111111111
3048	31	86.11111111111111
3049	31	86.11111111111111
3050	31	86.11111111111111
3051	31	86.11111111111111
3052	31	86.11111111111111
3053	31	86.11111111111111
3054	31	86.11111111111111
3055	31	86.11111111111111
3056	31	86.11111111111111
3057	31	86.11111111111111
3058	31	86.11111111111111
3059	31	86.11111111111111
3060	31	86.11111111111111
3061	31	86.11111111111111
3062	31	86.11111111111111
3063	31	86.11111111111111
3064	31	86.11111111111111
3065	31	86.11111111111111
3066	31	86.11111111111111
3067	31	86.11111111111111
3068	31	86.11111111111111
3069	31	86.11111111111111
3070	31	86.11111111111111
3071	31	86.11111111111111
3072	31	86.11111111111111
3073	31	86.11111111111111
3074	31	86.11111111111111
3075	31	86.11111111111111
3076	31	86.11111111111111
3077	31	86.11111111111111
3078	31	86.11111111111111
3079	31	86.11111111111111
3080	31	86.11111111111111
3081	31	86.11111111111111
3082	31	86.11111111111111
3083	31	86.11111111111111
3084	31	86.11111111111111
3085	31	86.11111111111111
3086	31	86.11111111111111
3087	31	86.11111111111111
3088	31	86.11111111111111
3089	31	86.11111111111111
3090	31	86.11111111111111
3091	31	86.11111111111111
3092	31	86.11111111111111
3093	31	86.11111111111111
3094	31	86.11111111111111
3095	31	86.11111111111111
3096	31	86.11111111111111
3097	31	86.11111111111111
3098	31	86.11111111111111
3099	31	86.11111111111111
3100	31	86.11111111111111
3101	31	86.11111111111111
3102	31	86.11111111111111
3103	31	86.11111111111111
3104	31	86.11111111111111
3105	31	86.11111111111111
3106	31	86.11111111111111
3107	31	86.11111111111111
3108	31	86.11111111111111
3109	31	86.11111111111111
3110	31	86.11111111111111
3111	31	86.11111111111111
3112	31	86.11111111111111
3113	31	86.11111111111111
3114	31	86.11111111111111
3115	31	86.11111111111111
3116	31	86.11111111111111
3117	31	86.11111111111111
3118	31	86.11111111111111
3119	31	86.11111111111111
3120	31	86.11111111111111
3121	31	86.11111111111111
3122	31	86.11111111111111
3123	31	86.11111111111111
3124	31	86.11111111111111
3125	31	86.11111111111111
3126	31	86.11111111111111
3127	31	86.11111111111111
3128	31	86.11111111111111
3129	31	86.11111111111111
3130	31	86.11111111111111
3131	31	86.11111111111111
3132	31	86.11111111111111
3133	31	86.11111111111111
3134	31	86.11111111111111
3135	31	86.11111111111111
3136	31	86.11111111111111
3137	31	86.11111111111111
3138	31	86.11111111111111
3139	31	86.11111111111111
3140	31	86.11111111111111
3141	31	86.11111111111111
3142	31	86.11111111111111
3143	31	86.11111111111111
3144	31	86.11111111111111
3145	31	86.11111111111111
3146	31	86.11111111111111
3147	31	86.11111111111111
3148	31	86.11111111111111
3149	31	86.11111111111111
3150	31	86.11111111111111
3151	31	86.11111111111111
3152	31	86.11111111111111
3153	31	86.11111111111111
3154	31	86.11111111111111
3155	31	86.11111111111111
3156	31	86.11111111111111
3157	31	86.11111111111111
3158	31	86.11111111111111
3159	31	86.11111111111111
3160	31	86.11111111111111
3161	31	86.11111111111111
3162	31	86.11111111111111
3163	31	86.11111111111111
3164	31	86.11111111111111
3165	31	86.11111111111111
3166	31	86.11111111111111
3167	31	86.11111111111111
3168	31	86.11111111111111
3169	31	86.11111111111111
3170	31	86.11111111111111
3171	31	86.11111111111111
3172	31	86.11111111111111
3173	31	86.11111111111111
3174	31	86.11111111111111
3175	31	86.11111111111111
3176	31	86.11111111111111
3177	31	86.11111111111111
3178	31	86.11111111111111
3179	31	86.11111111111111
3180	31	86.11111111111111
3181	31	86.11111111111111
3182	31	86.11111111111111
3183	31	86.11111111111111
3184	31	86.11111111111111
3185	31	86.11111111111111
3186	31	86.11111111111111
3187	31	86.11111111111111
3188	31	86.11111111111111
3189	31	86.11111111111111
3190	31	86.11111111111111
3191	31	86.11111111111111
3192	31	86.11111111111111
3193	31	86.11111111111111
3194	31	86.11111111111111
3195	31	86.11111111111111
3196	31	86.11111111111111
3197	31	86.11111111111111
3198	31	86.11111111111111
3199	31	86.11111111111111
3200	31	86.11111111111111
3201	31	86.11111111111111
3202	31	86.11111111111111
3203	31	86.11111111111111
3204	31	86.11111111111111
3205	31	86.11111111111111
3206	31	86.11111111111111
3207	31	86.11111111111111
3208	31	86.11111111111111
3209	31	86.11111111111111
3210	31	86.11111111111111
3211	31	86.11111111111111
3212	31	86.11111111111111
3213	31	86.11111111111111
3214	31	86.11111111111111
3215	31	86.11111111111111
3216	31	86.11111111111111
3217	31	86.11111111111111
3218	31	86.11111111111111
3219	31	86.11111111111111
3220	31	86.11111111111111
3221	31	86.11111111111111
3222	31	86.11111111111111
3223	31	86.11111111111111
3224	31	86.11111111111111
3225	31	86.11111111111111
3226	31	86.11111111111111
3227	31	86.11111111111111
3228	31	86.11111111111111
3229	31	86.11111111111111
3230	31	86.11111111111111
3231	31	86.11111111111111
3232	31	86.11111111111111
3233	31	86.11111111111111
3234	31	86.11111111111111
3235	31	86.11111111111111
3236	31	86.11111111111111
3237	31	86.11111111111111
3238	31	86.11111111111111
3239	31	86.11111111111111
3240	31	86.11111111111111
3241	31	86.11111111111111
3242	31	86.11111111111111
3243	31	86.11111111111111
3244	31	86.11111111111111
3245	31	86.11111111111111
3246	31	86.11111111111111
3247	31	86.11111111111111
3248	31	86.11111111111111
3249	31	86.11111111111111
3250	31	86.11111111111111
3251	31	86.11111111111111
3252	31	86.11111111111111
3253	31	86.11111111111111
3254	31	86.11111111111111
3255	31	86.11111111111111
3256	31	86.11111111111111
3257	31	86.11111111111111
3258	31	86.11111111111111
3259	31	86.11111111111111
3260	31	86.11111111111111
3261	31	86.11111111111111
3262	31	86.11111111111111
3263	31	86.11111111111111
3264	31	86.11111111111111
3265	31	86.11111111111111
3266	31	86.11111111111111
3267	31	86.11111111111111
3268	31	86.11111111111111
3269	31	86.11111111111111
3270	31	86.11111111111111
3271	31	86.11111111111111
3272	31	86.11111111111111
3273	31	86.11111111111111
3274	31	86.11111111111111
3275	31	86.11111111111111
3276	31	86.11111111111111
3277	31	86.11111111111111
3278	31	86.11111111111111
3279	31	86.11111111111111
3280	31	86.11111111111111
3281	31	86.11111111111111
3282	31	86.11111111111111
3283	31	86.11111111111111
3284	31	86.11111111111111
3285	31	86.11111111111111
3286	31	86.11111111111111
3287	31	86.11111111111111
3288	31	86.11111111111111
3289	31	86.11111111111111
3290	31	86.11111111111111
3291	31	86.11111111111111
3292	31	86.11111111111111
3293	31	86.11111111111111
3294	31	86.11111111111111
3295	31	86.11111111111111
3296	31	86.11111111111111
3297	31	86.11111111111111
3298	31	86.11111111111111
3299	31	86.11111111111111
3300	31	86.11111111111111
3301	31	86.11111111111111
3302	31	86.11111111111111
3303	31	86.11111111111111
3304	31	86.11111111111111
3305	31	86.11111111111111
3306	31	86.11111111111111
3307	31	86.11111111111111
3308	31	86.11111111111111
3309	31	86.11111111111111
3310	31	86.11111111111111
3311	31	86.11111111111111
3312	31	86.11111111111111
3313	31	86.11111111111111
3314	31	86.11111111111111
3315	31	86.11111111111111
3316	31	86.11111111111111
3317	31	86.11111111111111
3318	31	86.11111111111111
3319	31	86.11111111111111
3320	31	86.11111111111111
3321	31	86.11111111111111
3322	31	86.11111111111111
3323	31	86.11111111111111
3324	31	86.11111111111111
3325	31	86.11111111111111
3326	31	86.11111111111111
3327	31	86.11111111111111
3328	31	86.11111111111111
3329	31	86.11111111111111
3330	31	86.11111111111111
3331	31	86.11111111111111
3332	31	86.11111111111111
3333	31	86.11111111111111
3334	31	86.11111111111111
3335	31	86.11111111111111
3336	31	86.11111111111111
3337	31	86.11111111111111
3338	31	86.11111111111111
3339	31	86.11111111111111
3340	31	86.11111111111111
3341	31	86.11111111111111
3342	31	86.11111111111111
3343	31	86.11111111111111
3344	31	86.11111111111111
3345	31	86.11111111111111
3346	31	86.11111111111111
3347	31	86.11111111111111
3348	31	86.11111111111111
3349	31	86.11111111111111
3350	31	86.11111111111111
3351	31	86.11111111111111
3352	31	86.11111111111111
3353	31	86.11111111111111
3354	31	86.11111111111111
3355	31	86.11111111111111
3356	31	86.11111111111111
3357	31	86.11111111111111
3358	31	86.11111111111111
3359	31	86.11111111111111
3360	31	86.11111111111111
3361	31	86.11111111111111
3362	31	86.11111111111111
3363	31	86.11111111111111
3364	31	86.11111111111111
3365	31	86.11111111111111
3366	31	86.11111111111111
3367	31	86.11111111111111
3368	31	86.11111111111111
3369	31	86.11111111111111
3370	31	86.11111111111111
3371	31	86.11111111111111
3372	31	86.11111111111111
3373	31	86.11111111111111
3374	31	86.11111111111111
3375	31	86.11111111111111
3376	31	86.11111111111111
3377	31	86.11111111111111
3378	31	86.11111111111111
3379	31	86.11111111111111
3380	31	86.11111111111111
3381	31	86.11111111111111
3382	31	86.11111111111111
3383	31	86.11111111111111
3384	31	86.11111111111111
3385	31	86.11111111111111
3386	31	86.11111111111111
3387	31	86.11111111111111
3388	31	86.11111111111111
3389	31	86.11111111111111
3390	31	86.11111111111111
3391	31	86.11111111111111
3392	31	86.11111111111111
3393	31	86.11111111111111
3394	31	86.11111111111111
3395	31	86.11111111111111
3396	31	86.11111111111111
3397	31	86.11111111111111
3398	31	86.11111111111111
3399	31	86.11111111111111
3400	31	86.11111111111111
3401	31	86.11111111111111
3402	31	86.11111111111111
3403	31	86.11111111111111
3404	31	86.11111111111111
3405	31	86.11111111111111
3406	31	86.11111111111111
3407	31	86.11111111111111
3408	31	86.11111111111111
3409	31	86.11111111111111
3410	31	86.11111111111111
3411	31	86.11111111111111
3412	31	86.11111111111111
3413	31	86.11111111111111
3414	31	86.11111111111111
3415	31	86.11111111111111
3416	31	86.11111111111111
3417	31	86.11111111111111
3418	31	86.11111111111111
3419	31	86.11111111111111
3420	31	86.11111111111111
3421	31	86.11111111111111
3422	31	86.11111111111111
3423	31	86.11111111111111
3424	31	86.11111111111111
3425	31	86.11111111111111
3426	31	86.11111111111111
3427	31	86.11111111111111
3428	31	86.11111111111111
3429	31	86.11111111111111
3430	31	86.11111111111111
3431	31	86.11111111111111
3432	31	86.11111111111111
3433	31	86.11111111111111
3434	31	86.11111111111111
3435	31	86.11111111111111
3436	31	86.11111111111111
3437	31	86.11111111111111
3438	31	86.11111111111111
3439	31	86.11111111111111
3440	31	86.11111111111111
3441	31	86.11111111111111
3442	31	86.11111111111111
3443	31	86.11111111111111
3444	31	86.11111111111111
3445	31	86.11111111111111
3446	31	86.11111111111111
3447	31	86.11111111111111
3448	31	86.11111111111111
3449	31	86.11111111111111
3450	31	86.11111111111111
3451	31	86.11111111111111
3452	31	86.11111111111111
3453	31	86.11111111111111
3454	31	86.11111111111111
3455	31	86.11111111111111
3456	31	86.11111111111111
3457	31	86.11111111111111
3458	31	86.11111111111111
3459	31	86.11111111111111
3460	31	86.11111111111111
3461	31	86.11111111111111
3462	31	86.11111111111111
3463	31	86.11111111111111
3464	31	86.11111111111111
3465	31	86.11111111111111
3466	31	86.11111111111111
3467	31	86.11111111111111
3468	31	86.11111111111111
3469	31	86.11111111111111
3470	31	86.11111111111111
3471	31	86.11111111111111
3472	31	86.11111111111111
3473	31	86.11111111111111
3474	31	86.11111111111111
3475	31	86.11111111111111
3476	31	86.11111111111111
3477	31	86.11111111111111
3478	31	86.11111111111111
3479	31	86.11111111111111
3480	31	86.11111111111111
3481	31	86.11111111111111
3482	31	86.11111111111111
3483	31	86.11111111111111
3484	31	86.11111111111111
3485	31	86.11111111111111
3486	31	86.11111111111111
3487	31	86.11111111111111
3488	31	86.11111111111111
3489	31	86.11111111111111
3490	31	86.11111111111111
3491	31	86.11111111111111
3492	31	86.11111111111111
3493	31	86.11111111111111
3494	31	86.11111111111111
3495	31	86.11111111111111
3496	31	86.11111111111111
3497	31	86.11111111111111
3498	31	86.11111111111111
3499	31	86.11111111111111
3500	31	86.11111111111111
3501	31	86.11111111111111
3502	31	86.11111111111111
3503	31	86.11111111111111
3504	31	86.11111111111111
3505	31	86.11111111111111
3506	31	86.11111111111111
3507	31	86.11111111111111
3508	31	86.11111111111111
3509	31	86.11111111111111
3510	31	86.11111111111111
3511	31	86.11111111111111
3512	31	86.11111111111111
3513	31	86.11111111111111
3514	31	86.11111111111111
3515	31	86.11111111111111
3516	31	86.11111111111111
3517	31	86.11111111111111
3518	31	86.11111111111111
3519	31	86.11111111111111
3520	31	86.11111111111111
3521	31	86.11111111111111
3522	31	86.11111111111111
3523	31	86.11111111111111
3524	31	86.11111111111111
3525	31	86.11111111111111
3526	31	86.11111111111111
3527	31	86.11111111111111
3528	31	86.11111111111111
3529	31	86.11111111111111
3530	31	86.11111111111111
3531	31	86.11111111111111
3532	31	86.11111111111111
3533	31	86.11111111111111
3534	31	86.11111111111111
3535	31	86.11111111111111
3536	31	86.11111111111111
3537	31	86.11111111111111
3538	31	86.11111111111111
3539	31	86.11111111111111
3540	31	86.11111111111111
3541	31	86.11111111111111
3542	31	86.11111111111111
3543	31	86.11111111111111
3544	31	86.11111111111111
3545	31	86.11111111111111
3546	31	86.11111111111111
3547	31	86.11111111111111
3548	31	86.11111111111111
3549	31	86.11111111111111
3550	31	86.11111111111111
3551	31	86.11111111111111
3552	31	86.11111111111111
3553	31	86.11111111111111
3554	31	86.11111111111111
3555	31	86.11111111111111
3556	31	86.11111111111111
3557	31	86.11111111111111
3558	31	86.11111111111111
3559	31	86.11111111111111
3560	31	86.11111111111111
3561	31	86.11111111111111
3562	31	86.11111111111111
3563	31	86.11111111111111
3564	31	86.11111111111111
3565	31	86.11111111111111
3566	31	86.11111111111111
3567	31	86.11111111111111
3568	31	86.11111111111111
3569	31	86.11111111111111
3570	31	86.11111111111111
3571	31	86.11111111111111
3572	31	86.11111111111111
3573	31	86.11111111111111
3574	31	86.11111111111111
3575	31	86.11111111111111
3576	31	86.11111111111111
3577	31	86.11111111111111
3578	31	86.11111111111111
3579	31	86.11111111111111
3580	31	86.11111111111111
3581	31	86.11111111111111
3582	31	86.11111111111111
3583	31	86.11111111111111
3584	31	86.11111111111111
3585	31	86.11111111111111
3586	31	86.11111111111111
3587	31	86.11111111111111
3588	31	86.11111111111111
3589	31	86.11111111111111
3590	31	86.11111111111111
3591	31	86.11111111111111
3592	31	86.11111111111111
3593	31	86.11111111111111
3594	31	86.11111111111111
3595	31	86.11111111111111
3596	31	86.11111111111111
3597	31	86.11111111111111
3598	31	86.11111111111111
3599	31	86.11111111111111
3600	31	86.11111111111111
3601	31	86.11111111111111
3602	31	86.11111111111111
3603	31	86.11111111111111
3604	31	86.11111111111111
3605	31	86.11111111111111
3606	31	86.11111111111111
3607	31	86.11111111111111
3608	31	86.11111111111111
3609	31	86.11111111111111
3610	31	86.11111111111111
3611	31	86.11111111111111
3612	31	86.11111111111111
3613	31	86.11111111111111
3614	31	86.11111111111111
3615	31	86.11111111111111
3616	31	86.11111111111111
3617	31	86.11111111111111
3618	31	86.11111111111111
3619	31	86.11111111111111
3620	31	86.11111111111111
3621	31	86.11111111111111
3622	31	86.11111111111111
3623	31	86.11111111111111
3624	31	86.11111111111111
3625	31	86.11111111111111
3626	31	86.11111111111111
3627	31	86.11111111111111
3628	31	86.11111111111111
3629	31	86.11111111111111
3630	31	86.11111111111111
3631	31	86.11111111111111
3632	31	86.11111111111111
3633	31	86.11111111111111
3634	31	86.11111111111111
3635	31	86.11111111111111
3636	31	86.11111111111111
3637	31	86.11111111111111
3638	31	86.11111111111111
3639	31	86.11111111111111
3640	31	86.11111111111111
3641	31	86.11111111111111
3642	31	86.11111111111111
3643	31	86.11111111111111
3644	31	86.11111111111111
3645	31	86.11111111111111
3646	31	86.11111111111111
3647	31	86.11111111111111
3648	31	86.11111111111111
3649	31	86.11111111111111
3650	31	86.11111111111111
3651	31	86.11111111111111
3652	31	86.11111111111111
3653	31	86.11111111111111
3654	31	86.11111111111111
3655	31	86.11111111111111
3656	31	86.11111111111111
3657	31	86.11111111111111
3658	31	86.11111111111111
3659	31	86.11111111111111
3660	31	86.11111111111111
3661	31	86.11111111111111
3662	31	86.11111111111111
3663	31	86.11111111111111
3664	31	86.11111111111111
3665	31	86.11111111111111
3666	31	86.11111111111111
3667	31	86.11111111111111
3668	31	86.11111111111111
3669	31	86.11111111111111
3670	31	86.11111111111111
3671	31	86.11111111111111
3672	31	86.11111111111111
3673	31	86.11111111111111
3674	31	86.11111111111111
3675	31	86.11111111111111
3676	31	86.11111111111111
3677	31	86.11111111111111
3678	31	86.11111111111111
3679	31	86.11111111111111
3680	31	86.11111111111111
3681	31	86.11111111111111
3682	31	86.11111111111111
3683	31	86.11111111111111
3684	31	86.11111111111111
3685	31	86.11111111111111
3686	31	86.11111111111111
3687	31	86.11111111111111
3688	31	86.11111111111111
3689	31	86.11111111111111
3690	31	86.11111111111111
3691	31	86.11111111111111
3692	31	86.11111111111111
3693	31	86.11111111111111
3694	31	86.11111111111111
3695	31	86.11111111111111
3696	31	86.11111111111111
3697	31	86.11111111111111
3698	31	86.11111111111111
3699	31	86.11111111111111
3700	31	86.11111111111111
3701	31	86.11111111111111
3702	31	86.11111111111111
3703	31	86.11111111111111
3704	31	86.11111111111111
3705	31	86.11111111111111
3706	31	86.11111111111111
3707	31	86.11111111111111
3708	31	86.11111111111111
3709	31	86.11111111111111
3710	31	86.11111111111111
3711	31	86.11111111111111
3712	31	86.11111111111111
3713	31	86.11111111111111
3714	31	86.11111111111111
3715	31	86.11111111111111
3716	31	86.11111111111111
3717	31	86.11111111111111
3718	31	86.11111111111111
3719	31	86.11111111111111
3720	31	86.11111111111111
3721	31	86.11111111111111
3722	31	86.11111111111111
3723	31	86.11111111111111
3724	31	86.11111111111111
3725	31	86.11111111111111
3726	31	86.11111111111111
3727	31	86.11111111111111
3728	31	86.11111111111111
3729	31	86.11111111111111
3730	31	86.11111111111111
3731	31	86.11111111111111
3732	31	86.11111111111111
3733	31	86.11111111111111
3734	31	86.11111111111111
3735	31	86.11111111111111
3736	31	86.11111111111111
3737	31	86.11111111111111
3738	31	86.11111111111111
3739	31	86.11111111111111
3740	31	86.11111111111111
3741	31	86.11111111111111
3742	31	86.11111111111111
3743	31	86.11111111111111
3744	31	86.11111111111111
3745	31	86.11111111111111
3746	31	86.11111111111111
3747	31	86.11111111111111
3748	31	86.11111111111111
3749	31	86.11111111111111
3750	31	86.11111111111111
3751	31	86.11111111111111
3752	31	86.11111111111111
3753	31	86.11111111111111
3754	31	86.11111111111111
3755	31	86.11111111111111
3756	31	86.11111111111111
3757	31	86.11111111111111
3758	31	86.11111111111111
3759	31	86.11111111111111
3760	31	86.11111111111111
3761	31	86.11111111111111
3762	31	86.11111111111111
3763	31	86.11111111111111
3764	31	86.11111111111111
3765	31	86.11111111111111
3766	31	86.11111111111111
3767	31	86.11111111111111
3768	31	86.11111111111111
3769	31	86.11111111111111
3770	31	86.11111111111111
3771	31	86.11111111111111
3772	31	86.11111111111111
3773	31	86.11111111111111
3774	31	86.11111111111111
3775	31	86.11111111111111
3776	31	86.11111111111111
3777	31	86.11111111111111
3778	31	86.11111111111111
3779	31	86.11111111111111
3780	31	86.11111111111111
3781	31	86.11111111111111
3782	31	86.11111111111111
3783	31	86.11111111111111
3784	31	86.11111111111111
3785	31	86.11111111111111
3786	31	86.11111111111111
3787	31	86.11111111111111
3788	31	86.11111111111111
3789	31	86.11111111111111
3790	31	86.11111111111111
3791	31	86.11111111111111
3792	31	86.11111111111111
3793	31	86.11111111111111
3794	31	86.11111111111111
3795	31	86.11111111111111
3796	31	86.11111111111111
3797	31	86.11111111111111
3798	31	86.11111111111111
3799	31	86.11111111111111
3800	31	86.11111111111111
3801	31	86.11111111111111
3802	31	86.11111111111111
3803	31	86.11111111111111
3804	31	86.11111111111111
3805	31	86.11111111111111
3806	31	86.11111111111111
3807	31	86.11111111111111
3808	31	86.11111111111111
3809	31	86.11111111111111
3810	31	86.11111111111111
3811	31	86.11111111111111
3812	31	86.11111111111111
3813	31	86.11111111111111
3814	31	86.11111111111111
3815	31	86.11111111111111
3816	31	86.11111111111111
3817	31	86.11111111111111
3818	31	86.11111111111111
3819	31	86.11111111111111
3820	31	86.11111111111111
3821	31	86.11111111111111
3822	31	86.11111111111111
3823	31	86.11111111111111
3824	31	86.11111111111111
3825	31	86.11111111111111
3826	31	86.11111111111111
3827	31	86.11111111111111
3828	31	86.11111111111111
3829	31	86.11111111111111
3830	31	86.11111111111111
3831	31	86.11111111111111
3832	31	86.11111111111111
3833	31	86.11111111111111
3834	31	86.11111111111111
3835	31	86.11111111111111
3836	31	86.11111111111111
3837	31	86.11111111111111
3838	31	86.11111111111111
3839	31	86.11111111111111
3840	31	86.11111111111111
3841	31	86.11111111111111
3842	31	86.11111111111111
3843	31	86.11111111111111
3844	31	86.11111111111111
3845	31	86.11111111111111
3846	31	86.11111111111111
3847	31	86.11111111111111
3848	31	86.11111111111111
3849	31	86.11111111111111
3850	31	86.11111111111111
3851	31	86.11111111111111
3852	31	86.11111111111111
3853	31	86.11111111111111
3854	31	86.11111111111111
3855	31	86.11111111111111
3856	31	86.11111111111111
3857	31	86.11111111111111
3858	31	86.11111111111111
3859	31	86.11111111111111
3860	31	86.11111111111111
3861	31	86.11111111111111
3862	31	86.11111111111111
3863	31	86.11111111111111
3864	31	86.11111111111111
3865	31	86.11111111111111
3866	31	86.11111111111111
3867	31	86.11111111111111
3868	31	86.11111111111111
3869	31	86.11111111111111
3870	31	86.11111111111111
3871	31	86.11111111111111
3872	31	86.11111111111111
3873	31	86.11111111111111
3874	31	86.11111111111111
3875	31	86.11111111111111
3876	31	86.11111111111111
3877	31	86.11111111111111
3878	31	86.11111111111111
3879	31	86.11111111111111
3880	31	86.11111111111111
3881	31	86.11111111111111
3882	31	86.11111111111111
3883	31	86.11111111111111
3884	31	86.11111111111111
3885	31	86.11111111111111
3886	31	86.11111111111111
3887	31	86.11111111111111
3888	31	86.11111111111111
3889	31	86.11111111111111
3890	31	86.11111111111111
3891	31	86.11111111111111
3892	31	86.11111111111111
3893	31	86.11111111111111
3894	31	86.11111111111111
3895	31	86.11111111111111
3896	31	86.11111111111111
3897	31	86.11111111111111
3898	31	86.11111111111111
3899	31	86.11111111111111
3900	31	86.11111111111111
3901	31	86.11111111111111
3902	31	86.11111111111111
3903	31	86.11111111111111
3904	31	86.11111111111111
3905	31	86.11111111111111
3906	31	86.11111111111111
3907	31	86.11111111111111
3908	31	86.11111111111111
3909	31	86.11111111111111
3910	31	86.11111111111111
3911	31	86.11111111111111
3912	31	86.11111111111111
3913	31	86.11111111111111
3914	31	86.11111111111111
3915	31	86.11111111111111
3916	31	86.11111111111111
3917	31	86.11111111111111
3918	31	86.11111111111111
3919	31	86.11111111111111
3920	31	86.11111111111111
3921	31	86.11111111111111
3922	31	86.11111111111111
3923	31	86.11111111111111
3924	31	86.11111111111111
3925	31	86.11111111111111
3926	31	86.11111111111111
3927	31	86.11111111111111
3928	31	86.11111111111111
3929	31	86.11111111111111
3930	31	86.11111111111111
3931	31	86.11111111111111
3932	31	86.11111111111111
3933	31	86.11111111111111
3934	31	86.11111111111111
3935	31	86.11111111111111
3936	31	86.11111111111111
3937	31	86.11111111111111
3938	31	86.11111111111111
3939	31	86.11111111111111
3940	31	86.11111111111111
3941	31	86.11111111111111
3942	31	86.11111111111111
3943	31	86.11111111111111
3944	31	86.11111111111111
3945	31	86.11111111111111
3946	31	86.11111111111111
3947	31	86.11111111111111
3948	31	86.11111111111111
3949	31	86.11111111111111
3950	31	86.11111111111111
3951	31	86.11111111111111
3952	31	86.11111111111111
3953	31	86.11111111111111
3954	31	86.11111111111111
3955	31	86.11111111111111
3956	31	86.11111111111111
3957	31	86.11111111111111
3958	31	86.11111111111111
3959	31	86.11111111111111
3960	31	86.11111111111111
3961	31	86.11111111111111
3962	31	86.11111111111111
3963	31	86.11111111111111
3964	31	86.11111111111111
3965	31	86.11111111111111
3966	31	86.11111111111111
3967	31	86.11111111111111
3968	31	86.11111111111111
3969	31	86.11111111111111
3970	31	86.11111111111111
3971	31	86.11111111111111
3972	31	86.11111111111111
3973	31	86.11111111111111
3974	31	86.11111111111111
3975	31	86.11111111111111
3976	31	86.11111111111111
3977	31	86.11111111111111
3978	31	86.11111111111111
3979	31	86.11111111111111
3980	31	86.11111111111111
3981	31	86.11111111111111
3982	31	86.11111111111111
3983	31	86.11111111111111
3984	31	86.11111111111111
3985	31	86.11111111111111
3986	31	86.11111111111111
3987	31	86.11111111111111
3988	31	86.11111111111111
3989	31	86.11111111111111
3990	31	86.11111111111111
3991	31	86.11111111111111
3992	31	86.11111111111111
3993	31	86.11111111111111
3994	31	86.11111111111111
3995	31	86.11111111111111
3996	31	86.11111111111111
3997	31	86.11111111111111
3998	31	86.11111111111111
3999	31	86.11111111111111
4000	31	86.11111111111111
4001	31	86.11111111111111
4002	31	86.11111111111111
4003	31	86.11111111111111
4004	31	86.11111111111111
4005	31	86.11111111111111
4006	31	86.11111111111111
4007	31	86.11111111111111
4008	31	86.11111111111111
4009	31	86.11111111111111
4010	31	86.11111111111111
4011	31	86.11111111111111
4012	31	86.11111111111111
4013	31	86.11111111111111
4014	31	86.11111111111111
4015	31	86.11111111111111
4016	31	86.11111111111111
4017	31	86.11111111111111
4018	31	86.11111111111111
4019	31	86.11111111111111
4020	31	86.11111111111111
4021	31	86.11111111111111
4022	31	86.11111111111111
4023	31	86.11111111111111
4024	31	86.11111111111111
4025	31	86.11111111111111
4026	31	86.11111111111111
4027	31	86.11111111111111
4028	31	86.11111111111111
4029	31	86.11111111111111
4030	31	86.11111111111111
4031	31	86.11111111111111
4032	31	86.11111111111111
4033	31	86.11111111111111
4034	31	86.11111111111111
4035	31	86.11111111111111
4036	31	86.11111111111111
4037	31	86.11111111111111
4038	31	86.11111111111111
4039	31	86.11111111111111
4040	31	86.11111111111111
4041	31	86.11111111111111
4042	31	86.11111111111111
4043	31	86.11111111111111
4044	31	86.11111111111111
4045	31	86.11111111111111
4046	31	86.11111111111111
4047	31	86.11111111111111
4048	31	86.11111111111111
4049	31	86.11111111111111
4050	31	86.11111111111111
4051	31	86.11111111111111
4052	31	86.11111111111111
4053	31	86.11111111111111
4054	31	86.11111111111111
4055	31	86.11111111111111
4056	31	86.11111111111111
4057	31	86.11111111111111
4058	31	86.11111111111111
4059	31	86.11111111111111
4060	31	86.11111111111111
4061	31	86.11111111111111
4062	31	86.11111111111111
4063	31	86.11111111111111
4064	31	86.11111111111111
4065	31	86.11111111111111
4066	31	86.11111111111111
4067	31	86.11111111111111
4068	31	86.11111111111111
4069	31	86.11111111111111
4070	31	86.11111111111111
4071	31	86.11111111111111
4072	31	86.11111111111111
4073	31	86.11111111111111
4074	31	86.11111111111111
4075	31	86.11111111111111
4076	31	86.11111111111111
4077	31	86.11111111111111
4078	31	86.11111111111111
4079	31	86.11111111111111
4080	31	86.11111111111111
4081	31	86.11111111111111
4082	31	86.11111111111111
4083	31	86.11111111111111
4084	31	86.11111111111111
4085	31	86.11111111111111
4086	31	86.11111111111111
4087	31	86.11111111111111
4088	31	86.11111111111111
4089	31	86.11111111111111
4090	31	86.11111111111111
4091	31	86.11111111111111
4092	31	86.11111111111111
4093	31	86.11111111111111
4094	31	86.11111111111111
4095	31	86.11111111111111
4096	31	86.11111111111111
4097	31	86.11111111111111
4098	31	86.11111111111111
4099	31	86.11111111111111
4100	31	86.11111111111111
4101	31	86.11111111111111
4102	31	86.11111111111111
4103	31	86.11111111111111
4104	31	86.11111111111111
4105	31	86.11111111111111
4106	31	86.11111111111111
4107	31	86.11111111111111
4108	31	86.11111111111111
4109	31	86.11111111111111
4110	31	86.11111111111111
4111	31	86.11111111111111
4112	31	86.11111111111111
4113	31	86.11111111111111
4114	31	86.11111111111111
4115	31	86.11111111111111
4116	31	86.11111111111111
4117	31	86.11111111111111
4118	31	86.11111111111111
4119	31	86.11111111111111
4120	31	86.11111111111111
4121	31	86.11111111111111
4122	31	86.11111111111111
4123	31	86.11111111111111
4124	31	86.11111111111111
4125	31	86.11111111111111
4126	31	86.11111111111111
4127	31	86.11111111111111
4128	31	86.11111111111111
4129	31	86.11111111111111
4130	31	86.11111111111111
4131	31	86.11111111111111
4132	31	86.11111111111111
4133	31	86.11111111111111
4134	31	86.11111111111111
4135	31	86.11111111111111
4136	31	86.11111111111111
4137	31	86.11111111111111
4138	31	86.11111111111111
4139	31	86.11111111111111
4140	31	86.11111111111111
4141	31	86.11111111111111
4142	31	86.11111111111111
4143	31	86.11111111111111
4144	31	86.11111111111111
4145	31	86.11111111111111
4146	31	86.11111111111111
4147	31	86.11111111111111
4148	31	86.11111111111111
4149	31	86.11111111111111
4150	31	86.11111111111111
4151	31	86.11111111111111
4152	31	86.11111111111111
4153	31	86.11111111111111
4154	31	86.11111111111111
4155	31	86.11111111111111
4156	31	86.11111111111111
4157	31	86.11111111111111
4158	31	86.11111111111111
4159	31	86.11111111111111
4160	31	86.11111111111111
4161	31	86.11111111111111
4162	31	86.11111111111111
4163	31	86.11111111111111
4164	31	86.11111111111111
4165	31	86.11111111111111
4166	31	86.11111111111111
4167	31	86.11111111111111
4168	31	86.11111111111111
4169	31	86.11111111111111
4170	31	86.11111111111111
4171	31	86.11111111111111
4172	31	86.11111111111111
4173	31	86.11111111111111
4174	31	86.11111111111111
4175	31	86.11111111111111
4176	31	86.11111111111111
4177	31	86.11111111111111
4178	31	86.11111111111111
4179	31	86.11111111111111
4180	31	86.11111111111111
4181	31	86.11111111111111
4182	31	86.11111111111111
4183	31	86.11111111111111
4184	31	86.11111111111111
4185	31	86.11111111111111
4186	31	86.11111111111111
4187	31	86.11111111111111
4188	31	86.11111111111111
4189	31	86.11111111111111
4190	31	86.11111111111111
4191	31	86.11111111111111
4192	31	86.11111111111111
4193	31	86.11111111111111
4194	31	86.11111111111111
4195	31	86.11111111111111
4196	31	86.11111111111111
4197	31	86.11111111111111
4198	31	86.11111111111111
4199	31	86.11111111111111
4200	31	86.11111111111111
4201	31	86.11111111111111
4202	31	86.11111111111111
4203	31	86.11111111111111
4204	31	86.11111111111111
4205	31	86.11111111111111
4206	31	86.11111111111111
4207	31	86.11111111111111
4208	31	86.11111111111111
4209	31	86.11111111111111
4210	31	86.11111111111111
4211	31	86.11111111111111
4212	31	86.11111111111111
4213	31	86.11111111111111
4214	31	86.11111111111111
4215	31	86.11111111111111
4216	31	86.11111111111111
4217	31	86.11111111111111
4218	31	86.11111111111111
4219	31	86.11111111111111
4220	31	86.11111111111111
4221	31	86.11111111111111
4222	31	86.11111111111111
4223	31	86.11111111111111
4224	31	86.11111111111111
4225	31	86.11111111111111
4226	31	86.11111111111111
4227	31	86.11111111111111
4228	31	86.11111111111111
4229	31	86.11111111111111
4230	31	86.11111111111111
4231	31	86.11111111111111
4232	31	86.11111111111111
4233	31	86.11111111111111
4234	31	86.11111111111111
4235	31	86.11111111111111
4236	31	86.11111111111111
4237	31	86.11111111111111
4238	31	86.11111111111111
4239	31	86.11111111111111
4240	31	86.11111111111111
4241	31	86.11111111111111
4242	31	86.11111111111111
4243	31	86.11111111111111
4244	31	86.11111111111111
4245	31	86.11111111111111
4246	31	86.11111111111111
4247	31	86.11111111111111
4248	31	86.11111111111111
4249	31	86.11111111111111
4250	31	86.11111111111111
4251	31	86.11111111111111
4252	31	86.11111111111111
4253	31	86.11111111111111
4254	31	86.11111111111111
4255	31	86.11111111111111
4256	31	86.11111111111111
4257	31	86.11111111111111
4258	31	86.11111111111111
4259	31	86.11111111111111
4260	31	86.11111111111111
4261	31	86.11111111111111
4262	31	86.11111111111111
4263	31	86.11111111111111
4264	31	86.11111111111111
4265	31	86.11111111111111
4266	31	86.11111111111111
4267	31	86.11111111111111
4268	31	86.11111111111111
4269	31	86.11111111111111
4270	31	86.11111111111111
4271	31	86.11111111111111
4272	31	86.11111111111111
4273	31	86.11111111111111
4274	31	86.11111111111111
4275	31	86.11111111111111
4276	31	86.11111111111111
4277	31	86.11111111111111
4278	31	86.11111111111111
4279	31	86.11111111111111
4280	31	86.11111111111111
4281	31	86.11111111111111
4282	31	86.11111111111111
4283	31	86.11111111111111
4284	31	86.11111111111111
4285	31	86.11111111111111
4286	31	86.11111111111111
4287	31	86.11111111111111
4288	31	86.11111111111111
4289	31	86.11111111111111
4290	31	86.11111111111111
4291	31	86.11111111111111
4292	31	86.11111111111111
4293	31	86.11111111111111
4294	31	86.11111111111111
4295	31	86.11111111111111
4296	31	86.11111111111111
4297	31	86.11111111111111
4298	31	86.11111111111111
4299	31	86.11111111111111
4300	31	86.11111111111111
4301	31	86.11111111111111
4302	31	86.11111111111111
4303	31	86.11111111111111
4304	31	86.11111111111111
4305	31	86.11111111111111
4306	31	86.11111111111111
4307	31	86.11111111111111
4308	31	86.11111111111111
4309	31	86.11111111111111
4310	31	86.11111111111111
4311	31	86.11111111111111
4312	31	86.11111111111111
4313	31	86.11111111111111
4314	31	86.11111111111111
4315	31	86.11111111111111
4316	31	86.11111111111111
4317	31	86.11111111111111
4318	31	86.11111111111111
4319	31	86.11111111111111
4320	31	86.11111111111111
4321	31	86.11111111111111
4322	31	86.11111111111111
4323	31	86.11111111111111
4324	31	86.11111111111111
4325	31	86.11111111111111
4326	31	86.11111111111111
4327	31	86.11111111111111
4328	31	86.11111111111111
4329	31	86.11111111111111
4330	31	86.11111111111111
4331	31	86.11111111111111
4332	31	86.11111111111111
4333	31	86.11111111111111
4334	31	86.11111111111111
4335	31	86.11111111111111
4336	31	86.11111111111111
4337	31	86.11111111111111
4338	31	86.11111111111111
4339	31	86.11111111111111
4340	31	86.11111111111111
4341	31	86.11111111111111
4342	31	86.11111111111111
4343	31	86.11111111111111
4344	31	86.11111111111111
4345	31	86.11111111111111
4346	31	86.11111111111111
4347	31	86.11111111111111
4348	31	86.11111111111111
4349	31	86.11111111111111
4350	31	86.11111111111111
4351	31	86.11111111111111
4352	31	86.11111111111111
4353	31	86.11111111111111
4354	31	86.11111111111111
4355	31	86.11111111111111
4356	31	86.11111111111111
4357	31	86.11111111111111
4358	31	86.11111111111111
4359	31	86.11111111111111
4360	31	86.11111111111111
4361	31	86.11111111111111
4362	31	86.11111111111111
4363	31	86.11111111111111
4364	31	86.11111111111111
4365	31	86.11111111111111
4366	31	86.11111111111111
4367	31	86.11111111111111
4368	31	86.11111111111111
4369	31	86.11111111111111
4370	31	86.11111111111111
4371	31	86.11111111111111
4372	31	86.11111111111111
4373	31	86.11111111111111
4374	31	86.11111111111111
4375	31	86.11111111111111
4376	31	86.11111111111111
4377	31	86.11111111111111
4378	31	86.11111111111111
4379	31	86.11111111111111
4380	31	86.11111111111111
4381	31	86.11111111111111
4382	31	86.11111111111111
4383	31	86.11111111111111
4384	31	86.11111111111111
4385	31	86.11111111111111
4386	31	86.11111111111111
4387	31	86.11111111111111
4388	31	86.11111111111111
4389	31	86.11111111111111
4390	31	86.11111111111111
4391	31	86.11111111111111
4392	31	86.11111111111111
4393	31	86.11111111111111
4394	31	86.11111111111111
4395	31	86.11111111111111
4396	31	86.11111111111111
4397	31	86.11111111111111
4398	31	86.11111111111111
4399	31	86.11111111111111
4400	31	86.11111111111111
4401	31	86.11111111111111
4402	31	86.11111111111111
4403	31	86.11111111111111
4404	31	86.11111111111111
4405	31	86.11111111111111
4406	31	86.11111111111111
4407	31	86.11111111111111
4408	31	86.11111111111111
4409	31	86.11111111111111
4410	31	86.11111111111111
4411	31	86.11111111111111
4412	31	86.11111111111111
4413	31	86.11111111111111
4414	31	86.11111111111111
4415	31	86.11111111111111
4416	31	86.11111111111111
4417	31	86.11111111111111
4418	31	86.11111111111111
4419	31	86.11111111111111
4420	31	86.11111111111111
4421	31	86.11111111111111
4422	31	86.11111111111111
4423	31	86.11111111111111
4424	31	86.11111111111111
4425	31	86.11111111111111
4426	31	86.11111111111111
4427	31	86.11111111111111
4428	31	86.11111111111111
4429	31	86.11111111111111
4430	31	86.11111111111111
4431	31	86.11111111111111
4432	31	86.11111111111111
4433	31	86.11111111111111
4434	31	86.11111111111111
4435	31	86.11111111111111
4436	31	86.11111111111111
4437	31	86.11111111111111
4438	31	86.11111111111111
4439	31	86.11111111111111
4440	31	86.11111111111111
4441	31	86.11111111111111
4442	31	86.11111111111111
4443	31	86.11111111111111
4444	31	86.11111111111111
4445	31	86.11111111111111
4446	31	86.11111111111111
4447	31	86.11111111111111
4448	31	86.11111111111111
4449	31	86.11111111111111
4450	31	86.11111111111111
4451	31	86.11111111111111
4452	31	86.11111111111111
4453	31	86.11111111111111
4454	31	86.11111111111111
4455	31	86.11111111111111
4456	31	86.11111111111111
4457	31	86.11111111111111
4458	31	86.11111111111111
4459	31	86.11111111111111
4460	31	86.11111111111111
4461	31	86.11111111111111
4462	31	86.11111111111111
4463	31	86.11111111111111
4464	31	86.11111111111111
4465	31	86.11111111111111
4466	31	86.11111111111111
4467	31	86.11111111111111
4468	31	86.11111111111111
4469	31	86.11111111111111
4470	31	86.11111111111111
4471	31	86.11111111111111
4472	31	86.11111111111111
4473	31	86.11111111111111
4474	31	86.11111111111111
4475	31	86.11111111111111
4476	31	86.11111111111111
4477	31	86.11111111111111
4478	31	86.11111111111111
4479	31	86.11111111111111
4480	31	86.11111111111111
4481	31	86.11111111111111
4482	31	86.11111111111111
4483	31	86.11111111111111
4484	31	86.11111111111111
4485	31	86.11111111111111
4486	31	86.11111111111111
4487	31	86.11111111111111
4488	31	86.11111111111111
4489	31	86.11111111111111
4490	31	86.11111111111111
4491	31	86.11111111111111
4492	31	86.11111111111111
4493	31	86.11111111111111
4494	31	86.11111111111111
4495	31	86.11111111111111
4496	31	86.11111111111111
4497	31	86.11111111111111
4498	31	86.11111111111111
4499	31	86.11111111111111
4500	31	86.11111111111111
4501	31	86.11111111111111
4502	31	86.11111111111111
4503	31	86.11111111111111
4504	31	86.11111111111111
4505	31	86.11111111111111
4506	31	86.11111111111111
4507	31	86.11111111111111
4508	31	86.11111111111111
4509	31	86.11111111111111
4510	31	86.11111111111111
4511	31	86.11111111111111
4512	31	86.11111111111111
4513	31	86.11111111111111
4514	31	86.11111111111111
4515	31	86.11111111111111
4516	31	86.11111111111111
4517	31	86.11111111111111
4518	31	86.11111111111111
4519	31	86.11111111111111
4520	31	86.11111111111111
4521	31	86.11111111111111
4522	31	86.11111111111111
4523	31	86.11111111111111
4524	31	86.11111111111111
4525	31	86.11111111111111
4526	31	86.11111111111111
4527	31	86.11111111111111
4528	31	86.11111111111111
4529	31	86.11111111111111
4530	31	86.11111111111111
4531	31	86.11111111111111
4532	31	86.11111111111111
4533	31	86.11111111111111
4534	31	86.11111111111111
4535	31	86.11111111111111
4536	31	86.11111111111111
4537	31	86.11111111111111
4538	31	86.11111111111111
4539	31	86.11111111111111
4540	31	86.11111111111111
4541	31	86.11111111111111
4542	31	86.11111111111111
4543	31	86.11111111111111
4544	31	86.11111111111111
4545	31	86.11111111111111
4546	31	86.11111111111111
4547	31	86.11111111111111
4548	31	86.11111111111111
4549	31	86.11111111111111
4550	31	86.11111111111111
4551	31	86.11111111111111
4552	31	86.11111111111111
4553	31	86.11111111111111
4554	31	86.11111111111111
4555	31	86.11111111111111
4556	31	86.11111111111111
4557	31	86.11111111111111
4558	31	86.11111111111111
4559	31	86.11111111111111
4560	31	86.11111111111111
4561	31	86.11111111111111
4562	31	86.11111111111111
4563	31	86.11111111111111
4564	31	86.11111111111111
4565	31	86.11111111111111
4566	31	86.11111111111111
4567	31	86.11111111111111
4568	31	86.11111111111111
4569	31	86.11111111111111
4570	31	86.11111111111111
4571	31	86.11111111111111
4572	31	86.11111111111111
4573	31	86.11111111111111
4574	31	86.11111111111111
4575	31	86.11111111111111
4576	31	86.11111111111111
4577	31	86.11111111111111
4578	31	86.11111111111111
4579	31	86.11111111111111
4580	31	86.11111111111111
4581	31	86.11111111111111
4582	31	86.11111111111111
4583	31	86.11111111111111
4584	31	86.11111111111111
4585	31	86.11111111111111
4586	31	86.11111111111111
4587	31	86.11111111111111
4588	31	86.11111111111111
4589	31	86.11111111111111
4590	31	86.11111111111111
4591	31	86.11111111111111
4592	31	86.11111111111111
4593	31	86.11111111111111
4594	31	86.11111111111111
4595	31	86.11111111111111
4596	31	86.11111111111111
4597	31	86.11111111111111
4598	31	86.11111111111111
4599	31	86.11111111111111
4600	31	86.11111111111111
4601	31	86.11111111111111
4602	31	86.11111111111111
4603	31	86.11111111111111
4604	31	86.11111111111111
4605	31	86.11111111111111
4606	31	86.11111111111111
4607	31	86.11111111111111
4608	31	86.11111111111111
4609	31	86.11111111111111
4610	31	86.11111111111111
4611	31	86.11111111111111
4612	31	86.11111111111111
4613	31	86.11111111111111
4614	31	86.11111111111111
4615	31	86.11111111111111
4616	31	86.11111111111111
4617	31	86.11111111111111
4618	31	86.11111111111111
4619	31	86.11111111111111
4620	31	86.11111111111111
4621	31	86.11111111111111
4622	31	86.11111111111111
4623	31	86.11111111111111
4624	31	86.11111111111111
4625	31	86.11111111111111
4626	31	86.11111111111111
4627	31	86.11111111111111
4628	31	86.11111111111111
4629	31	86.11111111111111
4630	31	86.11111111111111
4631	31	86.11111111111111
4632	31	86.11111111111111
4633	31	86.11111111111111
4634	31	86.11111111111111
4635	31	86.11111111111111
4636	31	86.11111111111111
4637	31	86.11111111111111
4638	31	86.11111111111111
4639	31	86.11111111111111
4640	31	86.11111111111111
4641	31	86.11111111111111
4642	31	86.11111111111111
4643	31	86.11111111111111
4644	31	86.11111111111111
4645	31	86.11111111111111
4646	31	86.11111111111111
4647	31	86.11111111111111
4648	31	86.11111111111111
4649	31	86.11111111111111
4650	31	86.11111111111111
4651	31	86.11111111111111
4652	31	86.11111111111111
4653	31	86.11111111111111
4654	31	86.11111111111111
4655	31	86.11111111111111
4656	31	86.11111111111111
4657	31	86.11111111111111
4658	31	86.11111111111111
4659	31	86.11111111111111
4660	31	86.11111111111111
4661	31	86.11111111111111
4662	31	86.11111111111111
4663	31	86.11111111111111
4664	31	86.11111111111111
4665	31	86.11111111111111
4666	31	86.11111111111111
4667	31	86.11111111111111
4668	31	86.11111111111111
4669	31	86.11111111111111
4670	31	86.11111111111111
4671	31	86.11111111111111
4672	31	86.11111111111111
4673	31	86.11111111111111
4674	31	86.11111111111111
4675	31	86.11111111111111
4676	31	86.11111111111111
4677	31	86.11111111111111
4678	31	86.11111111111111
4679	31	86.11111111111111
4680	31	86.11111111111111
4681	31	86.11111111111111
4682	31	86.11111111111111
4683	31	86.11111111111111
4684	31	86.11111111111111
4685	31	86.11111111111111
4686	31	86.11111111111111
4687	31	86.11111111111111
4688	31	86.11111111111111
4689	31	86.11111111111111
4690	31	86.11111111111111
4691	31	86.11111111111111
4692	31	86.11111111111111
4693	31	86.11111111111111
4694	31	86.11111111111111
4695	31	86.11111111111111
4696	31	86.11111111111111
4697	31	86.11111111111111
4698	31	86.11111111111111
4699	31	86.11111111111111
4700	31	86.11111111111111
4701	31	86.11111111111111
4702	31	86.11111111111111
4703	31	86.11111111111111
4704	31	86.11111111111111
4705	31	86.11111111111111
4706	31	86.11111111111111
4707	31	86.11111111111111
4708	31	86.11111111111111
4709	31	86.11111111111111
4710	31	86.11111111111111
4711	31	86.11111111111111
4712	31	86.11111111111111
4713	31	86.11111111111111
4714	31	86.11111111111111
4715	31	86.11111111111111
4716	31	86.11111111111111
4717	31	86.11111111111111
4718	31	86.11111111111111
4719	31	86.11111111111111
4720	31	86.11111111111111
4721	31	86.11111111111111
4722	31	86.11111111111111
4723	31	86.11111111111111
4724	31	86.11111111111111
4725	31	86.11111111111111
4726	31	86.11111111111111
4727	31	86.11111111111111
4728	31	86.11111111111111
4729	31	86.11111111111111
4730	31	86.11111111111111
4731	31	86.11111111111111
4732	31	86.11111111111111
4733	31	86.11111111111111
4734	31	86.11111111111111
4735	31	86.11111111111111
4736	31	86.11111111111111
4737	31	86.11111111111111
4738	31	86.11111111111111
4739	31	86.11111111111111
4740	31	86.11111111111111
4741	31	86.11111111111111
4742	31	86.11111111111111
4743	31	86.11111111111111
4744	31	86.11111111111111
4745	31	86.11111111111111
4746	31	86.11111111111111
4747	31	86.11111111111111
4748	31	86.11111111111111
4749	31	86.11111111111111
4750	31	86.11111111111111
4751	31	86.11111111111111
4752	31	86.11111111111111
4753	31	86.11111111111111
4754	31	86.11111111111111
4755	31	86.11111111111111
4756	31	86.11111111111111
4757	31	86.11111111111111
4758	31	86.11111111111111
4759	31	86.11111111111111
4760	31	86.11111111111111
4761	31	86.11111111111111
4762	31	86.11111111111111
4763	31	86.11111111111111
4764	31	86.11111111111111
4765	31	86.11111111111111
4766	31	86.11111111111111
4767	31	86.11111111111111
4768	31	86.11111111111111
4769	31	86.11111111111111
4770	31	86.11111111111111
4771	31	86.11111111111111
4772	31	86.11111111111111
4773	31	86.11111111111111
4774	31	86.11111111111111
4775	31	86.11111111111111
4776	31	86.11111111111111
4777	31	86.11111111111111
4778	31	86.11111111111111
4779	31	86.11111111111111
4780	31	86.11111111111111
4781	31	86.11111111111111
4782	31	86.11111111111111
4783	31	86.11111111111111
4784	31	86.11111111111111
4785	31	86.11111111111111
4786	31	86.11111111111111
4787	31	86.11111111111111
4788	31	86.11111111111111
4789	31	86.11111111111111
4790	31	86.11111111111111
4791	31	86.11111111111111
4792	31	86.11111111111111
4793	31	86.11111111111111
4794	31	86.11111111111111
4795	31	86.11111111111111
4796	31	86.11111111111111
4797	31	86.11111111111111
4798	31	86.11111111111111
4799	31	86.11111111111111
4800	31	86.11111111111111
4801	31	86.11111111111111
4802	31	86.11111111111111
4803	31	86.11111111111111
4804	31	86.11111111111111
4805	31	86.11111111111111
4806	31	86.11111111111111
4807	31	86.11111111111111
4808	31	86.11111111111111
4809	31	86.11111111111111
4810	31	86.11111111111111
4811	31	86.11111111111111
4812	31	86.11111111111111
4813	31	86.11111111111111
4814	31	86.11111111111111
4815	31	86.11111111111111
4816	31	86.11111111111111
4817	31	86.11111111111111
4818	31	86.11111111111111
4819	31	86.11111111111111
4820	31	86.11111111111111
4821	31	86.11111111111111
4822	31	86.11111111111111
4823	31	86.11111111111111
4824	31	86.11111111111111
4825	31	86.11111111111111
4826	31	86.11111111111111
4827	31	86.11111111111111
4828	31	86.11111111111111
4829	31	86.11111111111111
4830	31	86.11111111111111
4831	31	86.11111111111111
4832	31	86.11111111111111
4833	31	86.11111111111111
4834	31	86.11111111111111
4835	31	86.11111111111111
4836	31	86.11111111111111
4837	31	86.11111111111111
4838	31	86.11111111111111
4839	31	86.11111111111111
4840	31	86.11111111111111
4841	31	86.11111111111111
4842	31	86.11111111111111
4843	31	86.11111111111111
4844	31	86.11111111111111
4845	31	86.11111111111111
4846	31	86.11111111111111
4847	31	86.11111111111111
4848	31	86.11111111111111
4849	31	86.11111111111111
4850	31	86.11111111111111
4851	31	86.11111111111111
4852	31	86.11111111111111
4853	31	86.11111111111111
4854	31	86.11111111111111
4855	31	86.11111111111111
4856	31	86.11111111111111
4857	31	86.11111111111111
4858	31	86.11111111111111
4859	31	86.11111111111111
4860	31	86.11111111111111
4861	31	86.11111111111111
4862	31	86.11111111111111
4863	31	86.11111111111111
4864	31	86.11111111111111
4865	31	86.11111111111111
4866	31	86.11111111111111
4867	31	86.11111111111111
4868	31	86.11111111111111
4869	31	86.11111111111111
4870	31	86.11111111111111
4871	31	86.11111111111111
4872	31	86.11111111111111
4873	31	86.11111111111111
4874	31	86.11111111111111
4875	31	86.11111111111111
4876	31	86.11111111111111
4877	31	86.11111111111111
4878	31	86.11111111111111
4879	31	86.11111111111111
4880	31	86.11111111111111
4881	31	86.11111111111111
4882	31	86.11111111111111
4883	31	86.11111111111111
4884	31	86.11111111111111
4885	31	86.11111111111111
4886	31	86.11111111111111
4887	31	86.11111111111111
4888	31	86.11111111111111
4889	31	86.11111111111111
4890	31	86.11111111111111
4891	31	86.11111111111111
4892	31	86.11111111111111
4893	31	86.11111111111111
4894	31	86.11111111111111
4895	31	86.11111111111111
4896	31	86.11111111111111
4897	31	86.11111111111111
4898	31	86.11111111111111
4899	31	86.11111111111111
4900	31	86.11111111111111
4901	31	86.11111111111111
4902	31	86.11111111111111
4903	31	86.11111111111111
4904	31	86.11111111111111
4905	31	86.11111111111111
4906	31	86.11111111111111
4907	31	86.11111111111111
4908	31	86.11111111111111
4909	31	86.11111111111111
4910	31	86.11111111111111
4911	31	86.11111111111111
4912	31	86.11111111111111
4913	31	86.11111111111111
4914	31	86.11111111111111
4915	31	86.11111111111111
4916	31	86.11111111111111
4917	31	86.11111111111111
4918	31	86.11111111111111
4919	31	86.11111111111111
4920	31	86.11111111111111
4921	31	86.11111111111111
4922	31	86.11111111111111
4923	31	86.11111111111111
4924	31	86.11111111111111
4925	31	86.11111111111111
4926	31	86.11111111111111
4927	31	86.11111111111111
4928	31	86.11111111111111
4929	31	86.11111111111111
4930	31	86.11111111111111
4931	31	86.11111111111111
4932	31	86.11111111111111
4933	31	86.11111111111111
4934	31	86.11111111111111
4935	31	86.11111111111111
4936	31	86.11111111111111
4937	31	86.11111111111111
4938	31	86.11111111111111
4939	31	86.11111111111111
4940	31	86.11111111111111
4941	31	86.11111111111111
4942	31	86.11111111111111
4943	31	86.11111111111111
4944	31	86.11111111111111
4945	31	86.11111111111111
4946	31	86.11111111111111
4947	31	86.11111111111111
4948	31	86.11111111111111
4949	31	86.11111111111111
4950	31	86.11111111111111
4951	31	86.11111111111111
4952	31	86.11111111111111
4953	31	86.11111111111111
4954	31	86.11111111111111
4955	31	86.11111111111111
4956	31	86.11111111111111
4957	31	86.11111111111111
4958	31	86.11111111111111
4959	31	86.11111111111111
4960	31	86.11111111111111
4961	31	86.11111111111111
4962	31	86.11111111111111
4963	31	86.11111111111111
4964	31	86.11111111111111
4965	31	86.11111111111111
4966	31	86.11111111111111
4967	31	86.11111111111111
4968	31	86.11111111111111
4969	31	86.11111111111111
4970	31	86.11111111111111
4971	31	86.11111111111111
4972	31	86.11111111111111
4973	31	86.11111111111111
4974	31	86.11111111111111
4975	31	86.11111111111111
4976	31	86.11111111111111
4977	31	86.11111111111111
4978	31	86.11111111111111
4979	31	86.11111111111111
4980	31	86.11111111111111
4981	31	86.11111111111111
4982	31	86.11111111111111
4983	31	86.11111111111111
4984	31	86.11111111111111
4985	31	86.11111111111111
4986	31	86.11111111111111
4987	31	86.11111111111111
4988	31	86.11111111111111
4989	31	86.11111111111111
4990	31	86.11111111111111
4991	31	86.11111111111111
4992	31	86.11111111111111
4993	31	86.11111111111111
4994	31	86.11111111111111
4995	31	86.11111111111111
4996	31	86.11111111111111
4997	31	86.11111111111111
4998	31	86.11111111111111
4999	31	86.11111111111111
5000	31	86.11111111111111
5001	31	86.11111111111111
5002	31	86.11111111111111
5003	31	86.11111111111111
5004	31	86.11111111111111
5005	31	86.11111111111111
5006	31	86.11111111111111
5007	31	86.11111111111111
5008	31	86.11111111111111
5009	31	86.11111111111111
5010	31	86.11111111111111
5011	31	86.11111111111111
5012	31	86.11111111111111
5013	31	86.11111111111111
5014	31	86.11111111111111
5015	31	86.11111111111111
5016	31	86.11111111111111
5017	31	86.11111111111111
5018	31	86.11111111111111
5019	31	86.11111111111111
5020	31	86.11111111111111
5021	31	86.11111111111111
5022	31	86.11111111111111
5023	31	86.11111111111111
5024	31	86.11111111111111
5025	31	86.11111111111111
5026	31	86.11111111111111
5027	31	86.11111111111111
5028	31	86.11111111111111
5029	31	86.11111111111111
5030	31	86.11111111111111
5031	31	86.11111111111111
5032	31	86.11111111111111
5033	31	86.11111111111111
5034	31	86.11111111111111
5035	31	86.11111111111111
5036	31	86.11111111111111
5037	31	86.11111111111111
5038	31	86.11111111111111
5039	31	86.11111111111111
5040	31	86.11111111111111
5041	31	86.11111111111111
5042	31	86.11111111111111
5043	31	86.11111111111111
5044	31	86.11111111111111
5045	31	86.11111111111111
5046	31	86.11111111111111
5047	31	86.11111111111111
5048	31	86.11111111111111
5049	31	86.11111111111111
5050	31	86.11111111111111
5051	31	86.11111111111111
5052	31	86.11111111111111
5053	31	86.11111111111111
5054	31	86.11111111111111
5055	31	86.11111111111111
5056	31	86.11111111111111
5057	31	86.11111111111111
5058	31	86.11111111111111
5059	31	86.11111111111111
5060	31	86.11111111111111
5061	31	86.11111111111111
5062	31	86.11111111111111
5063	31	86.11111111111111
5064	31	86.11111111111111
5065	31	86.11111111111111
5066	31	86.11111111111111
5067	31	86.11111111111111
5068	31	86.11111111111111
5069	31	86.11111111111111
5070	31	86.11111111111111
5071	31	86.11111111111111
5072	31	86.11111111111111
5073	31	86.11111111111111
5074	31	86.11111111111111
5075	31	86.11111111111111
5076	31	86.11111111111111
5077	31	86.11111111111111
5078	31	86.11111111111111
5079	31	86.11111111111111
5080	31	86.11111111111111
5081	31	86.11111111111111
5082	31	86.11111111111111
5083	31	86.11111111111111
5084	31	86.11111111111111
5085	31	86.11111111111111
5086	31	86.11111111111111
5087	31	86.11111111111111
5088	31	86.11111111111111
5089	31	86.11111111111111
5090	31	86.11111111111111
5091	31	86.11111111111111
5092	31	86.11111111111111
5093	31	86.11111111111111
5094	31	86.11111111111111
5095	31	86.11111111111111
5096	31	86.11111111111111
5097	31	86.11111111111111
5098	31	86.11111111111111
5099	31	86.11111111111111
5100	31	86.11111111111111
5101	31	86.11111111111111
5102	31	86.11111111111111
5103	31	86.11111111111111
5104	31	86.11111111111111
5105	31	86.11111111111111
5106	31	86.11111111111111
5107	31	86.11111111111111
5108	31	86.11111111111111
5109	31	86.11111111111111
5110	31	86.11111111111111
5111	31	86.11111111111111
5112	31	86.11111111111111
5113	31	86.11111111111111
5114	31	86.11111111111111
5115	31	86.11111111111111
5116	31	86.11111111111111
5117	31	86.11111111111111
5118	31	86.11111111111111
5119	31	86.11111111111111
5120	31	86.11111111111111
5121	31	86.11111111111111
5122	31	86.11111111111111
5123	31	86.11111111111111
5124	31	86.11111111111111
5125	31	86.11111111111111
5126	31	86.11111111111111
5127	31	86.11111111111111
5128	31	86.11111111111111
5129	31	86.11111111111111
5130	31	86.11111111111111
5131	31	86.11111111111111
5132	31	86.11111111111111
5133	31	86.11111111111111
5134	31	86.11111111111111
5135	31	86.11111111111111
5136	31	86.11111111111111
5137	31	86.11111111111111
5138	31	86.11111111111111
5139	31	86.11111111111111
5140	31	86.11111111111111
5141	31	86.11111111111111
5142	31	86.11111111111111
5143	31	86.11111111111111
5144	31	86.11111111111111
5145	31	86.11111111111111
5146	31	86.11111111111111
5147	31	86.11111111111111
5148	31	86.11111111111111
5149	31	86.11111111111111
5150	31	86.11111111111111
5151	31	86.11111111111111
5152	31	86.11111111111111
5153	31	86.11111111111111
5154	31	86.11111111111111
5155	31	86.11111111111111
5156	31	86.11111111111111
5157	31	86.11111111111111
5158	31	86.11111111111111
5159	31	86.11111111111111
5160	31	86.11111111111111
5161	31	86.11111111111111
5162	31	86.11111111111111
5163	31	86.11111111111111
5164	31	86.11111111111111
5165	31	86.11111111111111
5166	31	86.11111111111111
5167	31	86.11111111111111
5168	31	86.11111111111111
5169	31	86.11111111111111
5170	31	86.11111111111111
5171	31	86.11111111111111
5172	31	86.11111111111111
5173	31	86.11111111111111
5174	31	86.11111111111111
5175	31	86.11111111111111
5176	31	86.11111111111111
5177	31	86.11111111111111
5178	31	86.11111111111111
5179	31	86.11111111111111
5180	31	86.11111111111111
5181	31	86.11111111111111
5182	31	86.11111111111111
5183	31	86.11111111111111
5184	31	86.11111111111111
5185	31	86.11111111111111
5186	31	86.11111111111111
5187	31	86.11111111111111
5188	31	86.11111111111111
5189	31	86.11111111111111
5190	31	86.11111111111111
5191	31	86.11111111111111
5192	31	86.11111111111111
5193	31	86.11111111111111
5194	31	86.11111111111111
5195	31	86.11111111111111
5196	31	86.11111111111111
5197	31	86.11111111111111
5198	31	86.11111111111111
5199	31	86.11111111111111
5200	31	86.11111111111111
5201	31	86.11111111111111
5202	31	86.11111111111111
5203	31	86.11111111111111
5204	31	86.11111111111111
5205	31	86.11111111111111
5206	31	86.11111111111111
5207	31	86.11111111111111
5208	31	86.11111111111111
5209	31	86.11111111111111
5210	31	86.11111111111111
5211	31	86.11111111111111
5212	31	86.11111111111111
5213	31	86.11111111111111
5214	31	86.11111111111111
5215	31	86.11111111111111
5216	31	86.11111111111111
5217	31	86.11111111111111
5218	31	86.11111111111111
5219	31	86.11111111111111
5220	31	86.11111111111111
5221	31	86.11111111111111
5222	31	86.11111111111111
5223	31	86.11111111111111
5224	31	86.11111111111111
5225	31	86.11111111111111
5226	31	86.11111111111111
5227	31	86.11111111111111
5228	31	86.11111111111111
5229	31	86.11111111111111
5230	31	86.11111111111111
5231	31	86.11111111111111
5232	31	86.11111111111111
5233	31	86.11111111111111
5234	31	86.11111111111111
5235	31	86.11111111111111
5236	31	86.11111111111111
5237	31	86.11111111111111
5238	31	86.11111111111111
5239	31	86.11111111111111
5240	31	86.11111111111111
5241	31	86.11111111111111
5242	31	86.11111111111111
5243	31	86.11111111111111
5244	31	86.11111111111111
5245	31	86.11111111111111
5246	31	86.11111111111111
5247	31	86.11111111111111
5248	31	86.11111111111111
5249	31	86.11111111111111
5250	31	86.11111111111111
5251	31	86.11111111111111
5252	31	86.11111111111111
5253	31	86.11111111111111
5254	31	86.11111111111111
5255	31	86.11111111111111
5256	31	86.11111111111111
5257	31	86.11111111111111
5258	31	86.11111111111111
5259	31	86.11111111111111
5260	31	86.11111111111111
5261	31	86.11111111111111
5262	31	86.11111111111111
5263	31	86.11111111111111
5264	31	86.11111111111111
5265	31	86.11111111111111
5266	31	86.11111111111111
5267	31	86.11111111111111
5268	31	86.11111111111111
5269	31	86.11111111111111
5270	31	86.11111111111111
5271	31	86.11111111111111
5272	31	86.11111111111111
5273	31	86.11111111111111
5274	31	86.11111111111111
5275	31	86.11111111111111
5276	31	86.11111111111111
5277	31	86.11111111111111
5278	31	86.11111111111111
5279	31	86.11111111111111
5280	31	86.11111111111111
5281	31	86.11111111111111
5282	31	86.11111111111111
5283	31	86.11111111111111
5284	31	86.11111111111111
5285	31	86.11111111111111
5286	31	86.11111111111111
5287	31	86.11111111111111
5288	31	86.11111111111111
5289	31	86.11111111111111
5290	31	86.11111111111111
5291	31	86.11111111111111
5292	31	86.11111111111111
5293	31	86.11111111111111
5294	31	86.11111111111111
5295	31	86.11111111111111
5296	31	86.11111111111111
5297	31	86.11111111111111
5298	31	86.11111111111111
5299	31	86.11111111111111
5300	31	86.11111111111111
5301	31	86.11111111111111
5302	31	86.11111111111111
5303	31	86.11111111111111
5304	31	86.11111111111111
5305	31	86.11111111111111
5306	31	86.11111111111111
5307	31	86.11111111111111
5308	31	86.11111111111111
5309	31	86.11111111111111
5310	31	86.11111111111111
5311	31	86.11111111111111
5312	31	86.11111111111111
5313	31	86.11111111111111
5314	31	86.11111111111111
5315	31	86.11111111111111
5316	31	86.11111111111111
5317	31	86.11111111111111
5318	31	86.11111111111111
5319	31	86.11111111111111
5320	31	86.11111111111111
5321	31	86.11111111111111
5322	31	86.11111111111111
5323	31	86.11111111111111
5324	31	86.11111111111111
5325	31	86.11111111111111
5326	31	86.11111111111111
5327	31	86.11111111111111
5328	31	86.11111111111111
5329	31	86.11111111111111
5330	31	86.11111111111111
5331	31	86.11111111111111
5332	31	86.11111111111111
5333	31	86.11111111111111
5334	31	86.11111111111111
5335	31	86.11111111111111
5336	31	86.11111111111111
5337	31	86.11111111111111
5338	31	86.11111111111111
5339	31	86.11111111111111
5340	31	86.11111111111111
5341	31	86.11111111111111
5342	31	86.11111111111111
5343	31	86.11111111111111
5344	31	86.11111111111111
5345	31	86.11111111111111
5346	31	86.11111111111111
5347	31	86.11111111111111
5348	31	86.11111111111111
5349	31	86.11111111111111
5350	31	86.11111111111111
5351	31	86.11111111111111
5352	31	86.11111111111111
5353	31	86.11111111111111
5354	31	86.11111111111111
5355	31	86.11111111111111
5356	31	86.11111111111111
5357	31	86.11111111111111
5358	31	86.11111111111111
5359	31	86.11111111111111
5360	31	86.11111111111111
5361	31	86.11111111111111
5362	31	86.11111111111111
5363	31	86.11111111111111
5364	31	86.11111111111111
5365	31	86.11111111111111
5366	31	86.11111111111111
5367	31	86.11111111111111
5368	31	86.11111111111111
5369	31	86.11111111111111
5370	31	86.11111111111111
5371	31	86.11111111111111
5372	31	86.11111111111111
5373	31	86.11111111111111
5374	31	86.11111111111111
5375	31	86.11111111111111
5376	31	86.11111111111111
5377	31	86.11111111111111
5378	31	86.11111111111111
5379	31	86.11111111111111
5380	31	86.11111111111111
5381	31	86.11111111111111
5382	31	86.11111111111111
5383	31	86.11111111111111
5384	31	86.11111111111111
5385	31	86.11111111111111
5386	31	86.11111111111111
5387	31	86.11111111111111
5388	31	86.11111111111111
5389	31	86.11111111111111
5390	31	86.11111111111111
5391	31	86.11111111111111
5392	31	86.11111111111111
5393	31	86.11111111111111
5394	31	86.11111111111111
5395	31	86.11111111111111
5396	31	86.11111111111111
5397	31	86.11111111111111
5398	31	86.11111111111111
5399	31	86.11111111111111
5400	31	86.11111111111111
5401	31	86.11111111111111
5402	31	86.11111111111111
5403	31	86.11111111111111
5404	31	86.11111111111111
5405	31	86.11111111111111
5406	31	86.11111111111111
5407	31	86.11111111111111
5408	31	86.11111111111111
5409	31	86.11111111111111
5410	31	86.11111111111111
5411	31	86.11111111111111
5412	31	86.11111111111111
5413	31	86.11111111111111
5414	31	86.11111111111111
5415	31	86.11111111111111
5416	31	86.11111111111111
5417	31	86.11111111111111
5418	31	86.11111111111111
5419	31	86.11111111111111
5420	31	86.11111111111111
5421	31	86.11111111111111
5422	31	86.11111111111111
5423	31	86.11111111111111
5424	31	86.11111111111111
5425	31	86.11111111111111
5426	31	86.11111111111111
5427	31	86.11111111111111
5428	31	86.11111111111111
5429	31	86.11111111111111
5430	31	86.11111111111111
5431	31	86.11111111111111
5432	31	86.11111111111111
5433	31	86.11111111111111
5434	31	86.11111111111111
5435	31	86.11111111111111
5436	31	86.11111111111111
5437	31	86.11111111111111
5438	31	86.11111111111111
5439	31	86.11111111111111
5440	31	86.11111111111111
5441	31	86.11111111111111
5442	31	86.11111111111111
5443	31	86.11111111111111
5444	31	86.11111111111111
5445	31	86.11111111111111
5446	31	86.11111111111111
5447	31	86.11111111111111
5448	31	86.11111111111111
5449	31	86.11111111111111
5450	31	86.11111111111111
5451	31	86.11111111111111
5452	31	86.11111111111111
5453	31	86.11111111111111
5454	31	86.11111111111111
5455	31	86.11111111111111
5456	31	86.11111111111111
5457	31	86.11111111111111
5458	31	86.11111111111111
5459	31	86.11111111111111
5460	31	86.11111111111111
5461	31	86.11111111111111
5462	31	86.11111111111111
5463	31	86.11111111111111
5464	31	86.11111111111111
5465	31	86.11111111111111
5466	31	86.11111111111111
5467	31	86.11111111111111
5468	31	86.11111111111111
5469	31	86.11111111111111
5470	31	86.11111111111111
5471	31	86.11111111111111
5472	31	86.11111111111111
5473	31	86.11111111111111
5474	31	86.11111111111111
5475	31	86.11111111111111
5476	31	86.11111111111111
5477	31	86.11111111111111
5478	31	86.11111111111111
5479	31	86.11111111111111
5480	31	86.11111111111111
5481	31	86.11111111111111
5482	31	86.11111111111111
5483	31	86.11111111111111
5484	31	86.11111111111111
5485	31	86.11111111111111
5486	31	86.11111111111111
5487	31	86.11111111111111
5488	31	86.11111111111111
5489	31	86.11111111111111
5490	31	86.11111111111111
5491	31	86.11111111111111
5492	31	86.11111111111111
5493	31	86.11111111111111
5494	31	86.11111111111111
5495	31	86.11111111111111
5496	31	86.11111111111111
5497	31	86.11111111111111
5498	31	86.11111111111111
5499	31	86.11111111111111
5500	31	86.11111111111111
5501	31	86.11111111111111
5502	31	86.11111111111111
5503	31	86.11111111111111
5504	31	86.11111111111111
5505	31	86.11111111111111
5506	31	86.11111111111111
5507	31	86.11111111111111
5508	31	86.11111111111111
5509	31	86.11111111111111
5510	31	86.11111111111111
5511	31	86.11111111111111
5512	31	86.11111111111111
5513	31	86.11111111111111
5514	31	86.11111111111111
5515	31	86.11111111111111
5516	31	86.11111111111111
5517	31	86.11111111111111
5518	31	86.11111111111111
5519	31	86.11111111111111
5520	31	86.11111111111111
5521	31	86.11111111111111
5522	31	86.11111111111111
5523	31	86.11111111111111
5524	31	86.11111111111111
5525	31	86.11111111111111
5526	31	86.11111111111111
5527	31	86.11111111111111
5528	31	86.11111111111111
5529	31	86.11111111111111
5530	31	86.11111111111111
5531	31	86.11111111111111
5532	31	86.11111111111111
5533	31	86.11111111111111
5534	31	86.11111111111111
5535	31	86.11111111111111
5536	31	86.11111111111111
5537	31	86.11111111111111
5538	31	86.11111111111111
5539	31	86.11111111111111
5540	31	86.11111111111111
5541	31	86.11111111111111
5542	31	86.11111111111111
5543	31	86.11111111111111
5544	31	86.11111111111111
5545	31	86.11111111111111
5546	31	86.11111111111111
5547	29	80.55555555555556
5548	29	80.55555555555556
5549	29	80.55555555555556
5550	29	80.55555555555556
5551	29	80.55555555555556
5552	29	80.55555555555556
5553	29	80.55555555555556
5554	29	80.55555555555556
5555	29	80.55555555555556
5556	29	80.55555555555556
5557	29	80.55555555555556
5558	29	80.55555555555556
5559	29	80.55555555555556
5560	29	80.55555555555556
5561	29	80.55555555555556
5562	29	80.55555555555556
5563	29	80.55555555555556
5564	29	80.55555555555556
5565	29	80.55555555555556
5566	29	80.55555555555556
5567	29	80.55555555555556
5568	29	80.55555555555556
5569	29	80.55555555555556
5570	29	80.55555555555556
5571	29	80.55555555555556
5572	29	80.55555555555556
5573	29	80.55555555555556
5574	29	80.55555555555556
5575	29	80.55555555555556
5576	29	80.55555555555556
5577	29	80.55555555555556
5578	29	80.55555555555556
5579	29	80.55555555555556
5580	29	80.55555555555556
5581	29	80.55555555555556
5582	29	80.55555555555556
5583	29	80.55555555555556
5584	29	80.55555555555556
5585	29	80.55555555555556
5586	29	80.55555555555556
5587	29	80.55555555555556
5588	29	80.55555555555556
5589	29	80.55555555555556
5590	29	80.55555555555556
5591	29	80.55555555555556
5592	29	80.55555555555556
5593	29	80.55555555555556
5594	29	80.55555555555556
5595	29	80.55555555555556
5596	29	80.55555555555556
5597	29	80.55555555555556
5598	29	80.55555555555556
5599	29	80.55555555555556
5600	29	80.55555555555556
5601	29	80.55555555555556
5602	29	80.55555555555556
5603	29	80.55555555555556
5604	29	80.55555555555556
5605	29	80.55555555555556
5606	29	80.55555555555556
5607	29	80.55555555555556
5608	29	80.55555555555556
5609	29	80.55555555555556
5610	29	80.55555555555556
5611	29	80.55555555555556
5612	29	80.55555555555556
5613	29	80.55555555555556
5614	29	80.55555555555556
5615	29	80.55555555555556
5616	29	80.55555555555556
5617	29	80.55555555555556
5618	29	80.55555555555556
5619	29	80.55555555555556
5620	29	80.55555555555556
5621	29	80.55555555555556
5622	29	80.55555555555556
5623	29	80.55555555555556
5624	29	80.55555555555556
5625	29	80.55555555555556
5626	29	80.55555555555556
5627	29	80.55555555555556
5628	29	80.55555555555556
5629	29	80.55555555555556
5630	29	80.55555555555556
5631	29	80.55555555555556
5632	29	80.55555555555556
5633	29	80.55555555555556
5634	29	80.55555555555556
5635	29	80.55555555555556
5636	29	80.55555555555556
5637	29	80.55555555555556
5638	29	80.55555555555556
5639	29	80.55555555555556
5640	29	80.55555555555556
5641	29	80.55555555555556
5642	29	80.55555555555556
5643	29	80.55555555555556
5644	29	80.55555555555556
5645	29	80.55555555555556
5646	29	80.55555555555556
5647	29	80.55555555555556
5648	29	80.55555555555556
5649	29	80.55555555555556
5650	29	80.55555555555556
5651	29	80.55555555555556
5652	29	80.55555555555556
5653	29	80.55555555555556
5654	29	80.55555555555556
5655	29	80.55555555555556
5656	29	80.55555555555556
5657	29	80.55555555555556
5658	28	77.77777777777777
5659	28	77.77777777777777
5660	28	77.77777777777777
5661	28	77.77777777777777
5662	28	77.77777777777777
5663	28	77.77777777777777
5664	28	77.77777777777777
5665	28	77.77777777777777
5666	28	77.77777777777777
5667	28	77.77777777777777
5668	28	77.77777777777777
5669	28	77.77777777777777
5670	28	77.77777777777777
5671	28	77.77777777777777
5672	28	77.77777777777777
5673	28	77.77777777777777
5674	28	77.77777777777777
5675	28	77.77777777777777
5676	28	77.77777777777777
5677	28	77.77777777777777
5678	28	77.77777777777777
5679	28	77.77777777777777
5680	28	77.77777777777777
5681	28	77.77777777777777
5682	28	77.77777777777777
5683	28	77.77777777777777
5684	28	77.77777777777777
5685	28	77.77777777777777
5686	28	77.77777777777777
5687	28	77.77777777777777
5688	28	77.77777777777777
5689	28	77.77777777777777
5690	28	77.77777777777777
5691	28	77.77777777777777
5692	28	77.77777777777777
5693	28	77.77777777777777
5694	28	77.77777777777777
5695	28	77.77777777777777
5696	28	77.77777777777777
5697	28	77.77777777777777
5698	28	77.77777777777777
5699	28	77.77777777777777
5700	28	77.77777777777777
5701	28	77.77777777777777
5702	28	77.77777777777777
5703	26	72.22222222222223
5704	26	72.22222222222223
5705	26	72.22222222222223
5706	26	72.22222222222223
5707	26	72.22222222222223
5708	26	72.22222222222223
5709	26	72.22222222222223
5710	26	72.22222222222223
5711	26	72.22222222222223
5712	26	72.22222222222223
5713	26	72.22222222222223
5714	26	72.22222222222223
5715	26	72.22222222222223
5716	26	72.22222222222223
5717	26	72.22222222222223
5718	26	72.22222222222223
5719	26	72.22222222222223
5720	26	72.22222222222223
5721	26	72.22222222222223
5722	26	72.22222222222223
5723	26	72.22222222222223
5724	26	72.22222222222223
5725	26	72.22222222222223
5726	26	72.22222222222223
5727	26	72.22222222222223
5728	26	72.22222222222223
5729	26	72.22222222222223
5730	26	72.22222222222223
5731	26	72.22222222222223
5732	26	72.22222222222223
5733	26	72.22222222222223
5734	26	72.22222222222223
5735	26	72.22222222222223
5736	26	72.22222222222223
5737	26	72.22222222222223
5738	26	72.22222222222223
5739	26	72.22222222222223
5740	26	72.22222222222223
5741	26	72.22222222222223
5742	26	72.22222222222223
5743	26	72.22222222222223
5744	26	72.22222222222223
5745	26	72.22222222222223
5746	26	72.22222222222223
5747	26	72.22222222222223
5748	26	72.22222222222223
5749	26	72.22222222222223
5750	26	72.22222222222223
5751	26	72.22222222222223
5752	26	72.22222222222223
5753	26	72.22222222222223
5754	26	72.22222222222223
5755	26	72.22222222222223
5756	26	72.22222222222223
5757	26	72.22222222222223
5758	26	72.22222222222223
5759	26	72.22222222222223
5760	26	72.22222222222223
5761	25	69.44444444444444
5762	25	69.44444444444444
5763	25	69.44444444444444
5764	25	69.44444444444444
5765	25	69.44444444444444
5766	25	69.44444444444444
5767	25	69.44444444444444
5768	25	69.44444444444444
5769	25	69.44444444444444
5770	25	69.44444444444444
5771	25	69.44444444444444
5772	25	69.44444444444444
5773	25	69.44444444444444
5774	25	69.44444444444444
5775	25	69.44444444444444
5776	25	69.44444444444444
5777	25	69.44444444444444
5778	25	69.44444444444444
5779	25	69.44444444444444
5780	25	69.44444444444444
5781	25	69.44444444444444
5782	25	69.44444444444444
5783	25	69.44444444444444
5784	25	69.44444444444444
5785	25	69.44444444444444
5786	25	69.44444444444444
5787	25	69.44444444444444
5788	25	69.44444444444444
5789	25	69.44444444444444
5790	25	69.44444444444444
5791	25	69.44444444444444
5792	25	69.44444444444444
5793	25	69.44444444444444
5794	25	69.44444444444444
5795	25	69.44444444444444
5796	25	69.44444444444444
5797	25	69.44444444444444
5798	25	69.44444444444444
5799	25	69.44444444444444
5800	25	69.44444444444444
5801	25	69.44444444444444
5802	25	69.44444444444444
5803	25	69.44444444444444
5804	25	69.44444444444444
5805	25	69.44444444444444
5806	25	69.44444444444444
5807	25	69.44444444444444
5808	25	69.44444444444444
5809	25	69.44444444444444
5810	25	69.44444444444444
5811	25	69.44444444444444
5812	25	69.44444444444444
5813	25	69.44444444444444
5814	25	69.44444444444444
5815	25	69.44444444444444
5816	25	69.44444444444444
5817	25	69.44444444444444
5818	25	69.44444444444444
5819	25	69.44444444444444
5820	25	69.44444444444444
5821	25	69.44444444444444
5822	25	69.44444444444444
5823	25	69.44444444444444
5824	25	69.44444444444444
5825	25	69.44444444444444
5826	25	69.44444444444444
5827	25	69.44444444444444
5828	25	69.44444444444444
5829	25	69.44444444444444
5830	25	69.44444444444444
5831	25	69.44444444444444
5832	25	69.44444444444444
5833	25	69.44444444444444
5834	25	69.44444444444444
5835	25	69.44444444444444
5836	25	69.44444444444444
5837	25	69.44444444444444
5838	25	69.44444444444444
5839	25	69.44444444444444
5840	25	69.44444444444444
5841	25	69.44444444444444
5842	25	69.44444444444444
5843	25	69.44444444444444
5844	25	69.44444444444444
5845	25	69.44444444444444
5846	25	69.44444444444444
5847	25	69.44444444444444
5848	25	69.44444444444444
5849	25	69.44444444444444
5850	25	69.44444444444444
5851	25	69.44444444444444
5852	25	69.44444444444444
5853	25	69.44444444444444
5854	25	69.44444444444444
5855	25	69.44444444444444
5856	25	69.44444444444444
5857	25	69.44444444444444
5858	25	69.44444444444444
5859	25	69.44444444444444
5860	25	69.44444444444444
5861	25	69.44444444444444
5862	25	69.44444444444444
5863	25	69.44444444444444
5864	25	69.44444444444444
5865	25	69.44444444444444
5866	25	69.44444444444444
5867	25	69.44444444444444
5868	25	69.44444444444444
5869	25	69.44444444444444
5870	25	69.44444444444444
5871	25	69.44444444444444
5872	25	69.44444444444444
5873	25	69.44444444444444
5874	25	69.44444444444444
5875	25	69.44444444444444
5876	25	69.44444444444444
5877	25	69.44444444444444
5878	25	69.44444444444444
5879	25	69.44444444444444
5880	25	69.44444444444444
5881	25	69.44444444444444
5882	25	69.44444444444444
5883	25	69.44444444444444
5884	25	69.44444444444444
5885	25	69.44444444444444
5886	25	69.44444444444444
5887	25	69.44444444444444
5888	25	69.44444444444444
5889	25	69.44444444444444
5890	25	69.44444444444444
5891	25	69.44444444444444
5892	25	69.44444444444444
5893	25	69.44444444444444
5894	25	69.44444444444444
5895	25	69.44444444444444
5896	25	69.44444444444444
5897	25	69.44444444444444
5898	25	69.44444444444444
5899	25	69.44444444444444
5900	25	69.44444444444444
5901	25	69.44444444444444
5902	25	69.44444444444444
5903	25	69.44444444444444
5904	25	69.44444444444444
5905	25	69.44444444444444
5906	25	69.44444444444444
5907	25	69.44444444444444
5908	25	69.44444444444444
5909	25	69.44444444444444
5910	25	69.44444444444444
5911	25	69.44444444444444
5912	25	69.44444444444444
5913	25	69.44444444444444
5914	25	69.44444444444444
5915	25	69.44444444444444
5916	25	69.44444444444444
5917	25	69.44444444444444
5918	25	69.44444444444444
5919	25	69.44444444444444
5920	25	69.44444444444444
5921	25	69.44444444444444
5922	25	69.44444444444444
5923	25	69.44444444444444
5924	25	69.44444444444444
5925	25	69.44444444444444
5926	25	69.44444444444444
5927	25	69.44444444444444
5928	25	69.44444444444444
5929	25	69.44444444444444
5930	25	69.44444444444444
5931	25	69.44444444444444
5932	25	69.44444444444444
5933	25	69.44444444444444
5934	25	69.44444444444444
5935	25	69.44444444444444
5936	25	69.44444444444444
5937	25	69.44444444444444
5938	25	69.44444444444444
5939	25	69.44444444444444
5940	25	69.44444444444444
5941	25	69.44444444444444
5942	25	69.44444444444444
5943	25	69.44444444444444
5944	25	69.44444444444444
5945	25	69.44444444444444
5946	25	69.44444444444444
5947	25	69.44444444444444
5948	25	69.44444444444444
5949	25	69.44444444444444
5950	25	69.44444444444444
5951	25	69.44444444444444
5952	25	69.44444444444444
5953	25	69.44444444444444
5954	25	69.44444444444444
5955	25	69.44444444444444
5956	25	69.44444444444444
5957	25	69.44444444444444
5958	25	69.44444444444444
5959	25	69.44444444444444
5960	25	69.44444444444444
5961	25	69.44444444444444
5962	25	69.44444444444444
5963	25	69.44444444444444
5964	25	69.44444444444444
5965	25	69.44444444444444
5966	25	69.44444444444444
5967	25	69.44444444444444
5968	25	69.44444444444444
5969	25	69.44444444444444
5970	25	69.44444444444444
5971	25	69.44444444444444
5972	25	69.44444444444444
5973	25	69.44444444444444
5974	25	69.44444444444444
5975	25	69.44444444444444
5976	25	69.44444444444444
5977	25	69.44444444444444
5978	25	69.44444444444444
5979	25	69.44444444444444
5980	25	69.44444444444444
5981	25	69.44444444444444
5982	25	69.44444444444444
5983	25	69.44444444444444
5984	25	69.44444444444444
5985	25	69.44444444444444
5986	25	69.44444444444444
5987	25	69.44444444444444
5988	25	69.44444444444444
5989	25	69.44444444444444
5990	25	69.44444444444444
5991	25	69.44444444444444
5992	25	69.44444444444444
5993	25	69.44444444444444
5994	25	69.44444444444444
5995	25	69.44444444444444
5996	25	69.44444444444444
5997	25	69.44444444444444
5998	25	69.44444444444444
5999	25	69.44444444444444
6000	25	69.44444444444444
6001	25	69.44444444444444
6002	25	69.44444444444444
6003	25	69.44444444444444
6004	25	69.44444444444444
6005	25	69.44444444444444
6006	25	69.44444444444444
6007	25	69.44444444444444
6008	25	69.44444444444444
6009	25	69.44444444444444
6010	25	69.44444444444444
6011	25	69.44444444444444
6012	25	69.44444444444444
6013	25	69.44444444444444
6014	25	69.44444444444444
6015	25	69.44444444444444
6016	25	69.44444444444444
6017	25	69.44444444444444
6018	25	69.44444444444444
6019	25	69.44444444444444
6020	25	69.44444444444444
6021	25	69.44444444444444
6022	25	69.44444444444444
6023	25	69.44444444444444
6024	25	69.44444444444444
6025	25	69.44444444444444
6026	25	69.44444444444444
6027	25	69.44444444444444
6028	25	69.44444444444444
6029	25	69.44444444444444
6030	25	69.44444444444444
6031	25	69.44444444444444
6032	25	69.44444444444444
6033	25	69.44444444444444
6034	25	69.44444444444444
6035	25	69.44444444444444
6036	25	69.44444444444444
6037	25	69.44444444444444
6038	25	69.44444444444444
6039	25	69.44444444444444
6040	25	69.44444444444444
6041	25	69.44444444444444
6042	25	69.44444444444444
6043	25	69.44444444444444
6044	25	69.44444444444444
6045	25	69.44444444444444
6046	25	69.44444444444444
6047	25	69.44444444444444
6048	25	69.44444444444444
6049	25	69.44444444444444
6050	25	69.44444444444444
6051	25	69.44444444444444
6052	25	69.44444444444444
6053	25	69.44444444444444
6054	25	69.44444444444444
6055	25	69.44444444444444
6056	25	69.44444444444444
6057	25	69.44444444444444
6058	25	69.44444444444444
6059	25	69.44444444444444
6060	25	69.44444444444444
6061	25	69.44444444444444
6062	25	69.44444444444444
6063	25	69.44444444444444
6064	25	69.44444444444444
6065	25	69.44444444444444
6066	25	69.44444444444444
6067	25	69.44444444444444
6068	25	69.44444444444444
6069	25	69.44444444444444
6070	25	69.44444444444444
6071	25	69.44444444444444
6072	25	69.44444444444444
6073	25	69.44444444444444
6074	25	69.44444444444444
6075	25	69.44444444444444
6076	25	69.44444444444444
6077	25	69.44444444444444
6078	25	69.44444444444444
6079	25	69.44444444444444
6080	25	69.44444444444444
6081	25	69.44444444444444
6082	25	69.44444444444444
6083	25	69.44444444444444
6084	25	69.44444444444444
6085	25	69.44444444444444
6086	25	69.44444444444444
6087	25	69.44444444444444
6088	25	69.44444444444444
6089	25	69.44444444444444
6090	25	69.44444444444444
6091	25	69.44444444444444
6092	25	69.44444444444444
6093	25	69.44444444444444
6094	25	69.44444444444444
6095	25	69.44444444444444
6096	25	69.44444444444444
6097	25	69.44444444444444
6098	25	69.44444444444444
6099	25	69.44444444444444
6100	25	69.44444444444444
6101	25	69.44444444444444
6102	25	69.44444444444444
6103	25	69.44444444444444
6104	25	69.44444444444444
6105	25	69.44444444444444
6106	25	69.44444444444444
6107	25	69.44444444444444
6108	25	69.44444444444444
6109	25	69.44444444444444
6110	25	69.44444444444444
6111	25	69.44444444444444
6112	25	69.44444444444444
6113	25	69.44444444444444
6114	25	69.44444444444444
6115	25	69.44444444444444
6116	25	69.44444444444444
6117	25	69.44444444444444
6118	25	69.44444444444444
6119	25	69.44444444444444
6120	25	69.44444444444444
6121	25	69.44444444444444
6122	25	69.44444444444444
6123	25	69.44444444444444
6124	25	69.44444444444444
6125	25	69.44444444444444
6126	25	69.44444444444444
6127	25	69.44444444444444
6128	25	69.44444444444444
6129	25	69.44444444444444
6130	25	69.44444444444444
6131	25	69.44444444444444
6132	25	69.44444444444444
6133	25	69.44444444444444
6134	25	69.44444444444444
6135	25	69.44444444444444
6136	25	69.44444444444444
6137	25	69.44444444444444
6138	25	69.44444444444444
6139	25	69.44444444444444
6140	25	69.44444444444444
6141	25	69.44444444444444
6142	25	69.44444444444444
6143	25	69.44444444444444
6144	25	69.44444444444444
6145	25	69.44444444444444
6146	25	69.44444444444444
6147	25	69.44444444444444
6148	25	69.44444444444444
6149	25	69.44444444444444
6150	25	69.44444444444444
6151	25	69.44444444444444
6152	25	69.44444444444444
6153	25	69.44444444444444
6154	25	69.44444444444444
6155	25	69.44444444444444
6156	25	69.44444444444444
6157	25	69.44444444444444
6158	25	69.44444444444444
6159	25	69.44444444444444
6160	25	69.44444444444444
6161	25	69.44444444444444
6162	25	69.44444444444444
6163	25	69.44444444444444
6164	25	69.44444444444444
6165	25	69.44444444444444
6166	25	69.44444444444444
6167	25	69.44444444444444
6168	25	69.44444444444444
6169	25	69.44444444444444
6170	25	69.44444444444444
6171	25	69.44444444444444
6172	25	69.44444444444444
6173	25	69.44444444444444
6174	25	69.44444444444444
6175	25	69.44444444444444
6176	25	69.44444444444444
6177	25	69.44444444444444
6178	25	69.44444444444444
6179	25	69.44444444444444
6180	25	69.44444444444444
6181	25	69.44444444444444
6182	25	69.44444444444444
6183	25	69.44444444444444
6184	25	69.44444444444444
6185	25	69.44444444444444
6186	24	66.66666666666667
6187	24	66.66666666666667
6188	24	66.66666666666667
6189	24	66.66666666666667
6190	24	66.66666666666667
6191	24	66.66666666666667
6192	24	66.66666666666667
6193	24	66.66666666666667
6194	24	66.66666666666667
6195	24	66.66666666666667
6196	24	66.66666666666667
6197	24	66.66666666666667
6198	24	66.66666666666667
6199	24	66.66666666666667
6200	24	66.66666666666667
6201	24	66.66666666666667
6202	24	66.66666666666667
6203	24	66.66666666666667
6204	24	66.66666666666667
6205	24	66.66666666666667
6206	24	66.66666666666667
6207	24	66.66666666666667
6208	24	66.66666666666667
6209	24	66.66666666666667
6210	24	66.66666666666667
6211	24	66.66666666666667
6212	24	66.66666666666667
6213	24	66.66666666666667
6214	24	66.66666666666667
6215	24	66.66666666666667
6216	24	66.66666666666667
6217	24	66.66666666666667
6218	24	66.66666666666667
6219	24	66.66666666666667
6220	24	66.66666666666667
6221	24	66.66666666666667
6222	24	66.66666666666667
6223	24	66.66666666666667
6224	24	66.66666666666667
6225	24	66.66666666666667
6226	24	66.66666666666667
6227	24	66.66666666666667
6228	24	66.66666666666667
6229	24	66.66666666666667
6230	24	66.66666666666667
6231	24	66.66666666666667
6232	24	66.66666666666667
6233	24	66.66666666666667
6234	24	66.66666666666667
6235	24	66.66666666666667
6236	24	66.66666666666667
6237	24	66.66666666666667
6238	24	66.66666666666667
6239	24	66.66666666666667
6240	24	66.66666666666667
6241	24	66.66666666666667
6242	24	66.66666666666667
6243	24	66.66666666666667
6244	24	66.66666666666667
6245	24	66.66666666666667
6246	24	66.66666666666667
6247	24	66.66666666666667
6248	24	66.66666666666667
6249	24	66.66666666666667
6250	24	66.66666666666667
6251	24	66.66666666666667
6252	24	66.66666666666667
6253	24	66.66666666666667
6254	24	66.66666666666667
6255	24	66.66666666666667
6256	24	66.66666666666667
6257	24	66.66666666666667
6258	24	66.66666666666667
6259	24	66.66666666666667
6260	24	66.66666666666667
6261	24	66.66666666666667
6262	24	66.66666666666667
6263	24	66.66666666666667
6264	24	66.66666666666667
6265	24	66.66666666666667
6266	24	66.66666666666667
6267	24	66.66666666666667
6268	24	66.66666666666667
6269	24	66.66666666666667
6270	24	66.66666666666667
6271	24	66.66666666666667
6272	24	66.66666666666667
6273	24	66.66666666666667
6274	24	66.66666666666667
6275	24	66.66666666666667
6276	24	66.66666666666667
6277	24	66.66666666666667
6278	24	66.66666666666667
6279	24	66.66666666666667
6280	24	66.66666666666667
6281	24	66.66666666666667
6282	24	66.66666666666667
6283	24	66.66666666666667
6284	24	66.66666666666667
6285	24	66.66666666666667
6286	24	66.66666666666667
6287	24	66.66666666666667
6288	24	66.66666666666667
6289	24	66.66666666666667
6290	24	66.66666666666667
6291	24	66.66666666666667
6292	24	66.66666666666667
6293	24	66.66666666666667
6294	24	66.66666666666667
6295	24	66.66666666666667
6296	24	66.66666666666667
6297	24	66.66666666666667
6298	24	66.66666666666667
6299	24	66.66666666666667
6300	24	66.66666666666667
6301	24	66.66666666666667
6302	24	66.66666666666667
6303	24	66.66666666666667
6304	24	66.66666666666667
6305	24	66.66666666666667
6306	24	66.66666666666667
6307	24	66.66666666666667
6308	24	66.66666666666667
6309	24	66.66666666666667
6310	24	66.66666666666667
6311	24	66.66666666666667
6312	24	66.66666666666667
6313	24	66.66666666666667
6314	24	66.66666666666667
6315	24	66.66666666666667
6316	24	66.66666666666667
6317	24	66.66666666666667
6318	24	66.66666666666667
6319	24	66.66666666666667
6320	24	66.66666666666667
6321	24	66.66666666666667
6322	24	66.66666666666667
6323	24	66.66666666666667
6324	24	66.66666666666667
6325	24	66.66666666666667
6326	24	66.66666666666667
6327	24	66.66666666666667
6328	24	66.66666666666667
6329	24	66.66666666666667
6330	24	66.66666666666667
6331	24	66.66666666666667
6332	24	66.66666666666667
6333	24	66.66666666666667
6334	24	66.66666666666667
6335	24	66.66666666666667
6336	24	66.66666666666667
6337	24	66.66666666666667
6338	24	66.66666666666667
6339	24	66.66666666666667
6340	24	66.66666666666667
6341	24	66.66666666666667
6342	24	66.66666666666667
6343	24	66.66666666666667
6344	24	66.66666666666667
6345	24	66.66666666666667
6346	24	66.66666666666667
6347	24	66.66666666666667
6348	24	66.66666666666667
6349	24	66.66666666666667
6350	24	66.66666666666667
6351	24	66.66666666666667
6352	24	66.66666666666667
6353	24	66.66666666666667
6354	24	66.66666666666667
6355	24	66.66666666666667
6356	24	66.66666666666667
6357	24	66.66666666666667
6358	24	66.66666666666667
6359	24	66.66666666666667
6360	24	66.66666666666667
6361	24	66.66666666666667
6362	24	66.66666666666667
6363	24	66.66666666666667
6364	24	66.66666666666667
6365	24	66.66666666666667
6366	24	66.66666666666667
6367	24	66.66666666666667
6368	24	66.66666666666667
6369	24	66.66666666666667
6370	24	66.66666666666667
6371	24	66.66666666666667
6372	24	66.66666666666667
6373	24	66.66666666666667
6374	24	66.66666666666667
6375	24	66.66666666666667
6376	24	66.66666666666667
6377	24	66.66666666666667
6378	24	66.66666666666667
6379	24	66.66666666666667
6380	24	66.66666666666667
6381	24	66.66666666666667
6382	24	66.66666666666667
6383	24	66.66666666666667
6384	24	66.66666666666667
6385	24	66.66666666666667
6386	24	66.66666666666667
6387	24	66.66666666666667
6388	24	66.66666666666667
6389	24	66.66666666666667
6390	24	66.66666666666667
6391	24	66.66666666666667
6392	24	66.66666666666667
6393	24	66.66666666666667
6394	24	66.66666666666667
6395	24	66.66666666666667
6396	24	66.66666666666667
6397	24	66.66666666666667
6398	24	66.66666666666667
6399	24	66.66666666666667
6400	24	66.66666666666667
6401	24	66.66666666666667
6402	24	66.66666666666667
6403	24	66.66666666666667
6404	24	66.66666666666667
6405	24	66.66666666666667
6406	24	66.66666666666667
6407	24	66.66666666666667
6408	24	66.66666666666667
6409	24	66.66666666666667
6410	24	66.66666666666667
6411	24	66.66666666666667
6412	24	66.66666666666667
6413	24	66.66666666666667
6414	24	66.66666666666667
6415	24	66.66666666666667
6416	24	66.66666666666667
6417	24	66.66666666666667
6418	24	66.66666666666667
6419	24	66.66666666666667
6420	24	66.66666666666667
6421	24	66.66666666666667
6422	24	66.66666666666667
6423	24	66.66666666666667
6424	24	66.66666666666667
6425	24	66.66666666666667
6426	24	66.66666666666667
6427	24	66.66666666666667
6428	24	66.66666666666667
6429	24	66.66666666666667
6430	24	66.66666666666667
6431	24	66.66666666666667
6432	24	66.66666666666667
6433	24	66.66666666666667
6434	24	66.66666666666667
6435	24	66.66666666666667
6436	24	66.66666666666667
6437	24	66.66666666666667
6438	24	66.66666666666667
6439	24	66.66666666666667
6440	24	66.66666666666667
6441	24	66.66666666666667
6442	24	66.66666666666667
6443	24	66.66666666666667
6444	24	66.66666666666667
6445	24	66.66666666666667
6446	24	66.66666666666667
6447	24	66.66666666666667
6448	24	66.66666666666667
6449	24	66.66666666666667
6450	24	66.66666666666667
6451	24	66.66666666666667
6452	24	66.66666666666667
6453	24	66.66666666666667
6454	24	66.66666666666667
6455	24	66.66666666666667
6456	24	66.66666666666667
6457	24	66.66666666666667
6458	24	66.66666666666667
6459	24	66.66666666666667
6460	24	66.66666666666667
6461	24	66.66666666666667
6462	24	66.66666666666667
6463	24	66.66666666666667
6464	24	66.66666666666667
6465	24	66.66666666666667
6466	24	66.66666666666667
6467	24	66.66666666666667
6468	24	66.66666666666667
6469	24	66.66666666666667
6470	24	66.66666666666667
6471	24	66.66666666666667
6472	24	66.66666666666667
6473	24	66.66666666666667
6474	24	66.66666666666667
6475	24	66.66666666666667
6476	24	66.66666666666667
6477	24	66.66666666666667
6478	24	66.66666666666667
6479	24	66.66666666666667
6480	24	66.66666666666667
6481	24	66.66666666666667
6482	24	66.66666666666667
6483	24	66.66666666666667
6484	24	66.66666666666667
6485	24	66.66666666666667
6486	24	66.66666666666667
6487	24	66.66666666666667
6488	24	66.66666666666667
6489	24	66.66666666666667
6490	24	66.66666666666667
6491	24	66.66666666666667
6492	24	66.66666666666667
6493	24	66.66666666666667
6494	24	66.66666666666667
6495	24	66.66666666666667
6496	24	66.66666666666667
6497	24	66.66666666666667
6498	24	66.66666666666667
6499	24	66.66666666666667
6500	24	66.66666666666667
6501	24	66.66666666666667
6502	24	66.66666666666667
6503	24	66.66666666666667
6504	24	66.66666666666667
6505	24	66.66666666666667
6506	24	66.66666666666667
6507	24	66.66666666666667
6508	24	66.66666666666667
6509	24	66.66666666666667
6510	24	66.66666666666667
6511	24	66.66666666666667
6512	24	66.66666666666667
6513	24	66.66666666666667
6514	24	66.66666666666667
6515	24	66.66666666666667
6516	24	66.66666666666667
6517	24	66.66666666666667
6518	24	66.66666666666667
6519	24	66.66666666666667
6520	24	66.66666666666667
6521	24	66.66666666666667
6522	24	66.66666666666667
6523	24	66.66666666666667
6524	24	66.66666666666667
6525	24	66.66666666666667
6526	24	66.66666666666667
6527	24	66.66666666666667
6528	24	66.66666666666667
6529	24	66.66666666666667
6530	24	66.66666666666667
6531	24	66.66666666666667
6532	24	66.66666666666667
6533	24	66.66666666666667
6534	24	66.66666666666667
6535	24	66.66666666666667
6536	24	66.66666666666667
6537	24	66.66666666666667
6538	24	66.66666666666667
6539	24	66.66666666666667
6540	24	66.66666666666667
6541	24	66.66666666666667
6542	24	66.66666666666667
6543	24	66.66666666666667
6544	24	66.66666666666667
6545	24	66.66666666666667
6546	24	66.66666666666667
6547	24	66.66666666666667
6548	24	66.66666666666667
6549	24	66.66666666666667
6550	24	66.66666666666667
6551	24	66.66666666666667
6552	24	66.66666666666667
6553	24	66.66666666666667
6554	24	66.66666666666667
6555	24	66.66666666666667
6556	24	66.66666666666667
6557	24	66.66666666666667
6558	24	66.66666666666667
6559	24	66.66666666666667
6560	24	66.66666666666667
6561	24	66.66666666666667
6562	24	66.66666666666667
6563	24	66.66666666666667
6564	24	66.66666666666667
6565	24	66.66666666666667
6566	24	66.66666666666667
6567	24	66.66666666666667
6568	24	66.66666666666667
6569	24	66.66666666666667
6570	24	66.66666666666667
6571	24	66.66666666666667
6572	24	66.66666666666667
6573	24	66.66666666666667
6574	24	66.66666666666667
6575	24	66.66666666666667
6576	24	66.66666666666667
6577	24	66.66666666666667
6578	24	66.66666666666667
6579	24	66.66666666666667
6580	24	66.66666666666667
6581	24	66.66666666666667
6582	24	66.66666666666667
6583	24	66.66666666666667
6584	24	66.66666666666667
6585	24	66.66666666666667
6586	24	66.66666666666667
6587	24	66.66666666666667
6588	24	66.66666666666667
6589	24	66.66666666666667
6590	24	66.66666666666667
6591	24	66.66666666666667
6592	24	66.66666666666667
6593	24	66.66666666666667
6594	24	66.66666666666667
6595	24	66.66666666666667
6596	24	66.66666666666667
6597	24	66.66666666666667
6598	24	66.66666666666667
6599	24	66.66666666666667
6600	24	66.66666666666667
6601	24	66.66666666666667
6602	24	66.66666666666667
6603	24	66.66666666666667
6604	24	66.66666666666667
6605	24	66.66666666666667
6606	24	66.66666666666667
6607	24	66.66666666666667
6608	24	66.66666666666667
6609	24	66.66666666666667
6610	24	66.66666666666667
6611	24	66.66666666666667
6612	24	66.66666666666667
6613	24	66.66666666666667
6614	24	66.66666666666667
6615	24	66.66666666666667
6616	24	66.66666666666667
6617	24	66.66666666666667
6618	24	66.66666666666667
6619	24	66.66666666666667
6620	24	66.66666666666667
6621	24	66.66666666666667
6622	24	66.66666666666667
6623	24	66.66666666666667
6624	24	66.66666666666667
6625	24	66.66666666666667
6626	24	66.66666666666667
6627	24	66.66666666666667
6628	24	66.66666666666667
6629	24	66.66666666666667
6630	24	66.66666666666667
6631	24	66.66666666666667
6632	24	66.66666666666667
6633	24	66.66666666666667
6634	24	66.66666666666667
6635	24	66.66666666666667
6636	24	66.66666666666667
6637	24	66.66666666666667
6638	24	66.66666666666667
6639	24	66.66666666666667
6640	24	66.66666666666667
6641	24	66.66666666666667
6642	24	66.66666666666667
6643	24	66.66666666666667
6644	24	66.66666666666667
6645	24	66.66666666666667
6646	24	66.66666666666667
6647	24	66.66666666666667
6648	24	66.66666666666667
6649	24	66.66666666666667
6650	24	66.66666666666667
6651	24	66.66666666666667
6652	24	66.66666666666667
6653	24	66.66666666666667
6654	24	66.66666666666667
6655	24	66.66666666666667
6656	24	66.66666666666667
6657	24	66.66666666666667
6658	24	66.66666666666667
6659	24	66.66666666666667
6660	24	66.66666666666667
6661	24	66.66666666666667
6662	24	66.66666666666667
6663	24	66.66666666666667
6664	24	66.66666666666667
6665	24	66.66666666666667
6666	24	66.66666666666667
6667	24	66.66666666666667
6668	24	66.66666666666667
6669	24	66.66666666666667
6670	24	66.66666666666667
6671	24	66.66666666666667
6672	24	66.66666666666667
6673	24	66.66666666666667
6674	24	66.66666666666667
6675	24	66.66666666666667
6676	24	66.66666666666667
6677	24	66.66666666666667
6678	24	66.66666666666667
6679	24	66.66666666666667
6680	24	66.66666666666667
6681	24	66.66666666666667
6682	24	66.66666666666667
6683	24	66.66666666666667
6684	24	66.66666666666667
6685	24	66.66666666666667
6686	24	66.66666666666667
6687	24	66.66666666666667
6688	24	66.66666666666667
6689	24	66.66666666666667
6690	24	66.66666666666667
6691	24	66.66666666666667
6692	24	66.66666666666667
6693	24	66.66666666666667
6694	24	66.66666666666667
6695	24	66.66666666666667
6696	24	66.66666666666667
6697	24	66.66666666666667
6698	24	66.66666666666667
6699	24	66.66666666666667
6700	24	66.66666666666667
6701	24	66.66666666666667
6702	24	66.66666666666667
6703	24	66.66666666666667
6704	24	66.66666666666667
6705	24	66.66666666666667
6706	24	66.66666666666667
6707	24	66.66666666666667
6708	24	66.66666666666667
6709	24	66.66666666666667
6710	24	66.66666666666667
6711	24	66.66666666666667
6712	24	66.66666666666667
6713	24	66.66666666666667
6714	24	66.66666666666667
6715	24	66.66666666666667
6716	24	66.66666666666667
6717	24	66.66666666666667
6718	24	66.66666666666667
6719	24	66.66666666666667
6720	24	66.66666666666667
6721	24	66.66666666666667
6722	24	66.66666666666667
6723	24	66.66666666666667
6724	24	66.66666666666667
6725	24	66.66666666666667
6726	24	66.66666666666667
6727	24	66.66666666666667
6728	24	66.66666666666667
6729	24	66.66666666666667
6730	24	66.66666666666667
6731	24	66.66666666666667
6732	24	66.66666666666667
6733	24	66.66666666666667
6734	24	66.66666666666667
6735	24	66.66666666666667
6736	24	66.66666666666667
6737	24	66.66666666666667
6738	24	66.66666666666667
6739	24	66.66666666666667
6740	24	66.66666666666667
6741	24	66.66666666666667
6742	24	66.66666666666667
6743	24	66.66666666666667
6744	24	66.66666666666667
6745	24	66.66666666666667
6746	24	66.66666666666667
6747	24	66.66666666666667
6748	24	66.66666666666667
6749	24	66.66666666666667
6750	24	66.66666666666667
6751	24	66.66666666666667
6752	24	66.66666666666667
6753	24	66.66666666666667
6754	24	66.66666666666667
6755	24	66.66666666666667
6756	24	66.66666666666667
6757	24	66.66666666666667
6758	24	66.66666666666667
6759	24	66.66666666666667
6760	24	66.66666666666667
6761	24	66.66666666666667
6762	24	66.66666666666667
6763	24	66.66666666666667
6764	24	66.66666666666667
6765	24	66.66666666666667
6766	24	66.66666666666667
6767	24	66.66666666666667
6768	24	66.66666666666667
6769	24	66.66666666666667
6770	24	66.66666666666667
6771	24	66.66666666666667
6772	24	66.66666666666667
6773	24	66.66666666666667
6774	24	66.66666666666667
6775	24	66.66666666666667
6776	24	66.66666666666667
6777	24	66.66666666666667
6778	24	66.66666666666667
6779	24	66.66666666666667
6780	24	66.66666666666667
6781	24	66.66666666666667
6782	24	66.66666666666667
6783	24	66.66666666666667
6784	24	66.66666666666667
6785	24	66.66666666666667
6786	24	66.66666666666667
6787	24	66.66666666666667
6788	24	66.66666666666667
6789	24	66.66666666666667
6790	24	66.66666666666667
6791	24	66.66666666666667
6792	24	66.66666666666667
6793	24	66.66666666666667
6794	24	66.66666666666667
6795	24	66.66666666666667
6796	24	66.66666666666667
6797	24	66.66666666666667
6798	24	66.66666666666667
6799	24	66.66666666666667
6800	24	66.66666666666667
6801	24	66.66666666666667
6802	24	66.66666666666667
6803	24	66.66666666666667
6804	24	66.66666666666667
6805	24	66.66666666666667
6806	24	66.66666666666667
6807	24	66.66666666666667
6808	24	66.66666666666667
6809	24	66.66666666666667
6810	24	66.66666666666667
6811	24	66.66666666666667
6812	24	66.66666666666667
6813	24	66.66666666666667
6814	24	66.66666666666667
6815	24	66.66666666666667
6816	24	66.66666666666667
6817	24	66.66666666666667
6818	24	66.66666666666667
6819	24	66.66666666666667
6820	24	66.66666666666667
6821	24	66.66666666666667
6822	24	66.66666666666667
6823	24	66.66666666666667
6824	24	66.66666666666667
6825	24	66.66666666666667
6826	24	66.66666666666667
6827	24	66.66666666666667
6828	24	66.66666666666667
6829	24	66.66666666666667
6830	24	66.66666666666667
6831	24	66.66666666666667
6832	24	66.66666666666667
6833	24	66.66666666666667
6834	24	66.66666666666667
6835	24	66.66666666666667
6836	24	66.66666666666667
6837	24	66.66666666666667
6838	24	66.66666666666667
6839	24	66.66666666666667
6840	24	66.66666666666667
6841	24	66.66666666666667
6842	24	66.66666666666667
6843	24	66.66666666666667
6844	24	66.66666666666667
6845	24	66.66666666666667
6846	24	66.66666666666667
6847	24	66.66666666666667
6848	24	66.66666666666667
6849	24	66.66666666666667
6850	24	66.66666666666667
6851	24	66.66666666666667
6852	24	66.66666666666667
6853	24	66.66666666666667
6854	24	66.66666666666667
6855	24	66.66666666666667
6856	24	66.66666666666667
6857	24	66.66666666666667
6858	24	66.66666666666667
6859	24	66.66666666666667
6860	24	66.66666666666667
6861	24	66.66666666666667
6862	24	66.66666666666667
6863	24	66.66666666666667
6864	24	66.66666666666667
6865	24	66.66666666666667
6866	24	66.66666666666667
6867	24	66.66666666666667
6868	24	66.66666666666667
6869	24	66.66666666666667
6870	24	66.66666666666667
6871	24	66.66666666666667
6872	24	66.66666666666667
6873	24	66.66666666666667
6874	24	66.66666666666667
6875	24	66.66666666666667
6876	24	66.66666666666667
6877	24	66.66666666666667
6878	24	66.66666666666667
6879	24	66.66666666666667
6880	24	66.66666666666667
6881	24	66.66666666666667
6882	24	66.66666666666667
6883	24	66.66666666666667
6884	24	66.66666666666667
6885	24	66.66666666666667
6886	24	66.66666666666667
6887	24	66.66666666666667
6888	24	66.66666666666667
6889	24	66.66666666666667
6890	24	66.66666666666667
6891	24	66.66666666666667
6892	24	66.66666666666667
6893	24	66.66666666666667
6894	24	66.66666666666667
6895	24	66.66666666666667
6896	24	66.66666666666667
6897	24	66.66666666666667
6898	24	66.66666666666667
6899	24	66.66666666666667
6900	24	66.66666666666667
6901	24	66.66666666666667
6902	24	66.66666666666667
6903	24	66.66666666666667
6904	24	66.66666666666667
6905	24	66.66666666666667
6906	24	66.66666666666667
6907	24	66.66666666666667
6908	24	66.66666666666667
6909	24	66.66666666666667
6910	24	66.66666666666667
6911	24	66.66666666666667
6912	24	66.66666666666667
6913	24	66.66666666666667
6914	24	66.66666666666667
6915	24	66.66666666666667
6916	24	66.66666666666667
6917	24	66.66666666666667
6918	24	66.66666666666667
6919	24	66.66666666666667
6920	24	66.66666666666667
6921	24	66.66666666666667
6922	24	66.66666666666667
6923	24	66.66666666666667
6924	24	66.66666666666667
6925	24	66.66666666666667
6926	24	66.66666666666667
6927	24	66.66666666666667
6928	24	66.66666666666667
6929	24	66.66666666666667
6930	24	66.66666666666667
6931	24	66.66666666666667
6932	24	66.66666666666667
6933	24	66.66666666666667
6934	24	66.66666666666667
6935	24	66.66666666666667
6936	24	66.66666666666667
6937	24	66.66666666666667
6938	24	66.66666666666667
6939	24	66.66666666666667
6940	24	66.66666666666667
6941	24	66.66666666666667
6942	24	66.66666666666667
6943	24	66.66666666666667
6944	24	66.66666666666667
6945	24	66.66666666666667
6946	24	66.66666666666667
6947	24	66.66666666666667
6948	24	66.66666666666667
6949	24	66.66666666666667
6950	24	66.66666666666667
6951	24	66.66666666666667
6952	24	66.66666666666667
6953	24	66.66666666666667
6954	24	66.66666666666667
6955	24	66.66666666666667
6956	24	66.66666666666667
6957	24	66.66666666666667
6958	24	66.66666666666667
6959	24	66.66666666666667
6960	24	66.66666666666667
6961	24	66.66666666666667
6962	24	66.66666666666667
6963	24	66.66666666666667
6964	24	66.66666666666667
6965	24	66.66666666666667
6966	24	66.66666666666667
6967	24	66.66666666666667
6968	24	66.66666666666667
6969	24	66.66666666666667
6970	24	66.66666666666667
6971	24	66.66666666666667
6972	24	66.66666666666667
6973	24	66.66666666666667
6974	24	66.66666666666667
6975	24	66.66666666666667
6976	24	66.66666666666667
6977	24	66.66666666666667
6978	24	66.66666666666667
6979	24	66.66666666666667
6980	24	66.66666666666667
6981	24	66.66666666666667
6982	24	66.66666666666667
6983	23	63.888888888888886
6984	23	63.888888888888886
6985	23	63.888888888888886
6986	23	63.888888888888886
6987	23	63.888888888888886
6988	23	63.888888888888886
6989	23	63.888888888888886
6990	23	63.888888888888886
6991	23	63.888888888888886
6992	23	63.888888888888886
6993	23	63.888888888888886
6994	23	63.888888888888886
6995	23	63.888888888888886
6996	23	63.888888888888886
6997	23	63.888888888888886
6998	23	63.888888888888886
6999	23	63.888888888888886
7000	23	63.888888888888886
7001	23	63.888888888888886
7002	23	63.888888888888886
7003	23	63.888888888888886
7004	23	63.888888888888886
7005	23	63.888888888888886
7006	23	63.888888888888886
7007	23	63.888888888888886
7008	23	63.888888888888886
7009	23	63.888888888888886
7010	23	63.888888888888886
7011	23	63.888888888888886
7012	23	63.888888888888886
7013	23	63.888888888888886
7014	23	63.888888888888886
7015	23	63.888888888888886
7016	23	63.888888888888886
7017	23	63.888888888888886
7018	23	63.888888888888886
7019	23	63.888888888888886
7020	23	63.888888888888886
7021	23	63.888888888888886
7022	23	63.888888888888886
7023	23	63.888888888888886
7024	23	63.888888888888886
7025	23	63.888888888888886
7026	23	63.888888888888886
7027	23	63.888888888888886
7028	23	63.888888888888886
7029	23	63.888888888888886
7030	23	63.888888888888886
7031	23	63.888888888888886
7032	23	63.888888888888886
7033	23	63.888888888888886
7034	23	63.888888888888886
7035	23	63.888888888888886
7036	23	63.888888888888886
7037	23	63.888888888888886
7038	23	63.888888888888886
7039	23	63.888888888888886
7040	23	63.888888888888886
7041	23	63.888888888888886
7042	23	63.888888888888886
7043	23	63.888888888888886
7044	23	63.888888888888886
7045	23	63.888888888888886
7046	23	63.888888888888886
7047	23	63.888888888888886
7048	23	63.888888888888886
7049	23	63.888888888888886
7050	23	63.888888888888886
7051	23	63.888888888888886
7052	23	63.888888888888886
7053	23	63.888888888888886
7054	23	63.888888888888886
7055	23	63.888888888888886
7056	23	63.888888888888886
7057	23	63.888888888888886
7058	23	63.888888888888886
7059	23	63.888888888888886
7060	23	63.888888888888886
7061	23	63.888888888888886
7062	23	63.888888888888886
7063	23	63.888888888888886
7064	23	63.888888888888886
7065	23	63.888888888888886
7066	23	63.888888888888886
7067	23	63.888888888888886
7068	23	63.888888888888886
7069	23	63.888888888888886
7070	23	63.888888888888886
7071	23	63.888888888888886
7072	23	63.888888888888886
7073	23	63.888888888888886
7074	23	63.888888888888886
7075	23	63.888888888888886
7076	23	63.888888888888886
7077	23	63.888888888888886
7078	23	63.888888888888886
7079	23	63.888888888888886
7080	23	63.888888888888886
7081	23	63.888888888888886
7082	23	63.888888888888886
7083	23	63.888888888888886
7084	23	63.888888888888886
7085	23	63.888888888888886
7086	23	63.888888888888886
7087	23	63.888888888888886
7088	23	63.888888888888886
7089	23	63.888888888888886
7090	23	63.888888888888886
7091	23	63.888888888888886
7092	23	63.888888888888886
7093	23	63.888888888888886
7094	23	63.888888888888886
7095	23	63.888888888888886
7096	23	63.888888888888886
7097	23	63.888888888888886
7098	23	63.888888888888886
7099	23	63.888888888888886
7100	23	63.888888888888886
7101	23	63.888888888888886
7102	23	63.888888888888886
7103	23	63.888888888888886
7104	23	63.888888888888886
7105	23	63.888888888888886
7106	23	63.888888888888886
7107	23	63.888888888888886
7108	23	63.888888888888886
7109	23	63.888888888888886
7110	23	63.888888888888886
7111	23	63.888888888888886
7112	23	63.888888888888886
7113	23	63.888888888888886
7114	23	63.888888888888886
7115	23	63.888888888888886
7116	23	63.888888888888886
7117	23	63.888888888888886
7118	23	63.888888888888886
7119	23	63.888888888888886
7120	23	63.888888888888886
7121	23	63.888888888888886
7122	23	63.888888888888886
7123	23	63.888888888888886
7124	23	63.888888888888886
7125	23	63.888888888888886
7126	23	63.888888888888886
7127	23	63.888888888888886
7128	23	63.888888888888886
7129	23	63.888888888888886
7130	23	63.888888888888886
7131	23	63.888888888888886
7132	23	63.888888888888886
7133	23	63.888888888888886
7134	23	63.888888888888886
7135	23	63.888888888888886
7136	23	63.888888888888886
7137	23	63.888888888888886
7138	23	63.888888888888886
7139	23	63.888888888888886
7140	23	63.888888888888886
7141	23	63.888888888888886
7142	23	63.888888888888886
7143	23	63.888888888888886
7144	23	63.888888888888886
7145	23	63.888888888888886
7146	23	63.888888888888886
7147	23	63.888888888888886
7148	23	63.888888888888886
7149	23	63.888888888888886
7150	23	63.888888888888886
7151	23	63.888888888888886
7152	23	63.888888888888886
7153	22	61.111111111111114
7154	22	61.111111111111114
7155	22	61.111111111111114
7156	22	61.111111111111114
7157	22	61.111111111111114
7158	22	61.111111111111114
7159	22	61.111111111111114
7160	22	61.111111111111114
7161	22	61.111111111111114
7162	22	61.111111111111114
7163	22	61.111111111111114
7164	22	61.111111111111114
7165	22	61.111111111111114
7166	22	61.111111111111114
7167	22	61.111111111111114
7168	22	61.111111111111114
7169	22	61.111111111111114
7170	22	61.111111111111114
7171	22	61.111111111111114
7172	22	61.111111111111114
7173	22	61.111111111111114
7174	22	61.111111111111114
7175	22	61.111111111111114
7176	22	61.111111111111114
7177	22	61.111111111111114
7178	22	61.111111111111114
7179	22	61.111111111111114
7180	22	61.111111111111114
7181	22	61.111111111111114
7182	22	61.111111111111114
7183	22	61.111111111111114
7184	22	61.111111111111114
7185	22	61.111111111111114
7186	22	61.111111111111114
7187	21	58.333333333333336
7188	21	58.333333333333336
7189	21	58.333333333333336
7190	21	58.333333333333336
7191	21	58.333333333333336
7192	21	58.333333333333336
7193	21	58.333333333333336
7194	21	58.333333333333336
7195	21	58.333333333333336
7196	21	58.333333333333336
7197	21	58.333333333333336
7198	21	58.333333333333336
7199	21	58.333333333333336
7200	21	58.333333333333336
7201	21	58.333333333333336
7202	21	58.333333333333336
7203	21	58.333333333333336
7204	21	58.333333333333336
7205	21	58.333333333333336
7206	21	58.333333333333336
7207	21	58.333333333333336
7208	21	58.333333333333336
7209	21	58.333333333333336
7210	21	58.333333333333336
7211	21	58.333333333333336
7212	21	58.333333333333336
7213	21	58.333333333333336
7214	21	58.333333333333336
7215	21	58.333333333333336
7216	21	58.333333333333336
7217	21	58.333333333333336
7218	21	58.333333333333336
7219	21	58.333333333333336
7220	21	58.333333333333336
7221	21	58.333333333333336
7222	21	58.333333333333336
7223	21	58.333333333333336
7224	21	58.333333333333336
7225	21	58.333333333333336
7226	21	58.333333333333336
7227	21	58.333333333333336
7228	21	58.333333333333336
7229	21	58.333333333333336
7230	21	58.333333333333336
7231	21	58.333333333333336
7232	21	58.333333333333336
7233	21	58.333333333333336
7234	21	58.333333333333336
7235	21	58.333333333333336
7236	21	58.333333333333336
7237	21	58.333333333333336
7238	21	58.333333333333336
7239	21	58.333333333333336
7240	21	58.333333333333336
7241	21	58.333333333333336
7242	21	58.333333333333336
7243	21	58.333333333333336
7244	21	58.333333333333336
7245	21	58.333333333333336
7246	21	58.333333333333336
7247	21	58.333333333333336
7248	21	58.333333333333336
7249	21	58.333333333333336
7250	21	58.333333333333336
7251	21	58.333333333333336
7252	21	58.333333333333336
7253	21	58.333333333333336
7254	21	58.333333333333336
7255	21	58.333333333333336
7256	21	58.333333333333336
7257	21	58.333333333333336
7258	21	58.333333333333336
7259	21	58.333333333333336
7260	21	58.333333333333336
7261	21	58.333333333333336
7262	21	58.333333333333336
7263	21	58.333333333333336
7264	21	58.333333333333336
7265	21	58.333333333333336
7266	21	58.333333333333336
7267	21	58.333333333333336
7268	21	58.333333333333336
7269	21	58.333333333333336
7270	21	58.333333333333336
7271	21	58.333333333333336
7272	21	58.333333333333336
7273	21	58.333333333333336
7274	21	58.333333333333336
7275	21	58.333333333333336
7276	21	58.333333333333336
7277	21	58.333333333333336
7278	21	58.333333333333336
7279	21	58.333333333333336
7280	21	58.333333333333336
7281	21	58.333333333333336
7282	21	58.333333333333336
7283	21	58.333333333333336
7284	21	58.333333333333336
7285	21	58.333333333333336
7286	21	58.333333333333336
7287	21	58.333333333333336
7288	21	58.333333333333336
7289	21	58.333333333333336
7290	21	58.333333333333336
7291	21	58.333333333333336
7292	21	58.333333333333336
7293	21	58.333333333333336
7294	21	58.333333333333336
7295	21	58.333333333333336
7296	21	58.333333333333336
7297	21	58.333333333333336
7298	21	58.333333333333336
7299	21	58.333333333333336
7300	21	58.333333333333336
7301	21	58.333333333333336
7302	21	58.333333333333336
7303	21	58.333333333333336
7304	21	58.333333333333336
7305	21	58.333333333333336
7306	21	58.333333333333336
7307	21	58.333333333333336
7308	21	58.333333333333336
7309	21	58.333333333333336
7310	21	58.333333333333336
7311	21	58.333333333333336
7312	21	58.333333333333336
7313	21	58.333333333333336
7314	21	58.333333333333336
7315	21	58.333333333333336
7316	21	58.333333333333336
7317	21	58.333333333333336
7318	21	58.333333333333336
7319	21	58.333333333333336
7320	21	58.333333333333336
7321	21	58.333333333333336
7322	21	58.333333333333336
7323	21	58.333333333333336
7324	21	58.333333333333336
7325	21	58.333333333333336
7326	21	58.333333333333336
7327	21	58.333333333333336
7328	21	58.333333333333336
7329	21	58.333333333333336
7330	21	58.333333333333336
7331	21	58.333333333333336
7332	21	58.333333333333336
7333	21	58.333333333333336
7334	21	58.333333333333336
7335	21	58.333333333333336
7336	21	58.333333333333336
7337	21	58.333333333333336
7338	21	58.333333333333336
7339	21	58.333333333333336
7340	21	58.333333333333336
7341	21	58.333333333333336
7342	21	58.333333333333336
7343	21	58.333333333333336
7344	21	58.333333333333336
7345	21	58.333333333333336
7346	21	58.333333333333336
7347	21	58.333333333333336
7348	21	58.333333333333336
7349	21	58.333333333333336
7350	21	58.333333333333336
7351	21	58.333333333333336
7352	21	58.333333333333336
7353	21	58.333333333333336
7354	21	58.333333333333336
7355	21	58.333333333333336
7356	21	58.333333333333336
7357	21	58.333333333333336
7358	21	58.333333333333336
7359	21	58.333333333333336
7360	21	58.333333333333336
7361	21	58.333333333333336
7362	21	58.333333333333336
7363	21	58.333333333333336
7364	21	58.333333333333336
7365	21	58.333333333333336
7366	21	58.333333333333336
7367	21	58.333333333333336
7368	21	58.333333333333336
7369	21	58.333333333333336
7370	21	58.333333333333336
7371	21	58.333333333333336
7372	21	58.333333333333336
7373	21	58.333333333333336
7374	21	58.333333333333336
7375	21	58.333333333333336
7376	21	58.333333333333336
7377	21	58.333333333333336
7378	21	58.333333333333336
7379	21	58.333333333333336
7380	21	58.333333333333336
7381	21	58.333333333333336
7382	21	58.333333333333336
7383	21	58.333333333333336
7384	21	58.333333333333336
7385	21	58.333333333333336
7386	21	58.333333333333336
7387	21	58.333333333333336
7388	21	58.333333333333336
7389	21	58.333333333333336
7390	21	58.333333333333336
7391	21	58.333333333333336
7392	21	58.333333333333336
7393	21	58.333333333333336
7394	21	58.333333333333336
7395	21	58.333333333333336
7396	21	58.333333333333336
7397	21	58.333333333333336
7398	21	58.333333333333336
7399	21	58.333333333333336
7400	21	58.333333333333336
7401	21	58.333333333333336
7402	21	58.333333333333336
7403	21	58.333333333333336
7404	21	58.333333333333336
7405	21	58.333333333333336
7406	21	58.333333333333336
7407	21	58.333333333333336
7408	21	58.333333333333336
7409	21	58.333333333333336
7410	21	58.333333333333336
7411	21	58.333333333333336
7412	21	58.333333333333336
7413	21	58.333333333333336
7414	21	58.333333333333336
7415	21	58.333333333333336
7416	21	58.333333333333336
7417	21	58.333333333333336
7418	21	58.333333333333336
7419	21	58.333333333333336
7420	21	58.333333333333336
7421	21	58.333333333333336
7422	21	58.333333333333336
7423	21	58.333333333333336
7424	21	58.333333333333336
7425	21	58.333333333333336
7426	21	58.333333333333336
7427	21	58.333333333333336
7428	21	58.333333333333336
7429	21	58.333333333333336
7430	21	58.333333333333336
7431	21	58.333333333333336
7432	21	58.333333333333336
7433	21	58.333333333333336
7434	21	58.333333333333336
7435	21	58.333333333333336
7436	21	58.333333333333336
7437	21	58.333333333333336
7438	21	58.333333333333336
7439	21	58.333333333333336
7440	21	58.333333333333336
7441	21	58.333333333333336
7442	21	58.333333333333336
7443	21	58.333333333333336
7444	21	58.333333333333336
7445	21	58.333333333333336
7446	21	58.333333333333336
7447	21	58.333333333333336
7448	21	58.333333333333336
7449	21	58.333333333333336
7450	21	58.333333333333336
7451	21	58.333333333333336
7452	21	58.333333333333336
7453	21	58.333333333333336
7454	21	58.333333333333336
7455	21	58.333333333333336
7456	21	58.333333333333336
7457	21	58.333333333333336
7458	21	58.333333333333336
7459	21	58.333333333333336
7460	21	58.333333333333336
7461	21	58.333333333333336
7462	21	58.333333333333336
7463	21	58.333333333333336
7464	21	58.333333333333336
7465	21	58.333333333333336
7466	21	58.333333333333336
7467	21	58.333333333333336
7468	21	58.333333333333336
7469	21	58.333333333333336
7470	21	58.333333333333336
7471	21	58.333333333333336
7472	21	58.333333333333336
7473	21	58.333333333333336
7474	21	58.333333333333336
7475	21	58.333333333333336
7476	21	58.333333333333336
7477	21	58.333333333333336
7478	21	58.333333333333336
7479	21	58.333333333333336
7480	21	58.333333333333336
7481	21	58.333333333333336
7482	21	58.333333333333336
7483	21	58.333333333333336
7484	21	58.333333333333336
7485	21	58.333333333333336
7486	21	58.333333333333336
7487	21	58.333333333333336
7488	21	58.333333333333336
7489	21	58.333333333333336
7490	21	58.333333333333336
7491	21	58.333333333333336
7492	21	58.333333333333336
7493	21	58.333333333333336
7494	21	58.333333333333336
7495	21	58.333333333333336
7496	21	58.333333333333336
7497	21	58.333333333333336
7498	21	58.333333333333336
7499	21	58.333333333333336
7500	21	58.333333333333336
7501	21	58.333333333333336
7502	21	58.333333333333336
7503	21	58.333333333333336
7504	21	58.333333333333336
7505	21	58.333333333333336
7506	21	58.333333333333336
7507	21	58.333333333333336
7508	21	58.333333333333336
7509	21	58.333333333333336
7510	21	58.333333333333336
7511	21	58.333333333333336
7512	21	58.333333333333336
7513	21	58.333333333333336
7514	21	58.333333333333336
7515	21	58.333333333333336
7516	21	58.333333333333336
7517	21	58.333333333333336
7518	21	58.333333333333336
7519	21	58.333333333333336
7520	21	58.333333333333336
7521	21	58.333333333333336
7522	21	58.333333333333336
7523	21	58.333333333333336
7524	21	58.333333333333336
7525	21	58.333333333333336
7526	21	58.333333333333336
7527	21	58.333333333333336
7528	21	58.333333333333336
7529	21	58.333333333333336
7530	21	58.333333333333336
7531	21	58.333333333333336
7532	21	58.333333333333336
7533	21	58.333333333333336
7534	21	58.333333333333336
7535	21	58.333333333333336
7536	21	58.333333333333336
7537	21	58.333333333333336
7538	21	58.333333333333336
7539	21	58.333333333333336
7540	20	55.55555555555556
7541	20	55.55555555555556
7542	20	55.55555555555556
7543	20	55.55555555555556
7544	20	55.55555555555556
7545	20	55.55555555555556
7546	20	55.55555555555556
7547	20	55.55555555555556
7548	20	55.55555555555556
7549	20	55.55555555555556
7550	20	55.55555555555556
7551	20	55.55555555555556
7552	20	55.55555555555556
7553	20	55.55555555555556
7554	20	55.55555555555556
7555	20	55.55555555555556
7556	20	55.55555555555556
7557	20	55.55555555555556
7558	20	55.55555555555556
7559	20	55.55555555555556
7560	20	55.55555555555556
7561	20	55.55555555555556
7562	20	55.55555555555556
7563	20	55.55555555555556
7564	20	55.55555555555556
7565	20	55.55555555555556
7566	20	55.55555555555556
7567	20	55.55555555555556
7568	20	55.55555555555556
7569	20	55.55555555555556
7570	20	55.55555555555556
7571	20	55.55555555555556
7572	20	55.55555555555556
7573	20	55.55555555555556
7574	20	55.55555555555556
7575	20	55.55555555555556
7576	20	55.55555555555556
7577	20	55.55555555555556
7578	20	55.55555555555556
7579	20	55.55555555555556
7580	20	55.55555555555556
7581	20	55.55555555555556
7582	20	55.55555555555556
7583	20	55.55555555555556
7584	20	55.55555555555556
7585	2	5.555555555555555
7586	2	5.555555555555555
7587	2	5.555555555555555
7588	2	5.555555555555555
7589	2	5.555555555555555
7590	2	5.555555555555555
7591	2	5.555555555555555
7592	2	5.555555555555555
7593	2	5.555555555555555
7594	2	5.555555555555555
7595	2	5.555555555555555
7596	2	5.555555555555555
7597	2	5.555555555555555
7598	2	5.555555555555555
7599	2	5.555555555555555
7600	2	5.555555555555555
7601	2	5.555555555555555
7602	2	5.555555555555555
7603	2	5.555555555555555
7604	2	5.555555555555555
7605	2	5.555555555555555
7606	2	5.555555555555555
7607	2	5.555555555555555
7608	2	5.555555555555555
7609	2	5.555555555555555
7610	2	5.555555555555555
7611	2	5.555555555555555
7612	2	5.555555555555555
7613	2	5.555555555555555
7614	2	5.555555555555555
7615	2	5.555555555555555
7616	2	5.555555555555555
7617	2	5.555555555555555
7618	2	5.555555555555555
7619	2	5.555555555555555
7620	2	5.555555555555555
7621	2	5.555555555555555
7622	2	5.555555555555555
7623	2	5.555555555555555
7624	2	5.555555555555555
7625	2	5.555555555555555
7626	2	5.555555555555555
7627	2	5.555555555555555
7628	2	5.555555555555555
7629	2	5.555555555555555
7630	2	5.555555555555555
7631	2	5.555555555555555
7632	2	5.555555555555555
7633	2	5.555555555555555
7634	2	5.555555555555555
7635	2	5.555555555555555
7636	2	5.555555555555555
7637	2	5.555555555555555
7638	2	5.555555555555555
7639	2	5.555555555555555
7640	2	5.555555555555555
7641	2	5.555555555555555
7642	2	5.555555555555555
7643	2	5.555555555555555
7644	2	5.555555555555555
7645	2	5.555555555555555
7646	2	5.555555555555555
7647	2	5.555555555555555
7648	2	5.555555555555555
7649	2	5.555555555555555
7650	2	5.555555555555555
7651	2	5.555555555555555
7652	2	5.555555555555555
7653	2	5.555555555555555
7654	2	5.555555555555555
7655	2	5.555555555555555
7656	2	5.555555555555555
7657	2	5.555555555555555
7658	2	5.555555555555555
7659	2	5.555555555555555
7660	2	5.555555555555555
7661	2	5.555555555555555
7662	2	5.555555555555555
7663	2	5.555555555555555
7664	2	5.555555555555555
7665	2	5.555555555555555
7666	2	5.555555555555555
7667	2	5.555555555555555
7668	2	5.555555555555555
7669	2	5.555555555555555
7670	2	5.555555555555555
7671	2	5.555555555555555
7672	2	5.555555555555555
7673	2	5.555555555555555
7674	2	5.555555555555555
7675	2	5.555555555555555
7676	2	5.555555555555555
7677	2	5.555555555555555
7678	2	5.555555555555555
7679	2	5.555555555555555
7680	2	5.555555555555555
7681	2	5.555555555555555
7682	2	5.555555555555555
7683	2	5.555555555555555
7684	2	5.555555555555555
7685	2	5.555555555555555
7686	2	5.555555555555555
7687	2	5.555555555555555
7688	2	5.555555555555555
7689	2	5.555555555555555
7690	2	5.555555555555555
7691	2	5.555555555555555
7692	2	5.555555555555555
7693	2	5.555555555555555
7694	2	5.555555555555555
7695	2	5.555555555555555
7696	2	5.555555555555555
7697	2	5.555555555555555
7698	2	5.555555555555555
7699	2	5.555555555555555
7700	2	5.555555555555555
7701	2	5.555555555555555
7702	2	5.555555555555555
7703	2	5.555555555555555
7704	2	5.555555555555555
7705	2	5.555555555555555
7706	2	5.555555555555555
7707	2	5.555555555555555
7708	2	5.555555555555555
7709	2	5.555555555555555
7710	2	5.555555555555555
7711	2	5.555555555555555
7712	2	5.555555555555555
7713	2	5.555555555555555
7714	2	5.555555555555555
7715	2	5.555555555555555
7716	2	5.555555555555555
7717	2	5.555555555555555
7718	2	5.555555555555555
7719	2	5.555555555555555
7720	2	5.555555555555555
7721	2	5.555555555555555
7722	2	5.555555555555555
7723	2	5.555555555555555
7724	2	5.555555555555555
7725	2	5.555555555555555
7726	2	5.555555555555555
7727	2	5.555555555555555
7728	2	5.555555555555555
7729	2	5.555555555555555
7730	2	5.555555555555555
7731	2	5.555555555555555
7732	2	5.555555555555555
7733	2	5.555555555555555
7734	2	5.555555555555555
7735	2	5.555555555555555
7736	2	5.555555555555555
7737	2	5.555555555555555
7738	2	5.555555555555555
7739	2	5.555555555555555
7740	2	5.555555555555555
7741	2	5.555555555555555
7742	2	5.555555555555555
7743	2	5.555555555555555
7744	2	5.555555555555555
7745	2	5.555555555555555
7746	2	5.555555555555555
7747	2	5.555555555555555
7748	2	5.555555555555555
7749	2	5.555555555555555
7750	2	5.555555555555555
7751	2	5.555555555555555
7752	2	5.555555555555555
7753	2	5.555555555555555
7754	2	5.555555555555555
7755	2	5.555555555555555
7756	2	5.555555555555555
7757	2	5.555555555555555
7758	2	5.555555555555555
7759	2	5.555555555555555
7760	2	5.555555555555555
7761	2	5.555555555555555
7762	2	5.555555555555555
7763	2	5.555555555555555
7764	2	5.555555555555555
7765	2	5.555555555555555
7766	2	5.555555555555555
7767	2	5.555555555555555
7768	2	5.555555555555555
7769	2	5.555555555555555
7770	2	5.555555555555555
7771	2	5.555555555555555
7772	2	5.555555555555555
7773	2	5.555555555555555
7774	2	5.555555555555555
7775	2	5.555555555555555
7776	2	5.555555555555555
7777	2	5.555555555555555
7778	2	5.555555555555555
7779	2	5.555555555555555
7780	2	5.555555555555555
7781	2	5.555555555555555
7782	2	5.555555555555555
7783	2	5.555555555555555
7784	2	5.555555555555555
7785	2	5.555555555555555
7786	2	5.555555555555555
7787	2	5.555555555555555
7788	2	5.555555555555555
7789	2	5.555555555555555
7790	2	5.555555555555555
7791	2	5.555555555555555
7792	2	5.555555555555555
7793	2	5.555555555555555
7794	2	5.555555555555555
7795	2	5.555555555555555
7796	2	5.555555555555555
7797	2	5.555555555555555
7798	2	5.555555555555555
7799	2	5.555555555555555
7800	2	5.555555555555555
7801	2	5.555555555555555
7802	2	5.555555555555555
7803	2	5.555555555555555
7804	2	5.555555555555555
7805	2	5.555555555555555
7806	2	5.555555555555555
7807	2	5.555555555555555
7808	2	5.555555555555555
7809	2	5.555555555555555
7810	2	5.555555555555555
7811	2	5.555555555555555
7812	2	5.555555555555555
7813	2	5.555555555555555
7814	2	5.555555555555555
7815	2	5.555555555555555
7816	2	5.555555555555555
7817	2	5.555555555555555
7818	2	5.555555555555555
7819	2	5.555555555555555
7820	2	5.555555555555555
7821	2	5.555555555555555
7822	2	5.555555555555555
7823	2	5.555555555555555
7824	2	5.555555555555555
7825	2	5.555555555555555
7826	2	5.555555555555555
7827	2	5.555555555555555
7828	2	5.555555555555555
7829	2	5.555555555555555
7830	5	13.88888888888889
7831	5	13.88888888888889
7832	6	16.666666666666668
7833	6	16.666666666666668
7834	6	16.666666666666668
7835	6	16.666666666666668
7836	6	16.666666666666668
7837	6	16.666666666666668
7838	6	16.666666666666668
7839	6	16.666666666666668
7840	6	16.666666666666668
7841	6	16.666666666666668
7842	6	16.666666666666668
7843	6	16.666666666666668
7844	6	16.666666666666668
7845	6	16.666666666666668
7846	6	16.666666666666668
7847	6	16.666666666666668
7848	6	16.666666666666668
7849	6	16.666666666666668
7850	6	16.666666666666668
7851	6	16.666666666666668
7852	6	16.666666666666668
7853	6	16.666666666666668
7854	6	16.666666666666668
7855	6	16.666666666666668
7856	6	16.666666666666668
7857	6	16.666666666666668
7858	6	16.666666666666668
7859	6	16.666666666666668
7860	6	16.666666666666668
7861	6	16.666666666666668
7862	6	16.666666666666668
7863	6	16.666666666666668
7864	6	16.666666666666668
7865	6	16.666666666666668
7866	6	16.666666666666668
7867	6	16.666666666666668
7868	6	16.666666666666668
7869	6	16.666666666666668
7870	6	16.666666666666668
7871	6	16.666666666666668
7872	6	16.666666666666668
7873	6	16.666666666666668
7874	6	16.666666666666668
7875	6	16.666666666666668
7876	6	16.666666666666668
7877	6	16.666666666666668
7878	6	16.666666666666668
7879	6	16.666666666666668
7880	6	16.666666666666668
7881	6	16.666666666666668
7882	6	16.666666666666668
7883	6	16.666666666666668
7884	6	16.666666666666668
7885	6	16.666666666666668
7886	6	16.666666666666668
7887	6	16.666666666666668
7888	6	16.666666666666668
7889	6	16.666666666666668
7890	6	16.666666666666668
7891	6	16.666666666666668
7892	6	16.666666666666668
7893	6	16.666666666666668
7894	6	16.666666666666668
7895	6	16.666666666666668
7896	6	16.666666666666668
7897	6	16.666666666666668
7898	6	16.666666666666668
7899	6	16.666666666666668
7900	6	16.666666666666668
7901	6	16.666666666666668
7902	6	16.666666666666668
7903	6	16.666666666666668
7904	6	16.666666666666668
7905	6	16.666666666666668
7906	6	16.666666666666668
7907	6	16.666666666666668
7908	6	16.666666666666668
7909	6	16.666666666666668
7910	6	16.666666666666668
7911	6	16.666666666666668
7912	6	16.666666666666668
7913	6	16.666666666666668
7914	6	16.666666666666668
7915	2	5.555555555555555
7916	2	5.555555555555555
7917	2	5.555555555555555
7918	2	5.555555555555555
7919	2	5.555555555555555
7920	2	5.555555555555555
7921	2	5.555555555555555
7922	2	5.555555555555555
7923	2	5.555555555555555
7924	2	5.555555555555555
7925	2	5.555555555555555
7926	2	5.555555555555555
7927	2	5.555555555555555
7928	2	5.555555555555555
7929	2	5.555555555555555
7930	2	5.555555555555555
7931	2	5.555555555555555
7932	2	5.555555555555555
7933	2	5.555555555555555
7934	2	5.555555555555555
7935	2	5.555555555555555
7936	2	5.555555555555555
7937	2	5.555555555555555
7938	2	5.555555555555555
7939	2	5.555555555555555
7940	2	5.555555555555555
7941	2	5.555555555555555
7942	2	5.555555555555555
7943	2	5.555555555555555
7944	2	5.555555555555555
7945	2	5.555555555555555
7946	2	5.555555555555555
7947	2	5.555555555555555
7948	2	5.555555555555555
7949	2	5.555555555555555
7950	2	5.555555555555555
7951	2	5.555555555555555
7952	2	5.555555555555555
7953	2	5.555555555555555
7954	2	5.555555555555555
7955	2	5.555555555555555
7956	2	5.555555555555555
7957	2	5.555555555555555
7958	2	5.555555555555555
7959	2	5.555555555555555
7960	2	5.555555555555555
7961	2	5.555555555555555
7962	2	5.555555555555555
7963	2	5.555555555555555
7964	2	5.555555555555555
7965	2	5.555555555555555
7966	2	5.555555555555555
7967	2	5.555555555555555
7968	2	5.555555555555555
7969	2	5.555555555555555
7970	2	5.555555555555555
7971	2	5.555555555555555
7972	2	5.555555555555555
7973	2	5.555555555555555
7974	2	5.555555555555555
7975	2	5.555555555555555
7976	2	5.555555555555555
7977	2	5.555555555555555
7978	2	5.555555555555555
7979	2	5.555555555555555
7980	2	5.555555555555555
7981	2	5.555555555555555
7982	2	5.555555555555555
7983	2	5.555555555555555
7984	2	5.555555555555555
7985	2	5.555555555555555
7986	2	5.555555555555555
7987	2	5.555555555555555
7988	2	5.555555555555555
7989	2	5.555555555555555
7990	2	5.555555555555555
7991	2	5.555555555555555
7992	2	5.555555555555555
7993	2	5.555555555555555
7994	2	5.555555555555555
7995	2	5.555555555555555
7996	2	5.555555555555555
7997	2	5.555555555555555
7998	2	5.555555555555555
7999	2	5.555555555555555
8000	2	5.555555555555555
8001	2	5.555555555555555
8002	2	5.555555555555555
8003	2	5.555555555555555
8004	2	5.555555555555555
8005	2	5.555555555555555
8006	2	5.555555555555555
8007	2	5.555555555555555
8008	2	5.555555555555555
8009	2	5.555555555555555
8010	2	5.555555555555555
8011	2	5.555555555555555
8012	2	5.555555555555555
8013	2	5.555555555555555
8014	2	5.555555555555555
8015	2	5.555555555555555
8016	2	5.555555555555555
8017	2	5.555555555555555
8018	2	5.555555555555555
8019	2	5.555555555555555
8020	2	5.555555555555555
8021	2	5.555555555555555
8022	2	5.555555555555555
8023	2	5.555555555555555
8024	2	5.555555555555555
8025	2	5.555555555555555
8026	2	5.555555555555555
8027	2	5.555555555555555
8028	2	5.555555555555555
8029	2	5.555555555555555
8030	2	5.555555555555555
8031	2	5.555555555555555
8032	2	5.555555555555555
8033	2	5.555555555555555
8034	2	5.555555555555555
8035	2	5.555555555555555
8036	2	5.555555555555555
8037	2	5.555555555555555
8038	2	5.555555555555555
8039	2	5.555555555555555
8040	2	5.555555555555555
8041	2	5.555555555555555
8042	2	5.555555555555555
8043	2	5.555555555555555
8044	2	5.555555555555555
8045	2	5.555555555555555
8046	2	5.555555555555555
8047	2	5.555555555555555
8048	2	5.555555555555555
8049	2	5.555555555555555
8050	2	5.555555555555555
8051	2	5.555555555555555
8052	2	5.555555555555555
8053	2	5.555555555555555
8054	2	5.555555555555555
8055	2	5.555555555555555
8056	2	5.555555555555555
8057	2	5.555555555555555
8058	2	5.555555555555555
8059	2	5.555555555555555
8060	2	5.555555555555555
8061	2	5.555555555555555
8062	2	5.555555555555555
8063	2	5.555555555555555
8064	2	5.555555555555555
8065	2	5.555555555555555
8066	2	5.555555555555555
8067	2	5.555555555555555
8068	2	5.555555555555555
8069	2	5.555555555555555
8070	2	5.555555555555555
8071	2	5.555555555555555
8072	2	5.555555555555555
8073	2	5.555555555555555
8074	2	5.555555555555555
8075	2	5.555555555555555
8076	2	5.555555555555555
8077	2	5.555555555555555
8078	2	5.555555555555555
8079	2	5.555555555555555
8080	2	5.555555555555555
8081	2	5.555555555555555
8082	2	5.555555555555555
8083	2	5.555555555555555
8084	2	5.555555555555555
8085	2	5.555555555555555
8086	2	5.555555555555555
8087	2	5.555555555555555
8088	2	5.555555555555555
8089	2	5.555555555555555
8090	2	5.555555555555555
8091	2	5.555555555555555
8092	2	5.555555555555555
8093	2	5.555555555555555
8094	2	5.555555555555555
8095	2	5.555555555555555
8096	2	5.555555555555555
8097	2	5.555555555555555
8098	2	5.555555555555555
8099	2	5.555555555555555
8100	2	5.555555555555555
8101	2	5.555555555555555
8102	2	5.555555555555555
8103	2	5.555555555555555
8104	2	5.555555555555555
8105	2	5.555555555555555
8106	2	5.555555555555555
8107	2	5.555555555555555
8108	2	5.555555555555555
8109	2	5.555555555555555
8110	2	5.555555555555555
8111	2	5.555555555555555
8112	2	5.555555555555555
8113	2	5.555555555555555
8114	2	5.555555555555555
8115	2	5.555555555555555
8116	2	5.555555555555555
8117	2	5.555555555555555
8118	2	5.555555555555555
8119	2	5.555555555555555
8120	2	5.555555555555555
8121	2	5.555555555555555
8122	2	5.555555555555555
8123	2	5.555555555555555
8124	2	5.555555555555555
8125	2	5.555555555555555
8126	2	5.555555555555555
8127	2	5.555555555555555
8128	2	5.555555555555555
8129	2	5.555555555555555
8130	2	5.555555555555555
8131	2	5.555555555555555
8132	2	5.555555555555555
8133	2	5.555555555555555
8134	2	5.555555555555555
8135	2	5.555555555555555
8136	2	5.555555555555555
8137	2	5.555555555555555
8138	2	5.555555555555555
8139	2	5.555555555555555
8140	2	5.555555555555555
8141	2	5.555555555555555
8142	2	5.555555555555555
8143	2	5.555555555555555
8144	2	5.555555555555555
8145	2	5.555555555555555
8146	2	5.555555555555555
8147	2	5.555555555555555
8148	2	5.555555555555555
8149	2	5.555555555555555
8150	2	5.555555555555555
8151	2	5.555555555555555
8152	2	5.555555555555555
8153	2	5.555555555555555
8154	2	5.555555555555555
8155	2	5.555555555555555
8156	2	5.555555555555555
8157	2	5.555555555555555
8158	2	5.555555555555555
8159	2	5.555555555555555
8160	2	5.555555555555555
8161	2	5.555555555555555
8162	2	5.555555555555555
8163	2	5.555555555555555
8164	2	5.555555555555555
8165	2	5.555555555555555
8166	2	5.555555555555555
8167	2	5.555555555555555
8168	2	5.555555555555555
8169	2	5.555555555555555
8170	2	5.555555555555555
8171	2	5.555555555555555
8172	2	5.555555555555555
8173	2	5.555555555555555
8174	2	5.555555555555555
8175	2	5.555555555555555
8176	2	5.555555555555555
8177	2	5.555555555555555
8178	2	5.555555555555555
8179	2	5.555555555555555
8180	2	5.555555555555555
8181	2	5.555555555555555
8182	2	5.555555555555555
8183	2	5.555555555555555
8184	2	5.555555555555555
8185	2	5.555555555555555
8186	2	5.555555555555555
8187	2	5.555555555555555
8188	2	5.555555555555555
8189	2	5.555555555555555
8190	2	5.555555555555555
8191	2	5.555555555555555
8192	2	5.555555555555555
8193	2	5.555555555555555
8194	2	5.555555555555555
8195	2	5.555555555555555
8196	2	5.555555555555555
8197	2	5.555555555555555
8198	2	5.555555555555555
8199	2	5.555555555555555
8200	2	5.555555555555555
8201	2	5.555555555555555
8202	2	5.555555555555555
8203	2	5.555555555555555
8204	2	5.555555555555555
8205	2	5.555555555555555
8206	2	5.555555555555555
8207	2	5.555555555555555
8208	2	5.555555555555555
8209	2	5.555555555555555
8210	2	5.555555555555555
8211	2	5.555555555555555
8212	2	5.555555555555555
8213	2	5.555555555555555
8214	2	5.555555555555555
8215	2	5.555555555555555
8216	2	5.555555555555555
8217	2	5.555555555555555
8218	2	5.555555555555555
8219	2	5.555555555555555
8220	2	5.555555555555555
8221	2	5.555555555555555
8222	2	5.555555555555555
8223	2	5.555555555555555
8224	2	5.555555555555555
8225	2	5.555555555555555
8226	2	5.555555555555555
8227	2	5.555555555555555
8228	2	5.555555555555555
8229	2	5.555555555555555
8230	2	5.555555555555555
8231	2	5.555555555555555
8232	2	5.555555555555555
8233	2	5.555555555555555
8234	2	5.555555555555555
8235	2	5.555555555555555
8236	2	5.555555555555555
8237	2	5.555555555555555
8238	2	5.555555555555555
8239	2	5.555555555555555
8240	2	5.555555555555555
8241	2	5.555555555555555
8242	2	5.555555555555555
8243	2	5.555555555555555
8244	2	5.555555555555555
8245	2	5.555555555555555
8246	2	5.555555555555555
8247	2	5.555555555555555
8248	2	5.555555555555555
8249	2	5.555555555555555
8250	2	5.555555555555555
8251	2	5.555555555555555
8252	2	5.555555555555555
8253	2	5.555555555555555
8254	2	5.555555555555555
8255	2	5.555555555555555
8256	2	5.555555555555555
8257	2	5.555555555555555
8258	2	5.555555555555555
8259	2	5.555555555555555
8260	2	5.555555555555555
8261	2	5.555555555555555
8262	2	5.555555555555555
8263	2	5.555555555555555
8264	2	5.555555555555555
8265	2	5.555555555555555
8266	2	5.555555555555555
8267	2	5.555555555555555
8268	2	5.555555555555555
8269	2	5.555555555555555
8270	2	5.555555555555555
8271	2	5.555555555555555
8272	2	5.555555555555555
8273	2	5.555555555555555
8274	2	5.555555555555555
8275	2	5.555555555555555
8276	2	5.555555555555555
8277	2	5.555555555555555
8278	2	5.555555555555555
8279	2	5.555555555555555
8280	2	5.555555555555555
8281	2	5.555555555555555
8282	2	5.555555555555555
8283	2	5.555555555555555
8284	2	5.555555555555555
8285	2	5.555555555555555
8286	2	5.555555555555555
8287	2	5.555555555555555
8288	2	5.555555555555555
8289	2	5.555555555555555
8290	2	5.555555555555555
8291	2	5.555555555555555
8292	2	5.555555555555555
8293	2	5.555555555555555
8294	2	5.555555555555555
8295	2	5.555555555555555
8296	2	5.555555555555555
8297	2	5.555555555555555
8298	2	5.555555555555555
8299	2	5.555555555555555
8300	2	5.555555555555555
8301	2	5.555555555555555
8302	2	5.555555555555555
8303	2	5.555555555555555
8304	2	5.555555555555555
8305	2	5.555555555555555
8306	2	5.555555555555555
8307	2	5.555555555555555
8308	2	5.555555555555555
8309	2	5.555555555555555
8310	2	5.555555555555555
8311	2	5.555555555555555
8312	2	5.555555555555555
8313	2	5.555555555555555
8314	2	5.555555555555555
8315	2	5.555555555555555
8316	2	5.555555555555555
8317	2	5.555555555555555
8318	2	5.555555555555555
8319	2	5.555555555555555
8320	2	5.555555555555555
8321	2	5.555555555555555
8322	2	5.555555555555555
8323	2	5.555555555555555
8324	2	5.555555555555555
8325	2	5.555555555555555
8326	2	5.555555555555555
8327	2	5.555555555555555
8328	2	5.555555555555555
8329	2	5.555555555555555
8330	2	5.555555555555555
8331	2	5.555555555555555
8332	2	5.555555555555555
8333	2	5.555555555555555
8334	2	5.555555555555555
8335	2	5.555555555555555
8336	2	5.555555555555555
8337	2	5.555555555555555
8338	2	5.555555555555555
8339	2	5.555555555555555
8340	2	5.555555555555555
8341	2	5.555555555555555
8342	2	5.555555555555555
8343	2	5.555555555555555
8344	2	5.555555555555555
8345	2	5.555555555555555
8346	2	5.555555555555555
8347	2	5.555555555555555
8348	2	5.555555555555555
8349	2	5.555555555555555
8350	2	5.555555555555555
8351	2	5.555555555555555
8352	2	5.555555555555555
8353	2	5.555555555555555
8354	2	5.555555555555555
8355	2	5.555555555555555
8356	2	5.555555555555555
8357	2	5.555555555555555
8358	2	5.555555555555555
8359	2	5.555555555555555
8360	2	5.555555555555555
8361	2	5.555555555555555
8362	2	5.555555555555555
8363	2	5.555555555555555
8364	2	5.555555555555555
8365	2	5.555555555555555
8366	2	5.555555555555555
8367	2	5.555555555555555
8368	2	5.555555555555555
8369	2	5.555555555555555
8370	2	5.555555555555555
8371	2	5.555555555555555
8372	2	5.555555555555555
8373	2	5.555555555555555
8374	2	5.555555555555555
8375	2	5.555555555555555
8376	2	5.555555555555555
8377	2	5.555555555555555
8378	2	5.555555555555555
8379	2	5.555555555555555
8380	2	5.555555555555555
8381	2	5.555555555555555
8382	2	5.555555555555555
8383	2	5.555555555555555
8384	2	5.555555555555555
8385	2	5.555555555555555
8386	2	5.555555555555555
8387	2	5.555555555555555
8388	2	5.555555555555555
8389	2	5.555555555555555
8390	2	5.555555555555555
8391	2	5.555555555555555
8392	2	5.555555555555555
8393	2	5.555555555555555
8394	2	5.555555555555555
8395	2	5.555555555555555
8396	2	5.555555555555555
8397	2	5.555555555555555
8398	2	5.555555555555555
8399	2	5.555555555555555
8400	2	5.555555555555555
8401	2	5.555555555555555
8402	2	5.555555555555555
8403	2	5.555555555555555
8404	2	5.555555555555555
8405	2	5.555555555555555
8406	2	5.555555555555555
8407	2	5.555555555555555
8408	2	5.555555555555555
8409	2	5.555555555555555
8410	2	5.555555555555555
8411	2	5.555555555555555
8412	2	5.555555555555555
8413	2	5.555555555555555
8414	2	5.555555555555555
8415	2	5.555555555555555
8416	2	5.555555555555555
8417	2	5.555555555555555
8418	2	5.555555555555555
8419	2	5.555555555555555
8420	2	5.555555555555555
8421	2	5.555555555555555
8422	2	5.555555555555555
8423	2	5.555555555555555
8424	2	5.555555555555555
8425	2	5.555555555555555
8426	2	5.555555555555555
8427	2	5.555555555555555
8428	2	5.555555555555555
8429	2	5.555555555555555
8430	2	5.555555555555555
8431	2	5.555555555555555
8432	2	5.555555555555555
8433	2	5.555555555555555
8434	2	5.555555555555555
8435	2	5.555555555555555
8436	2	5.555555555555555
8437	2	5.555555555555555
8438	2	5.555555555555555
8439	2	5.555555555555555
8440	2	5.555555555555555
8441	2	5.555555555555555
8442	2	5.555555555555555
8443	2	5.555555555555555
8444	2	5.555555555555555
8445	2	5.555555555555555
8446	2	5.555555555555555
8447	2	5.555555555555555
8448	2	5.555555555555555
8449	2	5.555555555555555
8450	2	5.555555555555555
8451	2	5.555555555555555
8452	2	5.555555555555555
8453	2	5.555555555555555
8454	2	5.555555555555555
8455	2	5.555555555555555
8456	2	5.555555555555555
8457	2	5.555555555555555
8458	2	5.555555555555555
8459	2	5.555555555555555
8460	2	5.555555555555555
8461	2	5.555555555555555
8462	2	5.555555555555555
8463	2	5.555555555555555
8464	2	5.555555555555555
8465	2	5.555555555555555
8466	2	5.555555555555555
8467	2	5.555555555555555
8468	2	5.555555555555555
8469	2	5.555555555555555
8470	2	5.555555555555555
8471	2	5.555555555555555
8472	2	5.555555555555555
8473	2	5.555555555555555
8474	2	5.555555555555555
8475	2	5.555555555555555
8476	2	5.555555555555555
8477	2	5.555555555555555
8478	2	5.555555555555555
8479	2	5.555555555555555
8480	2	5.555555555555555
8481	2	5.555555555555555
8482	2	5.555555555555555
8483	2	5.555555555555555
8484	2	5.555555555555555
8485	2	5.555555555555555
8486	2	5.555555555555555
8487	2	5.555555555555555
8488	2	5.555555555555555
8489	2	5.555555555555555
8490	2	5.555555555555555
8491	2	5.555555555555555
8492	2	5.555555555555555
8493	2	5.555555555555555
8494	2	5.555555555555555
8495	2	5.555555555555555
8496	2	5.555555555555555
8497	2	5.555555555555555
8498	2	5.555555555555555
8499	2	5.555555555555555
8500	2	5.555555555555555
8501	2	5.555555555555555
8502	2	5.555555555555555
8503	2	5.555555555555555
8504	2	5.555555555555555
8505	2	5.555555555555555
8506	2	5.555555555555555
8507	2	5.555555555555555
8508	2	5.555555555555555
8509	2	5.555555555555555
8510	2	5.555555555555555
8511	2	5.555555555555555
8512	2	5.555555555555555
8513	2	5.555555555555555
8514	2	5.555555555555555
8515	2	5.555555555555555
8516	2	5.555555555555555
8517	2	5.555555555555555
8518	2	5.555555555555555
8519	2	5.555555555555555
8520	2	5.555555555555555
8521	2	5.555555555555555
8522	2	5.555555555555555
8523	2	5.555555555555555
8524	2	5.555555555555555
8525	2	5.555555555555555
8526	2	5.555555555555555
8527	2	5.555555555555555
8528	2	5.555555555555555
8529	2	5.555555555555555
8530	2	5.555555555555555
8531	2	5.555555555555555
8532	2	5.555555555555555
8533	2	5.555555555555555
8534	2	5.555555555555555
8535	2	5.555555555555555
8536	2	5.555555555555555
8537	2	5.555555555555555
8538	2	5.555555555555555
8539	2	5.555555555555555
8540	2	5.555555555555555
8541	2	5.555555555555555
8542	2	5.555555555555555
8543	2	5.555555555555555
8544	2	5.555555555555555
8545	2	5.555555555555555
8546	2	5.555555555555555
8547	2	5.555555555555555
8548	2	5.555555555555555
8549	2	5.555555555555555
8550	2	5.555555555555555
8551	2	5.555555555555555
8552	2	5.555555555555555
8553	2	5.555555555555555
8554	2	5.555555555555555
8555	2	5.555555555555555
8556	2	5.555555555555555
8557	2	5.555555555555555
8558	2	5.555555555555555
8559	2	5.555555555555555
8560	2	5.555555555555555
8561	2	5.555555555555555
8562	2	5.555555555555555
8563	2	5.555555555555555
8564	2	5.555555555555555
8565	2	5.555555555555555
8566	2	5.555555555555555
8567	2	5.555555555555555
8568	2	5.555555555555555
8569	2	5.555555555555555
8570	2	5.555555555555555
8571	2	5.555555555555555
8572	2	5.555555555555555
8573	2	5.555555555555555
8574	2	5.555555555555555
8575	2	5.555555555555555
8576	2	5.555555555555555
8577	2	5.555555555555555
8578	2	5.555555555555555
8579	2	5.555555555555555
8580	2	5.555555555555555
8581	2	5.555555555555555
8582	2	5.555555555555555
8583	2	5.555555555555555
8584	2	5.555555555555555
8585	2	5.555555555555555
8586	2	5.555555555555555
8587	2	5.555555555555555
8588	2	5.555555555555555
8589	2	5.555555555555555
8590	2	5.555555555555555
8591	2	5.555555555555555
8592	2	5.555555555555555
8593	2	5.555555555555555
8594	2	5.555555555555555
8595	2	5.555555555555555
8596	2	5.555555555555555
8597	2	5.555555555555555
8598	2	5.555555555555555
8599	2	5.555555555555555
8600	2	5.555555555555555
8601	2	5.555555555555555
8602	2	5.555555555555555
8603	2	5.555555555555555
8604	2	5.555555555555555
8605	2	5.555555555555555
8606	2	5.555555555555555
8607	2	5.555555555555555
8608	2	5.555555555555555
8609	2	5.555555555555555
8610	2	5.555555555555555
8611	2	5.555555555555555
8612	2	5.555555555555555
8613	2	5.555555555555555
8614	2	5.555555555555555
8615	2	5.555555555555555
8616	2	5.555555555555555
8617	2	5.555555555555555
8618	2	5.555555555555555
8619	2	5.555555555555555
8620	2	5.555555555555555
8621	2	5.555555555555555
8622	2	5.555555555555555
8623	2	5.555555555555555
8624	2	5.555555555555555
8625	2	5.555555555555555
8626	2	5.555555555555555
8627	2	5.555555555555555
8628	2	5.555555555555555
8629	2	5.555555555555555
8630	2	5.555555555555555
8631	2	5.555555555555555
8632	2	5.555555555555555
8633	2	5.555555555555555
8634	2	5.555555555555555
8635	2	5.555555555555555
8636	2	5.555555555555555
8637	2	5.555555555555555
8638	2	5.555555555555555
8639	2	5.555555555555555
8640	2	5.555555555555555
8641	2	5.555555555555555
8642	2	5.555555555555555
8643	2	5.555555555555555
8644	2	5.555555555555555
8645	2	5.555555555555555
8646	2	5.555555555555555
8647	2	5.555555555555555
8648	2	5.555555555555555
8649	2	5.555555555555555
8650	2	5.555555555555555
8651	2	5.555555555555555
8652	2	5.555555555555555
8653	2	5.555555555555555
8654	2	5.555555555555555
8655	2	5.555555555555555
8656	2	5.555555555555555
8657	2	5.555555555555555
8658	2	5.555555555555555
8659	2	5.555555555555555
8660	2	5.555555555555555
8661	2	5.555555555555555
8662	2	5.555555555555555
8663	2	5.555555555555555
8664	2	5.555555555555555
8665	2	5.555555555555555
8666	2	5.555555555555555
8667	2	5.555555555555555
8668	2	5.555555555555555
8669	2	5.555555555555555
8670	2	5.555555555555555
8671	2	5.555555555555555
8672	2	5.555555555555555
8673	2	5.555555555555555
8674	2	5.555555555555555
8675	2	5.555555555555555
8676	2	5.555555555555555
8677	2	5.555555555555555
8678	2	5.555555555555555
8679	2	5.555555555555555
8680	2	5.555555555555555
8681	2	5.555555555555555
8682	2	5.555555555555555
8683	2	5.555555555555555
8684	2	5.555555555555555
8685	2	5.555555555555555
8686	2	5.555555555555555
8687	2	5.555555555555555
8688	2	5.555555555555555
8689	2	5.555555555555555
8690	2	5.555555555555555
8691	2	5.555555555555555
8692	2	5.555555555555555
8693	2	5.555555555555555
8694	2	5.555555555555555
8695	2	5.555555555555555
8696	2	5.555555555555555
8697	2	5.555555555555555
8698	2	5.555555555555555
8699	2	5.555555555555555
8700	2	5.555555555555555
8701	2	5.555555555555555
8702	2	5.555555555555555
8703	2	5.555555555555555
8704	2	5.555555555555555
8705	2	5.555555555555555
8706	2	5.555555555555555
8707	2	5.555555555555555
8708	2	5.555555555555555
8709	2	5.555555555555555
8710	2	5.555555555555555
8711	2	5.555555555555555
8712	2	5.555555555555555
8713	2	5.555555555555555
8714	2	5.555555555555555
8715	2	5.555555555555555
8716	2	5.555555555555555
8717	2	5.555555555555555
8718	2	5.555555555555555
8719	2	5.555555555555555
8720	2	5.555555555555555
8721	2	5.555555555555555
8722	2	5.555555555555555
8723	2	5.555555555555555
8724	2	5.555555555555555
8725	2	5.555555555555555
8726	2	5.555555555555555
8727	2	5.555555555555555
8728	2	5.555555555555555
8729	2	5.555555555555555
8730	2	5.555555555555555
8731	2	5.555555555555555
8732	2	5.555555555555555
8733	2	5.555555555555555
8734	2	5.555555555555555
8735	2	5.555555555555555
8736	2	5.555555555555555
8737	2	5.555555555555555
8738	2	5.555555555555555
8739	2	5.555555555555555
8740	2	5.555555555555555
8741	2	5.555555555555555
8742	2	5.555555555555555
8743	2	5.555555555555555
8744	2	5.555555555555555
8745	2	5.555555555555555
8746	2	5.555555555555555
8747	2	5.555555555555555
8748	2	5.555555555555555
8749	2	5.555555555555555
8750	2	5.555555555555555
8751	2	5.555555555555555
8752	2	5.555555555555555
8753	2	5.555555555555555
8754	2	5.555555555555555
8755	2	5.555555555555555
8756	2	5.555555555555555
8757	2	5.555555555555555
8758	2	5.555555555555555
8759	2	5.555555555555555
8760	2	5.555555555555555
8761	2	5.555555555555555
8762	2	5.555555555555555
8763	2	5.555555555555555
8764	2	5.555555555555555
8765	2	5.555555555555555
8766	2	5.555555555555555
8767	2	5.555555555555555
8768	2	5.555555555555555
8769	2	5.555555555555555
8770	2	5.555555555555555
8771	2	5.555555555555555
8772	2	5.555555555555555
8773	2	5.555555555555555
8774	2	5.555555555555555
8775	2	5.555555555555555
8776	2	5.555555555555555
8777	2	5.555555555555555
8778	2	5.555555555555555
8779	2	5.555555555555555
8780	2	5.555555555555555
8781	2	5.555555555555555
8782	2	5.555555555555555
8783	2	5.555555555555555
8784	2	5.555555555555555
8785	2	5.555555555555555
8786	2	5.555555555555555
8787	2	5.555555555555555
8788	2	5.555555555555555
8789	2	5.555555555555555
8790	2	5.555555555555555
8791	2	5.555555555555555
8792	2	5.555555555555555
8793	2	5.555555555555555
8794	2	5.555555555555555
8795	2	5.555555555555555
8796	2	5.555555555555555
8797	2	5.555555555555555
8798	2	5.555555555555555
8799	2	5.555555555555555
8800	2	5.555555555555555
8801	2	5.555555555555555
8802	2	5.555555555555555
8803	2	5.555555555555555
8804	2	5.555555555555555
8805	2	5.555555555555555
8806	2	5.555555555555555
8807	2	5.555555555555555
8808	2	5.555555555555555
8809	2	5.555555555555555
8810	2	5.555555555555555
8811	2	5.555555555555555
8812	2	5.555555555555555
8813	2	5.555555555555555
8814	2	5.555555555555555
8815	2	5.555555555555555
8816	2	5.555555555555555
8817	2	5.555555555555555
8818	2	5.555555555555555
8819	2	5.555555555555555
8820	2	5.555555555555555
8821	2	5.555555555555555
8822	2	5.555555555555555
8823	2	5.555555555555555
8824	2	5.555555555555555
8825	2	5.555555555555555
8826	2	5.555555555555555
8827	2	5.555555555555555
8828	2	5.555555555555555
8829	2	5.555555555555555
8830	2	5.555555555555555
8831	2	5.555555555555555
8832	2	5.555555555555555
8833	2	5.555555555555555
8834	2	5.555555555555555
8835	2	5.555555555555555
8836	2	5.555555555555555
8837	2	5.555555555555555
8838	2	5.555555555555555
8839	2	5.555555555555555
8840	2	5.555555555555555
8841	2	5.555555555555555
8842	2	5.555555555555555
8843	2	5.555555555555555
8844	2	5.555555555555555
8845	2	5.555555555555555
8846	2	5.555555555555555
8847	2	5.555555555555555
8848	2	5.555555555555555
8849	2	5.555555555555555
8850	2	5.555555555555555
8851	2	5.555555555555555
8852	2	5.555555555555555
8853	2	5.555555555555555
8854	2	5.555555555555555
8855	2	5.555555555555555
8856	2	5.555555555555555
8857	2	5.555555555555555
8858	2	5.555555555555555
8859	2	5.555555555555555
8860	2	5.555555555555555
8861	2	5.555555555555555
8862	2	5.555555555555555
8863	2	5.555555555555555
8864	2	5.555555555555555
8865	2	5.555555555555555
8866	2	5.555555555555555
8867	2	5.555555555555555
8868	2	5.555555555555555
8869	2	5.555555555555555
8870	2	5.555555555555555
8871	2	5.555555555555555
8872	2	5.555555555555555
8873	2	5.555555555555555
8874	2	5.555555555555555
8875	2	5.555555555555555
8876	2	5.555555555555555
8877	2	5.555555555555555
8878	2	5.555555555555555
8879	2	5.555555555555555
8880	2	5.555555555555555
8881	2	5.555555555555555
8882	2	5.555555555555555
8883	2	5.555555555555555
8884	2	5.555555555555555
8885	2	5.555555555555555
8886	2	5.555555555555555
8887	2	5.555555555555555
8888	2	5.555555555555555
8889	2	5.555555555555555
8890	2	5.555555555555555
8891	2	5.555555555555555
8892	2	5.555555555555555
8893	2	5.555555555555555
8894	2	5.555555555555555
8895	2	5.555555555555555
8896	2	5.555555555555555
8897	2	5.555555555555555
8898	2	5.555555555555555
8899	2	5.555555555555555
8900	2	5.555555555555555
8901	2	5.555555555555555
8902	2	5.555555555555555
8903	2	5.555555555555555
8904	2	5.555555555555555
8905	2	5.555555555555555
8906	2	5.555555555555555
8907	2	5.555555555555555
8908	2	5.555555555555555
8909	2	5.555555555555555
8910	2	5.555555555555555
8911	2	5.555555555555555
8912	2	5.555555555555555
8913	2	5.555555555555555
8914	2	5.555555555555555
8915	2	5.555555555555555
8916	2	5.555555555555555
8917	2	5.555555555555555
8918	2	5.555555555555555
8919	2	5.555555555555555
8920	2	5.555555555555555
8921	2	5.555555555555555
8922	2	5.555555555555555
8923	2	5.555555555555555
8924	2	5.555555555555555
8925	2	5.555555555555555
8926	2	5.555555555555555
8927	2	5.555555555555555
8928	2	5.555555555555555
8929	2	5.555555555555555
8930	2	5.555555555555555
8931	2	5.555555555555555
8932	2	5.555555555555555
8933	2	5.555555555555555
8934	2	5.555555555555555
8935	2	5.555555555555555
8936	2	5.555555555555555
8937	2	5.555555555555555
8938	2	5.555555555555555
8939	2	5.555555555555555
8940	2	5.555555555555555
8941	2	5.555555555555555
8942	2	5.555555555555555
8943	2	5.555555555555555
8944	2	5.555555555555555
8945	2	5.555555555555555
8946	2	5.555555555555555
8947	2	5.555555555555555
8948	2	5.555555555555555
8949	2	5.555555555555555
8950	2	5.555555555555555
8951	2	5.555555555555555
8952	2	5.555555555555555
8953	2	5.555555555555555
8954	2	5.555555555555555
8955	2	5.555555555555555
8956	2	5.555555555555555
8957	2	5.555555555555555
8958	2	5.555555555555555
8959	2	5.555555555555555
8960	2	5.555555555555555
8961	2	5.555555555555555
8962	2	5.555555555555555
8963	2	5.555555555555555
8964	2	5.555555555555555
8965	2	5.555555555555555
8966	2	5.555555555555555
8967	2	5.555555555555555
8968	2	5.555555555555555
8969	2	5.555555555555555
8970	2	5.555555555555555
8971	2	5.555555555555555
8972	2	5.555555555555555
8973	2	5.555555555555555
8974	2	5.555555555555555
8975	2	5.555555555555555
8976	2	5.555555555555555
8977	2	5.555555555555555
8978	2	5.555555555555555
8979	2	5.555555555555555
8980	2	5.555555555555555
8981	2	5.555555555555555
8982	2	5.555555555555555
8983	2	5.555555555555555
8984	2	5.555555555555555
8985	2	5.555555555555555
8986	2	5.555555555555555
8987	2	5.555555555555555
8988	2	5.555555555555555
8989	2	5.555555555555555
8990	2	5.555555555555555
8991	2	5.555555555555555
8992	2	5.555555555555555
8993	2	5.555555555555555
8994	2	5.555555555555555
8995	2	5.555555555555555
8996	2	5.555555555555555
8997	2	5.555555555555555
8998	2	5.555555555555555
8999	2	5.555555555555555
9000	2	5.555555555555555
9001	2	5.555555555555555
9002	2	5.555555555555555
9003	2	5.555555555555555
9004	2	5.555555555555555
9005	2	5.555555555555555
9006	2	5.555555555555555
9007	2	5.555555555555555
9008	2	5.555555555555555
9009	2	5.555555555555555
9010	2	5.555555555555555
9011	2	5.555555555555555
9012	2	5.555555555555555
9013	2	5.555555555555555
9014	2	5.555555555555555
9015	2	5.555555555555555
9016	2	5.555555555555555
9017	2	5.555555555555555
9018	2	5.555555555555555
9019	2	5.555555555555555
9020	2	5.555555555555555
9021	2	5.555555555555555
9022	2	5.555555555555555
9023	2	5.555555555555555
9024	2	5.555555555555555
9025	2	5.555555555555555
9026	2	5.555555555555555
9027	2	5.555555555555555
9028	2	5.555555555555555
9029	2	5.555555555555555
9030	2	5.555555555555555
9031	2	5.555555555555555
9032	2	5.555555555555555
9033	2	5.555555555555555
9034	2	5.555555555555555
9035	2	5.555555555555555
9036	2	5.555555555555555
9037	2	5.555555555555555
9038	2	5.555555555555555
9039	2	5.555555555555555
9040	2	5.555555555555555
9041	2	5.555555555555555
9042	2	5.555555555555555
9043	2	5.555555555555555
9044	2	5.555555555555555
9045	2	5.555555555555555
9046	2	5.555555555555555
9047	2	5.555555555555555
9048	2	5.555555555555555
9049	2	5.555555555555555
9050	2	5.555555555555555
9051	2	5.555555555555555
9052	2	5.555555555555555
9053	2	5.555555555555555
9054	2	5.555555555555555
9055	2	5.555555555555555
9056	2	5.555555555555555
9057	2	5.555555555555555
9058	2	5.555555555555555
9059	2	5.555555555555555
9060	2	5.555555555555555
9061	2	5.555555555555555
9062	2	5.555555555555555
9063	2	5.555555555555555
9064	2	5.555555555555555
9065	2	5.555555555555555
9066	2	5.555555555555555
9067	2	5.555555555555555
9068	2	5.555555555555555
9069	2	5.555555555555555
9070	2	5.555555555555555
9071	2	5.555555555555555
9072	2	5.555555555555555
9073	2	5.555555555555555
9074	2	5.555555555555555
9075	2	5.555555555555555
9076	2	5.555555555555555
9077	2	5.555555555555555
9078	2	5.555555555555555
9079	2	5.555555555555555
9080	2	5.555555555555555
9081	2	5.555555555555555
9082	2	5.555555555555555
9083	2	5.555555555555555
9084	2	5.555555555555555
9085	2	5.555555555555555
9086	2	5.555555555555555
9087	2	5.555555555555555
9088	2	5.555555555555555
9089	2	5.555555555555555
9090	2	5.555555555555555
9091	2	5.555555555555555
9092	2	5.555555555555555
9093	2	5.555555555555555
9094	2	5.555555555555555
9095	2	5.555555555555555
9096	2	5.555555555555555
9097	2	5.555555555555555
9098	2	5.555555555555555
9099	2	5.555555555555555
9100	2	5.555555555555555
9101	2	5.555555555555555
9102	2	5.555555555555555
9103	2	5.555555555555555
9104	2	5.555555555555555
9105	2	5.555555555555555
9106	2	5.555555555555555
9107	2	5.555555555555555
9108	2	5.555555555555555
9109	2	5.555555555555555
9110	2	5.555555555555555
9111	2	5.555555555555555
9112	2	5.555555555555555
9113	2	5.555555555555555
9114	2	5.555555555555555
9115	2	5.555555555555555
9116	2	5.555555555555555
9117	2	5.555555555555555
9118	2	5.555555555555555
9119	2	5.555555555555555
9120	2	5.555555555555555
9121	2	5.555555555555555
9122	2	5.555555555555555
9123	2	5.555555555555555
9124	2	5.555555555555555
9125	2	5.555555555555555
9126	2	5.555555555555555
9127	2	5.555555555555555
9128	2	5.555555555555555
9129	2	5.555555555555555
9130	2	5.555555555555555
9131	2	5.555555555555555
9132	2	5.555555555555555
9133	2	5.555555555555555
9134	2	5.555555555555555
9135	2	5.555555555555555
9136	2	5.555555555555555
9137	2	5.555555555555555
9138	2	5.555555555555555
9139	2	5.555555555555555
9140	2	5.555555555555555
9141	2	5.555555555555555
9142	2	5.555555555555555
9143	2	5.555555555555555
9144	2	5.555555555555555
9145	2	5.555555555555555
9146	2	5.555555555555555
9147	2	5.555555555555555
9148	2	5.555555555555555
9149	2	5.555555555555555
9150	2	5.555555555555555
9151	2	5.555555555555555
9152	2	5.555555555555555
9153	2	5.555555555555555
9154	2	5.555555555555555
9155	2	5.555555555555555
9156	2	5.555555555555555
9157	2	5.555555555555555
9158	2	5.555555555555555
9159	2	5.555555555555555
9160	2	5.555555555555555
9161	2	5.555555555555555
9162	2	5.555555555555555
9163	2	5.555555555555555
9164	2	5.555555555555555
9165	2	5.555555555555555
9166	2	5.555555555555555
9167	2	5.555555555555555
9168	2	5.555555555555555
9169	2	5.555555555555555
9170	2	5.555555555555555
9171	2	5.555555555555555
9172	2	5.555555555555555
9173	2	5.555555555555555
9174	2	5.555555555555555
9175	2	5.555555555555555
9176	2	5.555555555555555
9177	2	5.555555555555555
9178	2	5.555555555555555
9179	2	5.555555555555555
9180	2	5.555555555555555
9181	2	5.555555555555555
9182	2	5.555555555555555
9183	2	5.555555555555555
9184	2	5.555555555555555
9185	2	5.555555555555555
9186	2	5.555555555555555
9187	2	5.555555555555555
9188	2	5.555555555555555
9189	2	5.555555555555555
9190	2	5.555555555555555
9191	2	5.555555555555555
9192	2	5.555555555555555
9193	2	5.555555555555555
9194	2	5.555555555555555
9195	2	5.555555555555555
9196	2	5.555555555555555
9197	2	5.555555555555555
9198	2	5.555555555555555
9199	2	5.555555555555555
9200	2	5.555555555555555
9201	2	5.555555555555555
9202	2	5.555555555555555
9203	2	5.555555555555555
9204	2	5.555555555555555
9205	2	5.555555555555555
9206	2	5.555555555555555
9207	2	5.555555555555555
9208	2	5.555555555555555
9209	2	5.555555555555555
9210	2	5.555555555555555
9211	2	5.555555555555555
9212	2	5.555555555555555
9213	2	5.555555555555555
9214	2	5.555555555555555
9215	2	5.555555555555555
9216	2	5.555555555555555
9217	2	5.555555555555555
9218	2	5.555555555555555
9219	2	5.555555555555555
9220	2	5.555555555555555
9221	2	5.555555555555555
9222	2	5.555555555555555
9223	2	5.555555555555555
9224	2	5.555555555555555
9225	2	5.555555555555555
9226	2	5.555555555555555
9227	2	5.555555555555555
9228	2	5.555555555555555
9229	2	5.555555555555555
9230	2	5.555555555555555
9231	2	5.555555555555555
9232	2	5.555555555555555
9233	2	5.555555555555555
9234	2	5.555555555555555
9235	2	5.555555555555555
9236	2	5.555555555555555
9237	2	5.555555555555555
9238	2	5.555555555555555
9239	2	5.555555555555555
9240	2	5.555555555555555
9241	2	5.555555555555555
9242	2	5.555555555555555
9243	2	5.555555555555555
9244	2	5.555555555555555
9245	2	5.555555555555555
9246	2	5.555555555555555
9247	2	5.555555555555555
9248	2	5.555555555555555
9249	2	5.555555555555555
9250	2	5.555555555555555
9251	2	5.555555555555555
9252	2	5.555555555555555
9253	2	5.555555555555555
9254	2	5.555555555555555
9255	2	5.555555555555555
9256	2	5.555555555555555
9257	2	5.555555555555555
9258	2	5.555555555555555
9259	2	5.555555555555555
9260	2	5.555555555555555
9261	2	5.555555555555555
9262	2	5.555555555555555
9263	2	5.555555555555555
9264	2	5.555555555555555
9265	2	5.555555555555555
9266	2	5.555555555555555
9267	2	5.555555555555555
9268	2	5.555555555555555
9269	2	5.555555555555555
9270	2	5.555555555555555
9271	2	5.555555555555555
9272	2	5.555555555555555
9273	2	5.555555555555555
9274	2	5.555555555555555
9275	2	5.555555555555555
9276	2	5.555555555555555
9277	2	5.555555555555555
9278	2	5.555555555555555
9279	2	5.555555555555555
9280	2	5.555555555555555
9281	2	5.555555555555555
9282	2	5.555555555555555
9283	2	5.555555555555555
9284	2	5.555555555555555
9285	2	5.555555555555555
9286	2	5.555555555555555
9287	2	5.555555555555555
9288	2	5.555555555555555
9289	2	5.555555555555555
9290	2	5.555555555555555
9291	2	5.555555555555555
9292	2	5.555555555555555
9293	2	5.555555555555555
9294	2	5.555555555555555
9295	2	5.555555555555555
9296	2	5.555555555555555
9297	2	5.555555555555555
9298	2	5.555555555555555
9299	2	5.555555555555555
9300	2	5.555555555555555
9301	2	5.555555555555555
9302	2	5.555555555555555
9303	2	5.555555555555555
9304	2	5.555555555555555
9305	2	5.555555555555555
9306	2	5.555555555555555
9307	2	5.555555555555555
9308	2	5.555555555555555
9309	2	5.555555555555555
9310	2	5.555555555555555
9311	2	5.555555555555555
9312	2	5.555555555555555
9313	2	5.555555555555555
9314	2	5.555555555555555
9315	2	5.555555555555555
9316	2	5.555555555555555
9317	2	5.555555555555555
9318	2	5.555555555555555
9319	2	5.555555555555555
9320	2	5.555555555555555
9321	2	5.555555555555555
9322	2	5.555555555555555
9323	2	5.555555555555555
9324	2	5.555555555555555
9325	2	5.555555555555555
9326	2	5.555555555555555
9327	2	5.555555555555555
9328	2	5.555555555555555
9329	2	5.555555555555555
9330	2	5.555555555555555
9331	2	5.555555555555555
9332	2	5.555555555555555
9333	2	5.555555555555555
9334	2	5.555555555555555
9335	2	5.555555555555555
9336	2	5.555555555555555
9337	2	5.555555555555555
9338	2	5.555555555555555
9339	2	5.555555555555555
9340	2	5.555555555555555
9341	2	5.555555555555555
9342	2	5.555555555555555
9343	2	5.555555555555555
9344	2	5.555555555555555
9345	2	5.555555555555555
9346	2	5.555555555555555
9347	2	5.555555555555555
9348	2	5.555555555555555
9349	2	5.555555555555555
9350	2	5.555555555555555
9351	2	5.555555555555555
9352	2	5.555555555555555
9353	2	5.555555555555555
9354	2	5.555555555555555
9355	2	5.555555555555555
9356	2	5.555555555555555
9357	2	5.555555555555555
9358	2	5.555555555555555
9359	2	5.555555555555555
9360	2	5.555555555555555
9361	2	5.555555555555555
9362	2	5.555555555555555
9363	2	5.555555555555555
9364	2	5.555555555555555
9365	2	5.555555555555555
9366	2	5.555555555555555
9367	2	5.555555555555555
9368	2	5.555555555555555
9369	2	5.555555555555555
9370	2	5.555555555555555
9371	2	5.555555555555555
9372	2	5.555555555555555
9373	2	5.555555555555555
9374	2	5.555555555555555
9375	2	5.555555555555555
9376	2	5.555555555555555
9377	2	5.555555555555555
9378	2	5.555555555555555
9379	2	5.555555555555555
9380	2	5.555555555555555
9381	2	5.555555555555555
9382	2	5.555555555555555
9383	2	5.555555555555555
9384	2	5.555555555555555
9385	2	5.555555555555555
9386	2	5.555555555555555
9387	2	5.555555555555555
9388	2	5.555555555555555
9389	2	5.555555555555555
9390	2	5.555555555555555
9391	2	5.555555555555555
9392	2	5.555555555555555
9393	2	5.555555555555555
9394	2	5.555555555555555
9395	2	5.555555555555555
9396	2	5.555555555555555
9397	2	5.555555555555555
9398	2	5.555555555555555
9399	2	5.555555555555555
9400	2	5.555555555555555
9401	2	5.555555555555555
9402	2	5.555555555555555
9403	2	5.555555555555555
9404	2	5.555555555555555
9405	2	5.555555555555555
9406	2	5.555555555555555
9407	2	5.555555555555555
9408	2	5.555555555555555
9409	2	5.555555555555555
9410	2	5.555555555555555
9411	2	5.555555555555555
9412	2	5.555555555555555
9413	2	5.555555555555555
9414	2	5.555555555555555
9415	2	5.555555555555555
9416	2	5.555555555555555
9417	2	5.555555555555555
9418	2	5.555555555555555
9419	2	5.555555555555555
9420	2	5.555555555555555
9421	2	5.555555555555555
9422	2	5.555555555555555
9423	2	5.555555555555555
9424	2	5.555555555555555
9425	2	5.555555555555555
9426	2	5.555555555555555
9427	2	5.555555555555555
9428	2	5.555555555555555
9429	2	5.555555555555555
9430	2	5.555555555555555
9431	2	5.555555555555555
9432	2	5.555555555555555
9433	2	5.555555555555555
9434	2	5.555555555555555
9435	2	5.555555555555555
9436	2	5.555555555555555
9437	2	5.555555555555555
9438	2	5.555555555555555
9439	2	5.555555555555555
9440	2	5.555555555555555
9441	2	5.555555555555555
9442	2	5.555555555555555
9443	2	5.555555555555555
9444	2	5.555555555555555
9445	2	5.555555555555555
9446	2	5.555555555555555
9447	2	5.555555555555555
9448	2	5.555555555555555
9449	2	5.555555555555555
9450	2	5.555555555555555
9451	2	5.555555555555555
9452	2	5.555555555555555
9453	2	5.555555555555555
9454	2	5.555555555555555
9455	2	5.555555555555555
9456	2	5.555555555555555
9457	2	5.555555555555555
9458	2	5.555555555555555
9459	2	5.555555555555555
9460	2	5.555555555555555
9461	2	5.555555555555555
9462	2	5.555555555555555
9463	2	5.555555555555555
9464	2	5.555555555555555
9465	2	5.555555555555555
9466	2	5.555555555555555
9467	2	5.555555555555555
9468	2	5.555555555555555
9469	2	5.555555555555555
9470	2	5.555555555555555
9471	2	5.555555555555555
9472	2	5.555555555555555
9473	2	5.555555555555555
9474	2	5.555555555555555
9475	2	5.555555555555555
9476	2	5.555555555555555
9477	2	5.555555555555555
9478	2	5.555555555555555
9479	2	5.555555555555555
9480	2	5.555555555555555
9481	2	5.555555555555555
9482	2	5.555555555555555
9483	2	5.555555555555555
9484	2	5.555555555555555
9485	2	5.555555555555555
9486	2	5.555555555555555
9487	2	5.555555555555555
9488	2	5.555555555555555
9489	2	5.555555555555555
9490	2	5.555555555555555
9491	2	5.555555555555555
9492	2	5.555555555555555
9493	2	5.555555555555555
9494	2	5.555555555555555
9495	2	5.555555555555555
9496	2	5.555555555555555
9497	2	5.555555555555555
9498	2	5.555555555555555
9499	2	5.555555555555555
9500	2	5.555555555555555
9501	2	5.555555555555555
9502	2	5.555555555555555
9503	2	5.555555555555555
9504	2	5.555555555555555
9505	2	5.555555555555555
9506	2	5.555555555555555
9507	2	5.555555555555555
9508	2	5.555555555555555
9509	2	5.555555555555555
9510	2	5.555555555555555
9511	2	5.555555555555555
9512	2	5.555555555555555
9513	2	5.555555555555555
9514	2	5.555555555555555
9515	2	5.555555555555555
9516	2	5.555555555555555
9517	2	5.555555555555555
9518	2	5.555555555555555
9519	2	5.555555555555555
9520	2	5.555555555555555
9521	2	5.555555555555555
9522	2	5.555555555555555
9523	2	5.555555555555555
9524	2	5.555555555555555
9525	2	5.555555555555555
9526	2	5.555555555555555
9527	2	5.555555555555555
9528	2	5.555555555555555
9529	2	5.555555555555555
9530	2	5.555555555555555
9531	2	5.555555555555555
9532	2	5.555555555555555
9533	2	5.555555555555555
9534	2	5.555555555555555
9535	2	5.555555555555555
9536	2	5.555555555555555
9537	2	5.555555555555555
9538	2	5.555555555555555
9539	2	5.555555555555555
9540	2	5.555555555555555
9541	2	5.555555555555555
9542	2	5.555555555555555
9543	2	5.555555555555555
9544	2	5.555555555555555
9545	2	5.555555555555555
9546	2	5.555555555555555
9547	2	5.555555555555555
9548	2	5.555555555555555
9549	2	5.555555555555555
9550	2	5.555555555555555
9551	2	5.555555555555555
9552	2	5.555555555555555
9553	2	5.555555555555555
9554	2	5.555555555555555
9555	2	5.555555555555555
9556	2	5.555555555555555
9557	2	5.555555555555555
9558	2	5.555555555555555
9559	2	5.555555555555555
9560	2	5.555555555555555
9561	2	5.555555555555555
9562	2	5.555555555555555
9563	2	5.555555555555555
9564	2	5.555555555555555
9565	2	5.555555555555555
9566	2	5.555555555555555
9567	2	5.555555555555555
9568	2	5.555555555555555
9569	2	5.555555555555555
9570	2	5.555555555555555
9571	2	5.555555555555555
9572	2	5.555555555555555
9573	2	5.555555555555555
9574	2	5.555555555555555
9575	2	5.555555555555555
9576	2	5.555555555555555
9577	2	5.555555555555555
9578	2	5.555555555555555
9579	2	5.555555555555555
9580	2	5.555555555555555
9581	2	5.555555555555555
9582	2	5.555555555555555
9583	2	5.555555555555555
9584	2	5.555555555555555
9585	2	5.555555555555555
9586	2	5.555555555555555
9587	2	5.555555555555555
9588	2	5.555555555555555
9589	2	5.555555555555555
9590	2	5.555555555555555
9591	2	5.555555555555555
9592	2	5.555555555555555
9593	2	5.555555555555555
9594	2	5.555555555555555
9595	2	5.555555555555555
9596	2	5.555555555555555
9597	2	5.555555555555555
9598	2	5.555555555555555
9599	2	5.555555555555555
9600	2	5.555555555555555
9601	2	5.555555555555555
9602	2	5.555555555555555
9603	2	5.555555555555555
9604	2	5.555555555555555
9605	2	5.555555555555555
9606	2	5.555555555555555
9607	2	5.555555555555555
9608	2	5.555555555555555
9609	2	5.555555555555555
9610	2	5.555555555555555
9611	2	5.555555555555555
9612	2	5.555555555555555
9613	2	5.555555555555555
9614	2	5.555555555555555
9615	2	5.555555555555555
9616	2	5.555555555555555
9617	2	5.555555555555555
9618	2	5.555555555555555
9619	2	5.555555555555555
9620	2	5.555555555555555
9621	2	5.555555555555555
9622	2	5.555555555555555
9623	2	5.555555555555555
9624	2	5.555555555555555
9625	2	5.555555555555555
9626	2	5.555555555555555
9627	2	5.555555555555555
9628	2	5.555555555555555
9629	2	5.555555555555555
9630	2	5.555555555555555
9631	2	5.555555555555555
9632	2	5.555555555555555
9633	2	5.555555555555555
9634	2	5.555555555555555
9635	2	5.555555555555555
9636	2	5.555555555555555
9637	2	5.555555555555555
9638	2	5.555555555555555
9639	2	5.555555555555555
9640	2	5.555555555555555
9641	2	5.555555555555555
9642	2	5.555555555555555
9643	2	5.555555555555555
9644	2	5.555555555555555
9645	2	5.555555555555555
9646	2	5.555555555555555
9647	2	5.555555555555555
9648	2	5.555555555555555
9649	2	5.555555555555555
9650	2	5.555555555555555
9651	2	5.555555555555555
9652	2	5.555555555555555
9653	2	5.555555555555555
9654	2	5.555555555555555
9655	2	5.555555555555555
9656	2	5.555555555555555
9657	2	5.555555555555555
9658	2	5.555555555555555
9659	2	5.555555555555555
9660	2	5.555555555555555
9661	2	5.555555555555555
9662	2	5.555555555555555
9663	2	5.555555555555555
9664	2	5.555555555555555
9665	2	5.555555555555555
9666	2	5.555555555555555
9667	2	5.555555555555555
9668	2	5.555555555555555
9669	2	5.555555555555555
9670	2	5.555555555555555
9671	2	5.555555555555555
9672	2	5.555555555555555
9673	2	5.555555555555555
9674	2	5.555555555555555
9675	2	5.555555555555555
9676	2	5.555555555555555
9677	2	5.555555555555555
9678	2	5.555555555555555
9679	2	5.555555555555555
9680	2	5.555555555555555
9681	2	5.555555555555555
9682	2	5.555555555555555
9683	2	5.555555555555555
9684	2	5.555555555555555
9685	2	5.555555555555555
9686	2	5.555555555555555
9687	2	5.555555555555555
9688	2	5.555555555555555
9689	2	5.555555555555555
9690	2	5.555555555555555
9691	2	5.555555555555555
9692	2	5.555555555555555
9693	2	5.555555555555555
9694	2	5.555555555555555
9695	2	5.555555555555555
9696	2	5.555555555555555
9697	2	5.555555555555555
9698	2	5.555555555555555
9699	2	5.555555555555555
9700	2	5.555555555555555
9701	2	5.555555555555555
9702	2	5.555555555555555
9703	2	5.555555555555555
9704	2	5.555555555555555
9705	2	5.555555555555555
9706	2	5.555555555555555
9707	2	5.555555555555555
9708	2	5.555555555555555
9709	2	5.555555555555555
9710	2	5.555555555555555
9711	2	5.555555555555555
9712	2	5.555555555555555
9713	2	5.555555555555555
9714	2	5.555555555555555
9715	2	5.555555555555555
9716	2	5.555555555555555
9717	2	5.555555555555555
9718	2	5.555555555555555
9719	2	5.555555555555555
9720	2	5.555555555555555
9721	2	5.555555555555555
9722	2	5.555555555555555
9723	2	5.555555555555555
9724	2	5.555555555555555
9725	2	5.555555555555555
9726	2	5.555555555555555
9727	2	5.555555555555555
9728	2	5.555555555555555
9729	2	5.555555555555555
9730	2	5.555555555555555
9731	2	5.555555555555555
9732	2	5.555555555555555
9733	2	5.555555555555555
9734	2	5.555555555555555
9735	2	5.555555555555555
9736	2	5.555555555555555
9737	2	5.555555555555555
9738	2	5.555555555555555
9739	2	5.555555555555555
9740	2	5.555555555555555
9741	2	5.555555555555555
9742	2	5.555555555555555
9743	2	5.555555555555555
9744	2	5.555555555555555
9745	2	5.555555555555555
9746	2	5.555555555555555
9747	2	5.555555555555555
9748	2	5.555555555555555
9749	2	5.555555555555555
9750	2	5.555555555555555
9751	2	5.555555555555555
9752	2	5.555555555555555
9753	2	5.555555555555555
9754	2	5.555555555555555
9755	2	5.555555555555555
9756	2	5.555555555555555
9757	2	5.555555555555555
9758	2	5.555555555555555
9759	2	5.555555555555555
9760	2	5.555555555555555
9761	2	5.555555555555555
9762	2	5.555555555555555
9763	2	5.555555555555555
9764	2	5.555555555555555
9765	2	5.555555555555555
9766	2	5.555555555555555
9767	2	5.555555555555555
9768	2	5.555555555555555
9769	2	5.555555555555555
9770	2	5.555555555555555
9771	2	5.555555555555555
9772	2	5.555555555555555
9773	2	5.555555555555555
9774	2	5.555555555555555
9775	2	5.555555555555555
9776	2	5.555555555555555
9777	2	5.555555555555555
9778	2	5.555555555555555
9779	2	5.555555555555555
9780	2	5.555555555555555
9781	2	5.555555555555555
9782	2	5.555555555555555
9783	2	5.555555555555555
9784	2	5.555555555555555
9785	2	5.555555555555555
9786	2	5.555555555555555
9787	2	5.555555555555555
9788	2	5.555555555555555
9789	2	5.555555555555555
9790	2	5.555555555555555
9791	2	5.555555555555555
9792	2	5.555555555555555
9793	2	5.555555555555555
9794	2	5.555555555555555
9795	2	5.555555555555555
9796	2	5.555555555555555
9797	2	5.555555555555555
9798	2	5.555555555555555
9799	2	5.555555555555555
9800	2	5.555555555555555
9801	2	5.555555555555555
9802	2	5.555555555555555
9803	2	5.555555555555555
9804	2	5.555555555555555
9805	2	5.555555555555555
9806	2	5.555555555555555
9807	2	5.555555555555555
9808	2	5.555555555555555
9809	2	5.555555555555555
9810	2	5.555555555555555
9811	2	5.555555555555555
9812	2	5.555555555555555
9813	2	5.555555555555555
9814	2	5.555555555555555
9815	2	5.555555555555555
9816	2	5.555555555555555
9817	2	5.555555555555555
9818	2	5.555555555555555
9819	2	5.555555555555555
9820	2	5.555555555555555
9821	2	5.555555555555555
9822	2	5.555555555555555
9823	2	5.555555555555555
9824	2	5.555555555555555
9825	2	5.555555555555555
9826	2	5.555555555555555
9827	2	5.555555555555555
9828	2	5.555555555555555
9829	2	5.555555555555555
9830	2	5.555555555555555
9831	2	5.555555555555555
9832	2	5.555555555555555
9833	2	5.555555555555555
9834	2	5.555555555555555
9835	2	5.555555555555555
9836	2	5.555555555555555
9837	2	5.555555555555555
9838	2	5.555555555555555
9839	2	5.555555555555555
9840	2	5.555555555555555
9841	2	5.555555555555555
9842	2	5.555555555555555
9843	2	5.555555555555555
9844	2	5.555555555555555
9845	2	5.555555555555555
9846	2	5.555555555555555
9847	2	5.555555555555555
9848	2	5.555555555555555
9849	2	5.555555555555555
9850	2	5.555555555555555
9851	2	5.555555555555555
9852	2	5.555555555555555
9853	2	5.555555555555555
9854	2	5.555555555555555
9855	2	5.555555555555555
9856	2	5.555555555555555
9857	2	5.555555555555555
9858	2	5.555555555555555
9859	2	5.555555555555555
9860	2	5.555555555555555
9861	2	5.555555555555555
9862	2	5.555555555555555
9863	2	5.555555555555555
9864	2	5.555555555555555
9865	2	5.555555555555555
9866	2	5.555555555555555
9867	2	5.555555555555555
9868	2	5.555555555555555
9869	2	5.555555555555555
9870	2	5.555555555555555
9871	2	5.555555555555555
9872	2	5.555555555555555
9873	2	5.555555555555555
9874	2	5.555555555555555
9875	2	5.555555555555555
9876	2	5.555555555555555
9877	2	5.555555555555555
9878	2	5.555555555555555
9879	2	5.555555555555555
9880	2	5.555555555555555
9881	2	5.555555555555555
9882	2	5.555555555555555
9883	2	5.555555555555555
9884	2	5.555555555555555
9885	2	5.555555555555555
9886	2	5.555555555555555
9887	2	5.555555555555555
9888	2	5.555555555555555
9889	2	5.555555555555555
9890	2	5.555555555555555
9891	2	5.555555555555555
9892	2	5.555555555555555
9893	2	5.555555555555555
9894	2	5.555555555555555
9895	2	5.555555555555555
9896	2	5.555555555555555
9897	2	5.555555555555555
9898	2	5.555555555555555
9899	2	5.555555555555555
9900	2	5.555555555555555
9901	2	5.555555555555555
9902	2	5.555555555555555
9903	2	5.555555555555555
9904	2	5.555555555555555
9905	2	5.555555555555555
9906	2	5.555555555555555
9907	2	5.555555555555555
9908	2	5.555555555555555
9909	2	5.555555555555555
9910	2	5.555555555555555
9911	2	5.555555555555555
9912	2	5.555555555555555
9913	2	5.555555555555555
9914	2	5.555555555555555
9915	2	5.555555555555555
9916	2	5.555555555555555
9917	2	5.555555555555555
9918	2	5.555555555555555
9919	2	5.555555555555555
9920	2	5.555555555555555
9921	2	5.555555555555555
9922	2	5.555555555555555
9923	2	5.555555555555555
9924	2	5.555555555555555
9925	2	5.555555555555555
9926	2	5.555555555555555
9927	2	5.555555555555555
9928	2	5.555555555555555
9929	2	5.555555555555555
9930	2	5.555555555555555
9931	2	5.555555555555555
9932	2	5.555555555555555
9933	2	5.555555555555555
9934	2	5.555555555555555
9935	2	5.555555555555555
9936	2	5.555555555555555
9937	2	5.555555555555555
9938	2	5.555555555555555
9939	2	5.555555555555555
9940	2	5.555555555555555
9941	2	5.555555555555555
9942	2	5.555555555555555
9943	2	5.555555555555555
9944	2	5.555555555555555
9945	2	5.555555555555555
9946	2	5.555555555555555
9947	2	5.555555555555555
9948	2	5.555555555555555
9949	2	5.555555555555555
9950	2	5.555555555555555
9951	2	5.555555555555555
9952	2	5.555555555555555
9953	2	5.555555555555555
9954	2	5.555555555555555
9955	2	5.555555555555555
9956	2	5.555555555555555
9957	2	5.555555555555555
9958	2	5.555555555555555
9959	2	5.555555555555555
9960	2	5.555555555555555
9961	2	5.555555555555555
9962	2	5.555555555555555
9963	2	5.555555555555555
9964	2	5.555555555555555
9965	2	5.555555555555555
9966	2	5.555555555555555
9967	2	5.555555555555555
9968	2	5.555555555555555
9969	2	5.555555555555555
9970	2	5.555555555555555
9971	2	5.555555555555555
9972	2	5.555555555555555
9973	2	5.555555555555555
9974	2	5.555555555555555
9975	2	5.555555555555555
9976	2	5.555555555555555
9977	2	5.555555555555555
9978	2	5.555555555555555
9979	2	5.555555555555555
9980	2	5.555555555555555
9981	2	5.555555555555555
9982	2	5.555555555555555
9983	2	5.555555555555555
9984	2	5.555555555555555
9985	2	5.555555555555555
9986	2	5.555555555555555
9987	2	5.555555555555555
9988	2	5.555555555555555
9989	2	5.555555555555555
9990	2	5.555555555555555
9991	2	5.555555555555555
9992	2	5.555555555555555
9993	2	5.555555555555555
9994	2	5.555555555555555
9995	2	5.555555555555555
9996	2	5.555555555555555
9997	2	5.555555555555555
9998	2	5.555555555555555
9999	2	5.555555555555555
10000	2	5.555555555555555
10001	2	5.555555555555555
10002	2	5.555555555555555
10003	2	5.555555555555555
10004	2	5.555555555555555
10005	2	5.555555555555555
10006	2	5.555555555555555
10007	2	5.555555555555555
10008	2	5.555555555555555
10009	2	5.555555555555555
10010	2	5.555555555555555
10011	2	5.555555555555555
10012	2	5.555555555555555
10013	2	5.555555555555555
10014	2	5.555555555555555
10015	2	5.555555555555555
10016	2	5.555555555555555
10017	2	5.555555555555555
10018	2	5.555555555555555
10019	2	5.555555555555555
10020	2	5.555555555555555
10021	2	5.555555555555555
10022	2	5.555555555555555
10023	2	5.555555555555555
10024	2	5.555555555555555
10025	2	5.555555555555555
10026	2	5.555555555555555
10027	2	5.555555555555555
10028	2	5.555555555555555
10029	2	5.555555555555555
10030	2	5.555555555555555
10031	2	5.555555555555555
10032	2	5.555555555555555
10033	2	5.555555555555555
10034	2	5.555555555555555
10035	2	5.555555555555555
10036	2	5.555555555555555
10037	2	5.555555555555555
10038	2	5.555555555555555
10039	2	5.555555555555555
10040	2	5.555555555555555
10041	2	5.555555555555555
10042	2	5.555555555555555
10043	2	5.555555555555555
10044	2	5.555555555555555
10045	2	5.555555555555555
10046	2	5.555555555555555
10047	2	5.555555555555555
10048	2	5.555555555555555
10049	2	5.555555555555555
10050	2	5.555555555555555
10051	2	5.555555555555555
10052	2	5.555555555555555
10053	2	5.555555555555555
10054	2	5.555555555555555
10055	2	5.555555555555555
10056	2	5.555555555555555
10057	2	5.555555555555555
10058	2	5.555555555555555
10059	2	5.555555555555555
10060	2	5.555555555555555
10061	2	5.555555555555555
10062	2	5.555555555555555
10063	2	5.555555555555555
10064	2	5.555555555555555
10065	2	5.555555555555555
10066	2	5.555555555555555
10067	2	5.555555555555555
10068	2	5.555555555555555
10069	2	5.555555555555555
10070	2	5.555555555555555
10071	2	5.555555555555555
10072	2	5.555555555555555
10073	2	5.555555555555555
10074	2	5.555555555555555
10075	2	5.555555555555555
10076	2	5.555555555555555
10077	2	5.555555555555555
10078	2	5.555555555555555
10079	2	5.555555555555555
10080	2	5.555555555555555
10081	2	5.555555555555555
10082	2	5.555555555555555
10083	2	5.555555555555555
10084	2	5.555555555555555
10085	2	5.555555555555555
10086	2	5.555555555555555
10087	2	5.555555555555555
10088	2	5.555555555555555
10089	2	5.555555555555555
10090	2	5.555555555555555
10091	2	5.555555555555555
10092	2	5.555555555555555
10093	2	5.555555555555555
10094	2	5.555555555555555
10095	2	5.555555555555555
10096	2	5.555555555555555
10097	2	5.555555555555555
10098	2	5.555555555555555
10099	2	5.555555555555555
10100	2	5.555555555555555
10101	2	5.555555555555555
10102	2	5.555555555555555
10103	2	5.555555555555555
10104	2	5.555555555555555
10105	2	5.555555555555555
10106	2	5.555555555555555
10107	2	5.555555555555555
10108	2	5.555555555555555
10109	2	5.555555555555555
10110	2	5.555555555555555
10111	2	5.555555555555555
10112	2	5.555555555555555
10113	2	5.555555555555555
10114	2	5.555555555555555
10115	2	5.555555555555555
10116	2	5.555555555555555
10117	2	5.555555555555555
10118	2	5.555555555555555
10119	2	5.555555555555555
10120	2	5.555555555555555
10121	2	5.555555555555555
10122	2	5.555555555555555
10123	2	5.555555555555555
10124	2	5.555555555555555
10125	2	5.555555555555555
10126	2	5.555555555555555
10127	2	5.555555555555555
10128	2	5.555555555555555
10129	2	5.555555555555555
10130	2	5.555555555555555
10131	2	5.555555555555555
10132	2	5.555555555555555
10133	2	5.555555555555555
10134	2	5.555555555555555
10135	2	5.555555555555555
10136	2	5.555555555555555
10137	2	5.555555555555555
10138	2	5.555555555555555
10139	2	5.555555555555555
10140	2	5.555555555555555
10141	2	5.555555555555555
10142	2	5.555555555555555
10143	2	5.555555555555555
10144	2	5.555555555555555
10145	2	5.555555555555555
10146	2	5.555555555555555
10147	2	5.555555555555555
10148	2	5.555555555555555
10149	2	5.555555555555555
10150	2	5.555555555555555
10151	2	5.555555555555555
10152	2	5.555555555555555
10153	2	5.555555555555555
10154	2	5.555555555555555
10155	2	5.555555555555555
10156	2	5.555555555555555
10157	2	5.555555555555555
10158	2	5.555555555555555
10159	2	5.555555555555555
10160	2	5.555555555555555
10161	2	5.555555555555555
10162	2	5.555555555555555
10163	2	5.555555555555555
10164	2	5.555555555555555
10165	2	5.555555555555555
10166	2	5.555555555555555
10167	2	5.555555555555555
10168	2	5.555555555555555
10169	2	5.555555555555555
10170	2	5.555555555555555
10171	2	5.555555555555555
10172	2	5.555555555555555
10173	2	5.555555555555555
10174	2	5.555555555555555
10175	2	5.555555555555555
10176	2	5.555555555555555
10177	2	5.555555555555555
10178	2	5.555555555555555
10179	2	5.555555555555555
10180	2	5.555555555555555
10181	2	5.555555555555555
10182	2	5.555555555555555
10183	2	5.555555555555555
10184	2	5.555555555555555
10185	2	5.555555555555555
10186	2	5.555555555555555
10187	2	5.555555555555555
10188	2	5.555555555555555
10189	2	5.555555555555555
10190	2	5.555555555555555
10191	2	5.555555555555555
10192	2	5.555555555555555
10193	2	5.555555555555555
10194	2	5.555555555555555
10195	2	5.555555555555555
10196	2	5.555555555555555
10197	2	5.555555555555555
10198	2	5.555555555555555
10199	2	5.555555555555555
10200	2	5.555555555555555
10201	2	5.555555555555555
10202	2	5.555555555555555
10203	2	5.555555555555555
10204	2	5.555555555555555
10205	2	5.555555555555555
10206	2	5.555555555555555
10207	2	5.555555555555555
10208	2	5.555555555555555
10209	2	5.555555555555555
10210	2	5.555555555555555
10211	2	5.555555555555555
10212	2	5.555555555555555
10213	2	5.555555555555555
10214	2	5.555555555555555
10215	2	5.555555555555555
10216	2	5.555555555555555
10217	2	5.555555555555555
10218	2	5.555555555555555
10219	2	5.555555555555555
10220	2	5.555555555555555
10221	2	5.555555555555555
10222	2	5.555555555555555
10223	2	5.555555555555555
10224	2	5.555555555555555
10225	2	5.555555555555555
10226	2	5.555555555555555
10227	2	5.555555555555555
10228	2	5.555555555555555
10229	2	5.555555555555555
10230	2	5.555555555555555
10231	2	5.555555555555555
10232	2	5.555555555555555
10233	2	5.555555555555555
10234	2	5.555555555555555
10235	2	5.555555555555555
10236	2	5.555555555555555
10237	2	5.555555555555555
10238	2	5.555555555555555
10239	2	5.555555555555555
10240	2	5.555555555555555
10241	2	5.555555555555555
10242	2	5.555555555555555
10243	2	5.555555555555555
10244	2	5.555555555555555
10245	2	5.555555555555555
10246	2	5.555555555555555
10247	2	5.555555555555555
10248	2	5.555555555555555
10249	2	5.555555555555555
10250	2	5.555555555555555
10251	2	5.555555555555555
10252	2	5.555555555555555
10253	2	5.555555555555555
10254	2	5.555555555555555
10255	2	5.555555555555555
10256	2	5.555555555555555
10257	2	5.555555555555555
10258	2	5.555555555555555
10259	2	5.555555555555555
10260	2	5.555555555555555
10261	2	5.555555555555555
10262	2	5.555555555555555
10263	2	5.555555555555555
10264	2	5.555555555555555
10265	2	5.555555555555555
10266	2	5.555555555555555
10267	2	5.555555555555555
10268	2	5.555555555555555
10269	2	5.555555555555555
10270	2	5.555555555555555
10271	2	5.555555555555555
10272	2	5.555555555555555
10273	2	5.555555555555555
10274	2	5.555555555555555
10275	2	5.555555555555555
10276	2	5.555555555555555
10277	2	5.555555555555555
10278	2	5.555555555555555
10279	2	5.555555555555555
10280	2	5.555555555555555
10281	2	5.555555555555555
10282	2	5.555555555555555
10283	2	5.555555555555555
10284	2	5.555555555555555
10285	2	5.555555555555555
10286	2	5.555555555555555
10287	2	5.555555555555555
10288	2	5.555555555555555
10289	2	5.555555555555555
10290	2	5.555555555555555
10291	2	5.555555555555555
10292	2	5.555555555555555
10293	2	5.555555555555555
10294	2	5.555555555555555
10295	2	5.555555555555555
10296	2	5.555555555555555
10297	2	5.555555555555555
10298	2	5.555555555555555
10299	2	5.555555555555555
10300	2	5.555555555555555
10301	2	5.555555555555555
10302	2	5.555555555555555
10303	2	5.555555555555555
10304	2	5.555555555555555
10305	2	5.555555555555555
10306	2	5.555555555555555
10307	2	5.555555555555555
10308	2	5.555555555555555
10309	2	5.555555555555555
10310	2	5.555555555555555
10311	2	5.555555555555555
10312	2	5.555555555555555
10313	2	5.555555555555555
10314	2	5.555555555555555
10315	2	5.555555555555555
10316	2	5.555555555555555
10317	2	5.555555555555555
10318	2	5.555555555555555
10319	2	5.555555555555555
10320	2	5.555555555555555
10321	2	5.555555555555555
10322	2	5.555555555555555
10323	2	5.555555555555555
10324	2	5.555555555555555
10325	2	5.555555555555555
10326	2	5.555555555555555
10327	2	5.555555555555555
10328	2	5.555555555555555
10329	2	5.555555555555555
10330	2	5.555555555555555
10331	2	5.555555555555555
10332	2	5.555555555555555
10333	2	5.555555555555555
10334	2	5.555555555555555
10335	2	5.555555555555555
10336	2	5.555555555555555
10337	2	5.555555555555555
10338	2	5.555555555555555
10339	2	5.555555555555555
10340	2	5.555555555555555
10341	2	5.555555555555555
10342	2	5.555555555555555
10343	2	5.555555555555555
10344	2	5.555555555555555
10345	2	5.555555555555555
10346	2	5.555555555555555
10347	2	5.555555555555555
10348	2	5.555555555555555
10349	2	5.555555555555555
10350	2	5.555555555555555
10351	2	5.555555555555555
10352	2	5.555555555555555
10353	2	5.555555555555555
10354	2	5.555555555555555
10355	2	5.555555555555555
10356	2	5.555555555555555
10357	2	5.555555555555555
10358	2	5.555555555555555
10359	2	5.555555555555555
10360	2	5.555555555555555
10361	2	5.555555555555555
10362	2	5.555555555555555
10363	2	5.555555555555555
10364	2	5.555555555555555
10365	2	5.555555555555555
10366	2	5.555555555555555
10367	2	5.555555555555555
10368	2	5.555555555555555
10369	2	5.555555555555555
10370	2	5.555555555555555
10371	2	5.555555555555555
10372	2	5.555555555555555
10373	2	5.555555555555555
10374	2	5.555555555555555
10375	2	5.555555555555555
10376	2	5.555555555555555
10377	2	5.555555555555555
10378	2	5.555555555555555
10379	2	5.555555555555555
10380	2	5.555555555555555
10381	2	5.555555555555555
10382	2	5.555555555555555
10383	2	5.555555555555555
10384	2	5.555555555555555
10385	2	5.555555555555555
10386	2	5.555555555555555
10387	2	5.555555555555555
10388	2	5.555555555555555
10389	2	5.555555555555555
10390	2	5.555555555555555
10391	2	5.555555555555555
10392	2	5.555555555555555
10393	2	5.555555555555555
10394	2	5.555555555555555
10395	2	5.555555555555555
10396	2	5.555555555555555
10397	2	5.555555555555555
10398	2	5.555555555555555
10399	2	5.555555555555555
10400	2	5.555555555555555
10401	2	5.555555555555555
10402	2	5.555555555555555
10403	2	5.555555555555555
10404	2	5.555555555555555
10405	2	5.555555555555555
10406	2	5.555555555555555
10407	2	5.555555555555555
10408	2	5.555555555555555
10409	2	5.555555555555555
10410	2	5.555555555555555
10411	2	5.555555555555555
10412	2	5.555555555555555
10413	2	5.555555555555555
10414	2	5.555555555555555
10415	2	5.555555555555555
10416	2	5.555555555555555
10417	2	5.555555555555555
10418	2	5.555555555555555
10419	2	5.555555555555555
10420	2	5.555555555555555
10421	2	5.555555555555555
10422	2	5.555555555555555
10423	2	5.555555555555555
10424	2	5.555555555555555
10425	2	5.555555555555555
10426	2	5.555555555555555
10427	2	5.555555555555555
10428	2	5.555555555555555
10429	2	5.555555555555555
10430	2	5.555555555555555
10431	2	5.555555555555555
10432	2	5.555555555555555
10433	2	5.555555555555555
10434	2	5.555555555555555
10435	2	5.555555555555555
10436	2	5.555555555555555
10437	2	5.555555555555555
10438	2	5.555555555555555
10439	2	5.555555555555555
10440	2	5.555555555555555
10441	2	5.555555555555555
10442	2	5.555555555555555
10443	2	5.555555555555555
10444	2	5.555555555555555
10445	2	5.555555555555555
10446	2	5.555555555555555
10447	2	5.555555555555555
10448	2	5.555555555555555
10449	2	5.555555555555555
10450	2	5.555555555555555
10451	2	5.555555555555555
10452	2	5.555555555555555
10453	2	5.555555555555555
10454	2	5.555555555555555
10455	2	5.555555555555555
10456	2	5.555555555555555
10457	2	5.555555555555555
10458	2	5.555555555555555
10459	2	5.555555555555555
10460	2	5.555555555555555
10461	2	5.555555555555555
10462	2	5.555555555555555
10463	2	5.555555555555555
10464	2	5.555555555555555
10465	2	5.555555555555555
10466	2	5.555555555555555
10467	2	5.555555555555555
10468	2	5.555555555555555
10469	2	5.555555555555555
10470	2	5.555555555555555
10471	2	5.555555555555555
10472	2	5.555555555555555
10473	2	5.555555555555555
10474	2	5.555555555555555
10475	2	5.555555555555555
10476	2	5.555555555555555
10477	2	5.555555555555555
10478	2	5.555555555555555
10479	2	5.555555555555555
10480	2	5.555555555555555
10481	2	5.555555555555555
10482	2	5.555555555555555
10483	2	5.555555555555555
10484	2	5.555555555555555
10485	2	5.555555555555555
10486	2	5.555555555555555
10487	2	5.555555555555555
10488	2	5.555555555555555
10489	2	5.555555555555555
10490	2	5.555555555555555
10491	2	5.555555555555555
10492	2	5.555555555555555
10493	2	5.555555555555555
10494	2	5.555555555555555
10495	2	5.555555555555555
10496	2	5.555555555555555
10497	2	5.555555555555555
10498	2	5.555555555555555
10499	2	5.555555555555555
10500	2	5.555555555555555
10501	2	5.555555555555555
10502	2	5.555555555555555
10503	2	5.555555555555555
10504	2	5.555555555555555
10505	2	5.555555555555555
10506	2	5.555555555555555
10507	2	5.555555555555555
10508	2	5.555555555555555
10509	2	5.555555555555555
10510	2	5.555555555555555
10511	2	5.555555555555555
10512	2	5.555555555555555
10513	2	5.555555555555555
10514	2	5.555555555555555
10515	2	5.555555555555555
10516	2	5.555555555555555
10517	2	5.555555555555555
10518	2	5.555555555555555
10519	2	5.555555555555555
10520	2	5.555555555555555
10521	2	5.555555555555555
10522	2	5.555555555555555
10523	2	5.555555555555555
10524	2	5.555555555555555
10525	2	5.555555555555555
10526	2	5.555555555555555
10527	2	5.555555555555555
10528	2	5.555555555555555
10529	2	5.555555555555555
10530	2	5.555555555555555
10531	2	5.555555555555555
10532	2	5.555555555555555
10533	2	5.555555555555555
10534	2	5.555555555555555
10535	2	5.555555555555555
10536	2	5.555555555555555
10537	2	5.555555555555555
10538	2	5.555555555555555
10539	2	5.555555555555555
10540	2	5.555555555555555
10541	2	5.555555555555555
10542	2	5.555555555555555
10543	2	5.555555555555555
10544	2	5.555555555555555
10545	2	5.555555555555555
10546	2	5.555555555555555
10547	2	5.555555555555555
10548	2	5.555555555555555
10549	2	5.555555555555555
10550	2	5.555555555555555
10551	2	5.555555555555555
10552	2	5.555555555555555
10553	2	5.555555555555555
10554	2	5.555555555555555
10555	2	5.555555555555555
10556	2	5.555555555555555
10557	2	5.555555555555555
10558	2	5.555555555555555
10559	2	5.555555555555555
10560	2	5.555555555555555
10561	2	5.555555555555555
10562	2	5.555555555555555
10563	2	5.555555555555555
10564	2	5.555555555555555
10565	2	5.555555555555555
10566	2	5.555555555555555
10567	2	5.555555555555555
10568	2	5.555555555555555
10569	2	5.555555555555555
10570	2	5.555555555555555
10571	2	5.555555555555555
10572	2	5.555555555555555
10573	2	5.555555555555555
10574	2	5.555555555555555
10575	2	5.555555555555555
10576	2	5.555555555555555
10577	2	5.555555555555555
10578	2	5.555555555555555
10579	2	5.555555555555555
10580	2	5.555555555555555
10581	2	5.555555555555555
10582	2	5.555555555555555
10583	2	5.555555555555555
10584	2	5.555555555555555
10585	2	5.555555555555555
10586	2	5.555555555555555
10587	2	5.555555555555555
10588	2	5.555555555555555
10589	2	5.555555555555555
10590	2	5.555555555555555
10591	2	5.555555555555555
10592	2	5.555555555555555
10593	2	5.555555555555555
10594	2	5.555555555555555
10595	2	5.555555555555555
10596	2	5.555555555555555
10597	2	5.555555555555555
10598	2	5.555555555555555
10599	2	5.555555555555555
10600	2	5.555555555555555
10601	2	5.555555555555555
10602	2	5.555555555555555
10603	2	5.555555555555555
10604	2	5.555555555555555
10605	2	5.555555555555555
10606	2	5.555555555555555
10607	2	5.555555555555555
10608	2	5.555555555555555
10609	2	5.555555555555555
10610	2	5.555555555555555
10611	2	5.555555555555555
10612	2	5.555555555555555
10613	2	5.555555555555555
10614	2	5.555555555555555
10615	2	5.555555555555555
10616	2	5.555555555555555
10617	2	5.555555555555555
10618	2	5.555555555555555
10619	2	5.555555555555555
10620	2	5.555555555555555
10621	2	5.555555555555555
10622	2	5.555555555555555
10623	2	5.555555555555555
10624	2	5.555555555555555
10625	2	5.555555555555555
10626	2	5.555555555555555
10627	2	5.555555555555555
10628	2	5.555555555555555
10629	2	5.555555555555555
10630	2	5.555555555555555
10631	2	5.555555555555555
10632	2	5.555555555555555
10633	2	5.555555555555555
10634	2	5.555555555555555
10635	2	5.555555555555555
10636	2	5.555555555555555
10637	2	5.555555555555555
10638	2	5.555555555555555
10639	2	5.555555555555555
10640	2	5.555555555555555
10641	2	5.555555555555555
10642	2	5.555555555555555
10643	2	5.555555555555555
10644	2	5.555555555555555
10645	2	5.555555555555555
10646	2	5.555555555555555
10647	2	5.555555555555555
10648	2	5.555555555555555
10649	2	5.555555555555555
10650	2	5.555555555555555
10651	2	5.555555555555555
10652	2	5.555555555555555
10653	2	5.555555555555555
10654	2	5.555555555555555
10655	2	5.555555555555555
10656	2	5.555555555555555
10657	2	5.555555555555555
10658	2	5.555555555555555
10659	2	5.555555555555555
10660	2	5.555555555555555
10661	2	5.555555555555555
10662	2	5.555555555555555
10663	2	5.555555555555555
10664	2	5.555555555555555
10665	2	5.555555555555555
10666	2	5.555555555555555
10667	2	5.555555555555555
10668	2	5.555555555555555
10669	2	5.555555555555555
10670	2	5.555555555555555
10671	2	5.555555555555555
10672	2	5.555555555555555
10673	2	5.555555555555555
10674	2	5.555555555555555
10675	2	5.555555555555555
10676	2	5.555555555555555
10677	2	5.555555555555555
10678	2	5.555555555555555
10679	2	5.555555555555555
10680	2	5.555555555555555
10681	2	5.555555555555555
10682	2	5.555555555555555
10683	2	5.555555555555555
10684	2	5.555555555555555
10685	2	5.555555555555555
10686	2	5.555555555555555
10687	2	5.555555555555555
10688	2	5.555555555555555
10689	2	5.555555555555555
10690	2	5.555555555555555
10691	2	5.555555555555555
10692	2	5.555555555555555
10693	2	5.555555555555555
10694	2	5.555555555555555
10695	2	5.555555555555555
10696	2	5.555555555555555
10697	2	5.555555555555555
10698	2	5.555555555555555
10699	2	5.555555555555555
10700	2	5.555555555555555
10701	2	5.555555555555555
10702	2	5.555555555555555
10703	2	5.555555555555555
10704	2	5.555555555555555
10705	2	5.555555555555555
10706	2	5.555555555555555
10707	2	5.555555555555555
10708	2	5.555555555555555
10709	2	5.555555555555555
10710	2	5.555555555555555
10711	2	5.555555555555555
10712	2	5.555555555555555
10713	2	5.555555555555555
10714	2	5.555555555555555
10715	2	5.555555555555555
10716	2	5.555555555555555
10717	2	5.555555555555555
10718	2	5.555555555555555
10719	2	5.555555555555555
10720	2	5.555555555555555
10721	2	5.555555555555555
10722	2	5.555555555555555
10723	2	5.555555555555555
10724	2	5.555555555555555
10725	2	5.555555555555555
10726	2	5.555555555555555
10727	2	5.555555555555555
10728	2	5.555555555555555
10729	2	5.555555555555555
10730	2	5.555555555555555
10731	2	5.555555555555555
10732	2	5.555555555555555
10733	2	5.555555555555555
10734	2	5.555555555555555
10735	2	5.555555555555555
10736	2	5.555555555555555
10737	2	5.555555555555555
10738	2	5.555555555555555
10739	2	5.555555555555555
10740	2	5.555555555555555
10741	2	5.555555555555555
10742	2	5.555555555555555
10743	2	5.555555555555555
10744	2	5.555555555555555
10745	2	5.555555555555555
10746	2	5.555555555555555
10747	2	5.555555555555555
10748	2	5.555555555555555
10749	2	5.555555555555555
10750	2	5.555555555555555
10751	2	5.555555555555555
10752	2	5.555555555555555
10753	2	5.555555555555555
10754	2	5.555555555555555
10755	2	5.555555555555555
10756	2	5.555555555555555
10757	2	5.555555555555555
10758	2	5.555555555555555
10759	2	5.555555555555555
10760	2	5.555555555555555
10761	2	5.555555555555555
10762	2	5.555555555555555
10763	2	5.555555555555555
10764	2	5.555555555555555
10765	2	5.555555555555555
10766	2	5.555555555555555
10767	2	5.555555555555555
10768	2	5.555555555555555
10769	2	5.555555555555555
10770	2	5.555555555555555
10771	2	5.555555555555555
10772	2	5.555555555555555
10773	2	5.555555555555555
10774	2	5.555555555555555
10775	2	5.555555555555555
10776	2	5.555555555555555
10777	2	5.555555555555555
10778	2	5.555555555555555
10779	2	5.555555555555555
10780	2	5.555555555555555
10781	2	5.555555555555555
10782	2	5.555555555555555
10783	2	5.555555555555555
10784	2	5.555555555555555
10785	2	5.555555555555555
10786	2	5.555555555555555
10787	2	5.555555555555555
10788	2	5.555555555555555
10789	2	5.555555555555555
10790	2	5.555555555555555
10791	2	5.555555555555555
10792	2	5.555555555555555
10793	2	5.555555555555555
10794	2	5.555555555555555
10795	2	5.555555555555555
10796	2	5.555555555555555
10797	2	5.555555555555555
10798	2	5.555555555555555
10799	2	5.555555555555555
10800	2	5.555555555555555
10801	2	5.555555555555555
10802	2	5.555555555555555
10803	2	5.555555555555555
10804	2	5.555555555555555
10805	2	5.555555555555555
10806	2	5.555555555555555
10807	2	5.555555555555555
10808	2	5.555555555555555
10809	2	5.555555555555555
10810	2	5.555555555555555
10811	2	5.555555555555555
10812	2	5.555555555555555
10813	2	5.555555555555555
10814	2	5.555555555555555
10815	2	5.555555555555555
10816	2	5.555555555555555
10817	2	5.555555555555555
10818	2	5.555555555555555
10819	2	5.555555555555555
10820	2	5.555555555555555
10821	2	5.555555555555555
10822	2	5.555555555555555
10823	2	5.555555555555555
10824	2	5.555555555555555
10825	2	5.555555555555555
10826	2	5.555555555555555
10827	2	5.555555555555555
10828	2	5.555555555555555
10829	2	5.555555555555555
10830	2	5.555555555555555
10831	2	5.555555555555555
10832	2	5.555555555555555
10833	2	5.555555555555555
10834	2	5.555555555555555
10835	2	5.555555555555555
10836	2	5.555555555555555
10837	2	5.555555555555555
10838	2	5.555555555555555
10839	2	5.555555555555555
10840	2	5.555555555555555
10841	2	5.555555555555555
10842	2	5.555555555555555
10843	2	5.555555555555555
10844	2	5.555555555555555
10845	2	5.555555555555555
10846	2	5.555555555555555
10847	2	5.555555555555555
10848	2	5.555555555555555
10849	2	5.555555555555555
10850	2	5.555555555555555
10851	2	5.555555555555555
10852	2	5.555555555555555
10853	2	5.555555555555555
10854	2	5.555555555555555
10855	2	5.555555555555555
10856	2	5.555555555555555
10857	2	5.555555555555555
10858	2	5.555555555555555
10859	2	5.555555555555555
10860	2	5.555555555555555
10861	2	5.555555555555555
10862	2	5.555555555555555
10863	2	5.555555555555555
10864	2	5.555555555555555
10865	2	5.555555555555555
10866	2	5.555555555555555
10867	2	5.555555555555555
10868	2	5.555555555555555
10869	2	5.555555555555555
10870	2	5.555555555555555
10871	2	5.555555555555555
10872	2	5.555555555555555
10873	2	5.555555555555555
10874	2	5.555555555555555
10875	2	5.555555555555555
10876	2	5.555555555555555
10877	2	5.555555555555555
10878	2	5.555555555555555
10879	2	5.555555555555555
10880	2	5.555555555555555
10881	2	5.555555555555555
10882	2	5.555555555555555
10883	2	5.555555555555555
10884	2	5.555555555555555
10885	2	5.555555555555555
10886	2	5.555555555555555
10887	2	5.555555555555555
10888	2	5.555555555555555
10889	2	5.555555555555555
10890	2	5.555555555555555
10891	2	5.555555555555555
10892	2	5.555555555555555
10893	2	5.555555555555555
10894	2	5.555555555555555
10895	2	5.555555555555555
10896	2	5.555555555555555
10897	2	5.555555555555555
10898	2	5.555555555555555
10899	2	5.555555555555555
10900	2	5.555555555555555
10901	2	5.555555555555555
10902	2	5.555555555555555
10903	2	5.555555555555555
10904	2	5.555555555555555
10905	2	5.555555555555555
10906	2	5.555555555555555
10907	2	5.555555555555555
10908	2	5.555555555555555
10909	2	5.555555555555555
10910	2	5.555555555555555
10911	2	5.555555555555555
10912	2	5.555555555555555
10913	2	5.555555555555555
10914	2	5.555555555555555
10915	2	5.555555555555555
10916	2	5.555555555555555
10917	2	5.555555555555555
10918	2	5.555555555555555
10919	2	5.555555555555555
10920	2	5.555555555555555
10921	2	5.555555555555555
10922	2	5.555555555555555
10923	2	5.555555555555555
10924	2	5.555555555555555
10925	2	5.555555555555555
10926	2	5.555555555555555
10927	2	5.555555555555555
10928	2	5.555555555555555
10929	2	5.555555555555555
10930	2	5.555555555555555
10931	2	5.555555555555555
10932	2	5.555555555555555
10933	2	5.555555555555555
10934	2	5.555555555555555
10935	2	5.555555555555555
10936	2	5.555555555555555
10937	2	5.555555555555555
10938	2	5.555555555555555
10939	2	5.555555555555555
10940	2	5.555555555555555
10941	2	5.555555555555555
10942	2	5.555555555555555
10943	2	5.555555555555555
10944	2	5.555555555555555
10945	2	5.555555555555555
10946	2	5.555555555555555
10947	2	5.555555555555555
10948	2	5.555555555555555
10949	2	5.555555555555555
10950	2	5.555555555555555
10951	2	5.555555555555555
10952	2	5.555555555555555
10953	2	5.555555555555555
10954	2	5.555555555555555
10955	2	5.555555555555555
10956	2	5.555555555555555
10957	2	5.555555555555555
10958	2	5.555555555555555
10959	2	5.555555555555555
10960	2	5.555555555555555
10961	2	5.555555555555555
10962	2	5.555555555555555
10963	2	5.555555555555555
10964	2	5.555555555555555
10965	2	5.555555555555555
10966	2	5.555555555555555
10967	2	5.555555555555555
10968	2	5.555555555555555
10969	2	5.555555555555555
10970	2	5.555555555555555
10971	2	5.555555555555555
10972	2	5.555555555555555
10973	2	5.555555555555555
10974	2	5.555555555555555
10975	2	5.555555555555555
10976	2	5.555555555555555
10977	2	5.555555555555555
10978	2	5.555555555555555
10979	2	5.555555555555555
10980	2	5.555555555555555
10981	2	5.555555555555555
10982	2	5.555555555555555
10983	2	5.555555555555555
10984	2	5.555555555555555
10985	2	5.555555555555555
10986	2	5.555555555555555
10987	2	5.555555555555555
10988	2	5.555555555555555
10989	2	5.555555555555555
10990	2	5.555555555555555
10991	2	5.555555555555555
10992	2	5.555555555555555
10993	2	5.555555555555555
10994	2	5.555555555555555
10995	2	5.555555555555555
10996	2	5.555555555555555
10997	2	5.555555555555555
10998	2	5.555555555555555
10999	2	5.555555555555555
11000	2	5.555555555555555
11001	2	5.555555555555555
11002	2	5.555555555555555
11003	2	5.555555555555555
11004	2	5.555555555555555
11005	2	5.555555555555555
11006	2	5.555555555555555
11007	2	5.555555555555555
11008	2	5.555555555555555
11009	2	5.555555555555555
11010	2	5.555555555555555
11011	2	5.555555555555555
11012	2	5.555555555555555
11013	2	5.555555555555555
11014	2	5.555555555555555
11015	2	5.555555555555555
11016	2	5.555555555555555
11017	2	5.555555555555555
11018	2	5.555555555555555
11019	2	5.555555555555555
11020	2	5.555555555555555
11021	2	5.555555555555555
11022	2	5.555555555555555
11023	2	5.555555555555555
11024	2	5.555555555555555
11025	2	5.555555555555555
11026	2	5.555555555555555
11027	2	5.555555555555555
11028	2	5.555555555555555
11029	2	5.555555555555555
11030	2	5.555555555555555
11031	2	5.555555555555555
11032	2	5.555555555555555
11033	2	5.555555555555555
11034	2	5.555555555555555
11035	2	5.555555555555555
11036	2	5.555555555555555
11037	2	5.555555555555555
11038	2	5.555555555555555
11039	2	5.555555555555555
11040	2	5.555555555555555
11041	2	5.555555555555555
11042	2	5.555555555555555
11043	2	5.555555555555555
11044	2	5.555555555555555
11045	2	5.555555555555555
11046	2	5.555555555555555
11047	2	5.555555555555555
11048	2	5.555555555555555
11049	2	5.555555555555555
11050	2	5.555555555555555
11051	2	5.555555555555555
11052	2	5.555555555555555
11053	2	5.555555555555555
11054	2	5.555555555555555
11055	2	5.555555555555555
11056	2	5.555555555555555
11057	2	5.555555555555555
11058	2	5.555555555555555
11059	2	5.555555555555555
11060	2	5.555555555555555
11061	2	5.555555555555555
11062	2	5.555555555555555
11063	2	5.555555555555555
11064	2	5.555555555555555
11065	2	5.555555555555555
11066	2	5.555555555555555
11067	2	5.555555555555555
11068	2	5.555555555555555
11069	2	5.555555555555555
11070	2	5.555555555555555
11071	2	5.555555555555555
11072	2	5.555555555555555
11073	2	5.555555555555555
11074	2	5.555555555555555
11075	2	5.555555555555555
11076	2	5.555555555555555
11077	2	5.555555555555555
11078	2	5.555555555555555
11079	2	5.555555555555555
11080	2	5.555555555555555
11081	2	5.555555555555555
11082	2	5.555555555555555
11083	2	5.555555555555555
11084	2	5.555555555555555
11085	2	5.555555555555555
11086	2	5.555555555555555
11087	2	5.555555555555555
11088	2	5.555555555555555
11089	2	5.555555555555555
11090	2	5.555555555555555
11091	2	5.555555555555555
11092	2	5.555555555555555
11093	2	5.555555555555555
11094	2	5.555555555555555
11095	2	5.555555555555555
11096	2	5.555555555555555
11097	2	5.555555555555555
11098	2	5.555555555555555
11099	2	5.555555555555555
11100	2	5.555555555555555
11101	2	5.555555555555555
11102	2	5.555555555555555
11103	2	5.555555555555555
11104	2	5.555555555555555
11105	2	5.555555555555555
11106	2	5.555555555555555
11107	2	5.555555555555555
11108	2	5.555555555555555
11109	2	5.555555555555555
11110	2	5.555555555555555
11111	2	5.555555555555555
11112	2	5.555555555555555
11113	2	5.555555555555555
11114	2	5.555555555555555
11115	2	5.555555555555555
11116	2	5.555555555555555
11117	2	5.555555555555555
11118	2	5.555555555555555
11119	2	5.555555555555555
11120	2	5.555555555555555
11121	2	5.555555555555555
11122	2	5.555555555555555
11123	2	5.555555555555555
11124	2	5.555555555555555
11125	2	5.555555555555555
11126	2	5.555555555555555
11127	2	5.555555555555555
11128	2	5.555555555555555
11129	2	5.555555555555555
11130	2	5.555555555555555
11131	2	5.555555555555555
11132	2	5.555555555555555
11133	2	5.555555555555555
11134	2	5.555555555555555
11135	2	5.555555555555555
11136	2	5.555555555555555
11137	2	5.555555555555555
11138	2	5.555555555555555
11139	2	5.555555555555555
11140	2	5.555555555555555
11141	2	5.555555555555555
11142	2	5.555555555555555
11143	2	5.555555555555555
11144	2	5.555555555555555
11145	2	5.555555555555555
11146	2	5.555555555555555
11147	2	5.555555555555555
11148	2	5.555555555555555
11149	2	5.555555555555555
11150	2	5.555555555555555
11151	2	5.555555555555555
11152	2	5.555555555555555
11153	2	5.555555555555555
11154	2	5.555555555555555
11155	2	5.555555555555555
11156	2	5.555555555555555
11157	2	5.555555555555555
11158	2	5.555555555555555
11159	2	5.555555555555555
11160	2	5.555555555555555
11161	2	5.555555555555555
11162	2	5.555555555555555
11163	2	5.555555555555555
11164	2	5.555555555555555
11165	2	5.555555555555555
11166	2	5.555555555555555
11167	2	5.555555555555555
11168	2	5.555555555555555
11169	2	5.555555555555555
11170	2	5.555555555555555
11171	2	5.555555555555555
11172	2	5.555555555555555
11173	2	5.555555555555555
11174	2	5.555555555555555
11175	2	5.555555555555555
11176	2	5.555555555555555
11177	2	5.555555555555555
11178	2	5.555555555555555
11179	2	5.555555555555555
11180	2	5.555555555555555
11181	2	5.555555555555555
11182	2	5.555555555555555
11183	2	5.555555555555555
11184	2	5.555555555555555
11185	2	5.555555555555555
11186	2	5.555555555555555
11187	2	5.555555555555555
11188	2	5.555555555555555
11189	2	5.555555555555555
11190	2	5.555555555555555
11191	2	5.555555555555555
11192	2	5.555555555555555
11193	2	5.555555555555555
11194	2	5.555555555555555
11195	2	5.555555555555555
11196	2	5.555555555555555
11197	2	5.555555555555555
11198	2	5.555555555555555
11199	2	5.555555555555555
11200	2	5.555555555555555
11201	2	5.555555555555555
11202	2	5.555555555555555
11203	2	5.555555555555555
11204	2	5.555555555555555
11205	2	5.555555555555555
11206	2	5.555555555555555
11207	2	5.555555555555555
11208	2	5.555555555555555
11209	2	5.555555555555555
11210	2	5.555555555555555
11211	2	5.555555555555555
11212	2	5.555555555555555
11213	2	5.555555555555555
11214	2	5.555555555555555
11215	2	5.555555555555555
11216	2	5.555555555555555
11217	2	5.555555555555555
11218	2	5.555555555555555
11219	2	5.555555555555555
11220	2	5.555555555555555
11221	2	5.555555555555555
11222	2	5.555555555555555
11223	2	5.555555555555555
11224	2	5.555555555555555
11225	2	5.555555555555555
11226	2	5.555555555555555
11227	2	5.555555555555555
11228	2	5.555555555555555
11229	2	5.555555555555555
11230	2	5.555555555555555
11231	2	5.555555555555555
11232	2	5.555555555555555
11233	2	5.555555555555555
11234	2	5.555555555555555
11235	2	5.555555555555555
11236	2	5.555555555555555
11237	2	5.555555555555555
11238	2	5.555555555555555
11239	2	5.555555555555555
11240	2	5.555555555555555
11241	2	5.555555555555555
11242	2	5.555555555555555
11243	2	5.555555555555555
11244	2	5.555555555555555
11245	2	5.555555555555555
11246	2	5.555555555555555
11247	2	5.555555555555555
11248	2	5.555555555555555
11249	2	5.555555555555555
11250	2	5.555555555555555
11251	2	5.555555555555555
11252	2	5.555555555555555
11253	2	5.555555555555555
11254	2	5.555555555555555
11255	2	5.555555555555555
11256	2	5.555555555555555
11257	2	5.555555555555555
11258	2	5.555555555555555
11259	2	5.555555555555555
11260	2	5.555555555555555
11261	2	5.555555555555555
11262	2	5.555555555555555
11263	2	5.555555555555555
11264	2	5.555555555555555
11265	2	5.555555555555555
11266	2	5.555555555555555
11267	2	5.555555555555555
11268	2	5.555555555555555
11269	2	5.555555555555555
11270	2	5.555555555555555
11271	2	5.555555555555555
11272	2	5.555555555555555
11273	2	5.555555555555555
11274	2	5.555555555555555
11275	2	5.555555555555555
11276	2	5.555555555555555
11277	2	5.555555555555555
11278	2	5.555555555555555
11279	2	5.555555555555555
11280	2	5.555555555555555
11281	2	5.555555555555555
11282	2	5.555555555555555
11283	2	5.555555555555555
11284	2	5.555555555555555
11285	2	5.555555555555555
11286	2	5.555555555555555
11287	2	5.555555555555555
11288	2	5.555555555555555
11289	2	5.555555555555555
11290	2	5.555555555555555
11291	2	5.555555555555555
11292	2	5.555555555555555
11293	2	5.555555555555555
11294	2	5.555555555555555
11295	2	5.555555555555555
11296	2	5.555555555555555
11297	2	5.555555555555555
11298	2	5.555555555555555
11299	2	5.555555555555555
11300	2	5.555555555555555
11301	2	5.555555555555555
11302	2	5.555555555555555
11303	2	5.555555555555555
11304	2	5.555555555555555
11305	2	5.555555555555555
11306	2	5.555555555555555
11307	2	5.555555555555555
11308	2	5.555555555555555
11309	2	5.555555555555555
11310	2	5.555555555555555
11311	2	5.555555555555555
11312	2	5.555555555555555
11313	2	5.555555555555555
11314	2	5.555555555555555
11315	2	5.555555555555555
11316	2	5.555555555555555
11317	2	5.555555555555555
11318	2	5.555555555555555
11319	2	5.555555555555555
11320	2	5.555555555555555
11321	2	5.555555555555555
11322	2	5.555555555555555
11323	2	5.555555555555555
11324	2	5.555555555555555
11325	2	5.555555555555555
11326	2	5.555555555555555
11327	2	5.555555555555555
11328	2	5.555555555555555
11329	2	5.555555555555555
11330	2	5.555555555555555
11331	2	5.555555555555555
11332	2	5.555555555555555
11333	2	5.555555555555555
11334	2	5.555555555555555
11335	2	5.555555555555555
11336	2	5.555555555555555
11337	2	5.555555555555555
11338	2	5.555555555555555
11339	2	5.555555555555555
11340	2	5.555555555555555
11341	2	5.555555555555555
11342	2	5.555555555555555
11343	2	5.555555555555555
11344	2	5.555555555555555
11345	2	5.555555555555555
11346	2	5.555555555555555
11347	2	5.555555555555555
11348	2	5.555555555555555
11349	2	5.555555555555555
11350	2	5.555555555555555
11351	2	5.555555555555555
11352	2	5.555555555555555
11353	2	5.555555555555555
11354	2	5.555555555555555
11355	2	5.555555555555555
11356	2	5.555555555555555
11357	2	5.555555555555555
11358	2	5.555555555555555
11359	2	5.555555555555555
11360	2	5.555555555555555
11361	2	5.555555555555555
11362	2	5.555555555555555
11363	2	5.555555555555555
11364	2	5.555555555555555
11365	2	5.555555555555555
11366	2	5.555555555555555
11367	2	5.555555555555555
11368	2	5.555555555555555
11369	2	5.555555555555555
11370	2	5.555555555555555
11371	2	5.555555555555555
11372	2	5.555555555555555
11373	2	5.555555555555555
11374	2	5.555555555555555
11375	2	5.555555555555555
11376	2	5.555555555555555
11377	2	5.555555555555555
11378	2	5.555555555555555
11379	2	5.555555555555555
11380	2	5.555555555555555
11381	2	5.555555555555555
11382	2	5.555555555555555
11383	2	5.555555555555555
11384	2	5.555555555555555
11385	2	5.555555555555555
11386	2	5.555555555555555
11387	2	5.555555555555555
11388	2	5.555555555555555
11389	2	5.555555555555555
11390	2	5.555555555555555
11391	2	5.555555555555555
11392	2	5.555555555555555
11393	2	5.555555555555555
11394	2	5.555555555555555
11395	2	5.555555555555555
11396	2	5.555555555555555
11397	2	5.555555555555555
11398	2	5.555555555555555
11399	2	5.555555555555555
11400	2	5.555555555555555
11401	2	5.555555555555555
11402	2	5.555555555555555
11403	2	5.555555555555555
11404	2	5.555555555555555
11405	2	5.555555555555555
11406	2	5.555555555555555
11407	2	5.555555555555555
11408	2	5.555555555555555
11409	2	5.555555555555555
11410	2	5.555555555555555
11411	2	5.555555555555555
11412	2	5.555555555555555
11413	2	5.555555555555555
11414	2	5.555555555555555
11415	2	5.555555555555555
11416	2	5.555555555555555
11417	2	5.555555555555555
11418	2	5.555555555555555
11419	2	5.555555555555555
11420	2	5.555555555555555
11421	2	5.555555555555555
11422	2	5.555555555555555
11423	2	5.555555555555555
11424	2	5.555555555555555
11425	2	5.555555555555555
11426	2	5.555555555555555
11427	2	5.555555555555555
11428	2	5.555555555555555
11429	2	5.555555555555555
11430	2	5.555555555555555
11431	2	5.555555555555555
11432	2	5.555555555555555
11433	2	5.555555555555555
11434	2	5.555555555555555
11435	2	5.555555555555555
11436	2	5.555555555555555
11437	2	5.555555555555555
11438	2	5.555555555555555
11439	2	5.555555555555555
11440	2	5.555555555555555
11441	2	5.555555555555555
11442	2	5.555555555555555
11443	2	5.555555555555555
11444	2	5.555555555555555
11445	2	5.555555555555555
11446	2	5.555555555555555
11447	2	5.555555555555555
11448	2	5.555555555555555
11449	2	5.555555555555555
11450	2	5.555555555555555
11451	2	5.555555555555555
11452	2	5.555555555555555
11453	2	5.555555555555555
11454	2	5.555555555555555
11455	2	5.555555555555555
11456	2	5.555555555555555
11457	2	5.555555555555555
11458	2	5.555555555555555
11459	2	5.555555555555555
11460	2	5.555555555555555
11461	2	5.555555555555555
11462	2	5.555555555555555
11463	2	5.555555555555555
11464	2	5.555555555555555
11465	2	5.555555555555555
11466	2	5.555555555555555
11467	2	5.555555555555555
11468	2	5.555555555555555
11469	2	5.555555555555555
11470	2	5.555555555555555
11471	2	5.555555555555555
11472	2	5.555555555555555
11473	2	5.555555555555555
11474	2	5.555555555555555
11475	2	5.555555555555555
11476	2	5.555555555555555
11477	2	5.555555555555555
11478	2	5.555555555555555
11479	2	5.555555555555555
11480	2	5.555555555555555
11481	2	5.555555555555555
11482	2	5.555555555555555
11483	2	5.555555555555555
11484	2	5.555555555555555
11485	2	5.555555555555555
11486	2	5.555555555555555
11487	2	5.555555555555555
11488	2	5.555555555555555
11489	2	5.555555555555555
11490	2	5.555555555555555
11491	2	5.555555555555555
11492	2	5.555555555555555
11493	2	5.555555555555555
11494	2	5.555555555555555
11495	2	5.555555555555555
11496	2	5.555555555555555
11497	2	5.555555555555555
11498	2	5.555555555555555
11499	2	5.555555555555555
11500	2	5.555555555555555
11501	2	5.555555555555555
11502	2	5.555555555555555
11503	2	5.555555555555555
11504	2	5.555555555555555
11505	2	5.555555555555555
11506	2	5.555555555555555
11507	2	5.555555555555555
11508	2	5.555555555555555
11509	2	5.555555555555555
11510	2	5.555555555555555
11511	2	5.555555555555555
11512	2	5.555555555555555
11513	2	5.555555555555555
11514	2	5.555555555555555
11515	2	5.555555555555555
11516	2	5.555555555555555
11517	2	5.555555555555555
11518	2	5.555555555555555
11519	2	5.555555555555555
11520	2	5.555555555555555
11521	2	5.555555555555555
11522	2	5.555555555555555
11523	2	5.555555555555555
11524	2	5.555555555555555
11525	2	5.555555555555555
11526	2	5.555555555555555
11527	2	5.555555555555555
11528	2	5.555555555555555
11529	2	5.555555555555555
11530	2	5.555555555555555
11531	2	5.555555555555555
11532	2	5.555555555555555
11533	2	5.555555555555555
11534	2	5.555555555555555
11535	2	5.555555555555555
11536	2	5.555555555555555
11537	2	5.555555555555555
11538	2	5.555555555555555
11539	2	5.555555555555555
11540	2	5.555555555555555
11541	2	5.555555555555555
11542	2	5.555555555555555
11543	2	5.555555555555555
11544	2	5.555555555555555
11545	2	5.555555555555555
11546	2	5.555555555555555
11547	2	5.555555555555555
11548	2	5.555555555555555
11549	2	5.555555555555555
11550	2	5.555555555555555
11551	2	5.555555555555555
11552	2	5.555555555555555
11553	2	5.555555555555555
11554	2	5.555555555555555
11555	2	5.555555555555555
11556	2	5.555555555555555
11557	2	5.555555555555555
11558	2	5.555555555555555
11559	2	5.555555555555555
11560	2	5.555555555555555
11561	2	5.555555555555555
11562	2	5.555555555555555
11563	2	5.555555555555555
11564	2	5.555555555555555
11565	2	5.555555555555555
11566	2	5.555555555555555
11567	2	5.555555555555555
11568	2	5.555555555555555
11569	2	5.555555555555555
11570	2	5.555555555555555
11571	2	5.555555555555555
11572	2	5.555555555555555
11573	2	5.555555555555555
11574	2	5.555555555555555
11575	2	5.555555555555555
11576	2	5.555555555555555
11577	2	5.555555555555555
11578	2	5.555555555555555
11579	2	5.555555555555555
11580	2	5.555555555555555
11581	2	5.555555555555555
11582	2	5.555555555555555
11583	2	5.555555555555555
11584	2	5.555555555555555
11585	2	5.555555555555555
11586	2	5.555555555555555
11587	2	5.555555555555555
11588	2	5.555555555555555
11589	2	5.555555555555555
11590	2	5.555555555555555
11591	2	5.555555555555555
11592	2	5.555555555555555
11593	2	5.555555555555555
11594	2	5.555555555555555
11595	2	5.555555555555555
11596	2	5.555555555555555
11597	2	5.555555555555555
11598	2	5.555555555555555
11599	2	5.555555555555555
11600	2	5.555555555555555
11601	2	5.555555555555555
11602	2	5.555555555555555
11603	2	5.555555555555555
11604	2	5.555555555555555
11605	2	5.555555555555555
11606	2	5.555555555555555
11607	2	5.555555555555555
11608	2	5.555555555555555
11609	2	5.555555555555555
11610	2	5.555555555555555
11611	2	5.555555555555555
11612	2	5.555555555555555
11613	2	5.555555555555555
11614	2	5.555555555555555
11615	2	5.555555555555555
11616	2	5.555555555555555
11617	2	5.555555555555555
11618	2	5.555555555555555
11619	2	5.555555555555555
11620	2	5.555555555555555
11621	2	5.555555555555555
11622	2	5.555555555555555
11623	2	5.555555555555555
11624	2	5.555555555555555
11625	2	5.555555555555555
11626	2	5.555555555555555
11627	2	5.555555555555555
11628	2	5.555555555555555
11629	2	5.555555555555555
11630	2	5.555555555555555
11631	2	5.555555555555555
11632	2	5.555555555555555
11633	2	5.555555555555555
11634	2	5.555555555555555
11635	2	5.555555555555555
11636	2	5.555555555555555
11637	2	5.555555555555555
11638	2	5.555555555555555
11639	2	5.555555555555555
11640	2	5.555555555555555
11641	2	5.555555555555555
11642	2	5.555555555555555
11643	2	5.555555555555555
11644	2	5.555555555555555
11645	2	5.555555555555555
11646	2	5.555555555555555
11647	2	5.555555555555555
11648	2	5.555555555555555
11649	2	5.555555555555555
11650	2	5.555555555555555
11651	2	5.555555555555555
11652	2	5.555555555555555
11653	2	5.555555555555555
11654	2	5.555555555555555
11655	2	5.555555555555555
11656	2	5.555555555555555
11657	2	5.555555555555555
11658	2	5.555555555555555
11659	2	5.555555555555555
11660	2	5.555555555555555
11661	2	5.555555555555555
11662	2	5.555555555555555
11663	2	5.555555555555555
11664	2	5.555555555555555
11665	2	5.555555555555555
11666	2	5.555555555555555
11667	2	5.555555555555555
11668	2	5.555555555555555
11669	2	5.555555555555555
11670	2	5.555555555555555
11671	2	5.555555555555555
11672	2	5.555555555555555
11673	2	5.555555555555555
11674	2	5.555555555555555
11675	2	5.555555555555555
11676	2	5.555555555555555
11677	2	5.555555555555555
11678	2	5.555555555555555
11679	2	5.555555555555555
11680	2	5.555555555555555
11681	2	5.555555555555555
11682	2	5.555555555555555
11683	2	5.555555555555555
11684	2	5.555555555555555
11685	2	5.555555555555555
11686	2	5.555555555555555
11687	2	5.555555555555555
11688	2	5.555555555555555
11689	2	5.555555555555555
11690	2	5.555555555555555
11691	2	5.555555555555555
11692	2	5.555555555555555
11693	2	5.555555555555555
11694	2	5.555555555555555
11695	2	5.555555555555555
11696	2	5.555555555555555
11697	2	5.555555555555555
11698	2	5.555555555555555
11699	2	5.555555555555555
11700	2	5.555555555555555
11701	2	5.555555555555555
11702	2	5.555555555555555
11703	2	5.555555555555555
11704	2	5.555555555555555
11705	2	5.555555555555555
11706	2	5.555555555555555
11707	2	5.555555555555555
11708	2	5.555555555555555
11709	2	5.555555555555555
11710	2	5.555555555555555
11711	2	5.555555555555555
11712	2	5.555555555555555
11713	2	5.555555555555555
11714	2	5.555555555555555
11715	2	5.555555555555555
11716	2	5.555555555555555
11717	2	5.555555555555555
11718	2	5.555555555555555
11719	2	5.555555555555555
11720	2	5.555555555555555
11721	2	5.555555555555555
11722	2	5.555555555555555
11723	2	5.555555555555555
11724	2	5.555555555555555
11725	2	5.555555555555555
11726	2	5.555555555555555
11727	2	5.555555555555555
11728	2	5.555555555555555
11729	2	5.555555555555555
11730	2	5.555555555555555
11731	2	5.555555555555555
11732	2	5.555555555555555
11733	2	5.555555555555555
11734	2	5.555555555555555
11735	2	5.555555555555555
11736	2	5.555555555555555
11737	2	5.555555555555555
11738	2	5.555555555555555
11739	2	5.555555555555555
11740	2	5.555555555555555
11741	2	5.555555555555555
11742	2	5.555555555555555
11743	2	5.555555555555555
11744	2	5.555555555555555
11745	2	5.555555555555555
11746	2	5.555555555555555
11747	2	5.555555555555555
11748	2	5.555555555555555
11749	2	5.555555555555555
11750	2	5.555555555555555
11751	2	5.555555555555555
11752	2	5.555555555555555
11753	2	5.555555555555555
11754	2	5.555555555555555
11755	2	5.555555555555555
11756	2	5.555555555555555
11757	2	5.555555555555555
11758	2	5.555555555555555
11759	2	5.555555555555555
11760	2	5.555555555555555
11761	2	5.555555555555555
11762	2	5.555555555555555
11763	2	5.555555555555555
11764	2	5.555555555555555
11765	2	5.555555555555555
11766	2	5.555555555555555
11767	2	5.555555555555555
11768	2	5.555555555555555
11769	2	5.555555555555555
11770	2	5.555555555555555
11771	2	5.555555555555555
11772	2	5.555555555555555
11773	2	5.555555555555555
11774	2	5.555555555555555
11775	2	5.555555555555555
11776	2	5.555555555555555
11777	2	5.555555555555555
11778	2	5.555555555555555
11779	2	5.555555555555555
11780	2	5.555555555555555
11781	2	5.555555555555555
11782	2	5.555555555555555
11783	2	5.555555555555555
11784	2	5.555555555555555
11785	2	5.555555555555555
11786	2	5.555555555555555
11787	2	5.555555555555555
11788	2	5.555555555555555
11789	2	5.555555555555555
11790	2	5.555555555555555
11791	2	5.555555555555555
11792	2	5.555555555555555
11793	2	5.555555555555555
11794	2	5.555555555555555
11795	2	5.555555555555555
11796	2	5.555555555555555
11797	2	5.555555555555555
11798	2	5.555555555555555
11799	2	5.555555555555555
11800	2	5.555555555555555
11801	2	5.555555555555555
11802	2	5.555555555555555
11803	2	5.555555555555555
11804	2	5.555555555555555
11805	2	5.555555555555555
11806	2	5.555555555555555
11807	2	5.555555555555555
11808	2	5.555555555555555
11809	2	5.555555555555555
11810	2	5.555555555555555
11811	2	5.555555555555555
11812	2	5.555555555555555
11813	2	5.555555555555555
11814	2	5.555555555555555
11815	2	5.555555555555555
11816	2	5.555555555555555
11817	2	5.555555555555555
11818	2	5.555555555555555
11819	2	5.555555555555555
11820	2	5.555555555555555
11821	2	5.555555555555555
11822	2	5.555555555555555
11823	2	5.555555555555555
11824	2	5.555555555555555
11825	2	5.555555555555555
11826	2	5.555555555555555
11827	2	5.555555555555555
11828	2	5.555555555555555
11829	2	5.555555555555555
11830	2	5.555555555555555
11831	2	5.555555555555555
11832	2	5.555555555555555
11833	2	5.555555555555555
11834	2	5.555555555555555
11835	2	5.555555555555555
11836	2	5.555555555555555
11837	2	5.555555555555555
11838	2	5.555555555555555
11839	2	5.555555555555555
11840	2	5.555555555555555
11841	2	5.555555555555555
11842	2	5.555555555555555
11843	2	5.555555555555555
11844	2	5.555555555555555
11845	2	5.555555555555555
11846	2	5.555555555555555
11847	2	5.555555555555555
11848	2	5.555555555555555
11849	2	5.555555555555555
11850	2	5.555555555555555
11851	2	5.555555555555555
11852	2	5.555555555555555
11853	2	5.555555555555555
11854	2	5.555555555555555
11855	2	5.555555555555555
11856	2	5.555555555555555
11857	2	5.555555555555555
11858	2	5.555555555555555
11859	2	5.555555555555555
11860	2	5.555555555555555
11861	2	5.555555555555555
11862	2	5.555555555555555
11863	2	5.555555555555555
11864	2	5.555555555555555
11865	2	5.555555555555555
11866	2	5.555555555555555
11867	2	5.555555555555555
11868	2	5.555555555555555
11869	2	5.555555555555555
11870	2	5.555555555555555
11871	2	5.555555555555555
11872	2	5.555555555555555
11873	2	5.555555555555555
11874	2	5.555555555555555
11875	2	5.555555555555555
11876	2	5.555555555555555
11877	2	5.555555555555555
11878	2	5.555555555555555
11879	2	5.555555555555555
11880	2	5.555555555555555
11881	2	5.555555555555555
11882	2	5.555555555555555
11883	2	5.555555555555555
11884	2	5.555555555555555
11885	2	5.555555555555555
11886	2	5.555555555555555
11887	2	5.555555555555555
11888	2	5.555555555555555
11889	2	5.555555555555555
11890	2	5.555555555555555
11891	2	5.555555555555555
11892	2	5.555555555555555
11893	2	5.555555555555555
11894	2	5.555555555555555
11895	2	5.555555555555555
11896	2	5.555555555555555
11897	2	5.555555555555555
11898	2	5.555555555555555
11899	2	5.555555555555555
11900	2	5.555555555555555
11901	2	5.555555555555555
11902	2	5.555555555555555
11903	2	5.555555555555555
11904	2	5.555555555555555
11905	2	5.555555555555555
11906	2	5.555555555555555
11907	2	5.555555555555555
11908	2	5.555555555555555
11909	2	5.555555555555555
11910	2	5.555555555555555
11911	2	5.555555555555555
11912	2	5.555555555555555
11913	2	5.555555555555555
11914	2	5.555555555555555
11915	2	5.555555555555555
11916	2	5.555555555555555
11917	2	5.555555555555555
11918	2	5.555555555555555
11919	2	5.555555555555555
11920	2	5.555555555555555
11921	2	5.555555555555555
11922	2	5.555555555555555
11923	2	5.555555555555555
11924	2	5.555555555555555
11925	2	5.555555555555555
11926	2	5.555555555555555
11927	2	5.555555555555555
11928	2	5.555555555555555
11929	2	5.555555555555555
11930	2	5.555555555555555
11931	2	5.555555555555555
11932	2	5.555555555555555
11933	2	5.555555555555555
11934	2	5.555555555555555
11935	2	5.555555555555555
11936	2	5.555555555555555
11937	2	5.555555555555555
11938	2	5.555555555555555
11939	2	5.555555555555555
11940	2	5.555555555555555
11941	2	5.555555555555555
11942	2	5.555555555555555
11943	2	5.555555555555555
11944	2	5.555555555555555
11945	2	5.555555555555555
11946	2	5.555555555555555
11947	2	5.555555555555555
11948	2	5.555555555555555
11949	2	5.555555555555555
11950	2	5.555555555555555
11951	2	5.555555555555555
11952	2	5.555555555555555
11953	2	5.555555555555555
11954	2	5.555555555555555
11955	2	5.555555555555555
11956	2	5.555555555555555
11957	2	5.555555555555555
11958	2	5.555555555555555
11959	2	5.555555555555555
11960	2	5.555555555555555
11961	2	5.555555555555555
11962	2	5.555555555555555
11963	2	5.555555555555555
11964	2	5.555555555555555
11965	2	5.555555555555555
11966	2	5.555555555555555
11967	2	5.555555555555555
11968	2	5.555555555555555
11969	2	5.555555555555555
11970	2	5.555555555555555
11971	2	5.555555555555555
11972	2	5.555555555555555
11973	2	5.555555555555555
11974	2	5.555555555555555
11975	2	5.555555555555555
11976	2	5.555555555555555
11977	2	5.555555555555555
11978	2	5.555555555555555
11979	2	5.555555555555555
11980	2	5.555555555555555
11981	2	5.555555555555555
11982	2	5.555555555555555
11983	2	5.555555555555555
11984	2	5.555555555555555
11985	2	5.555555555555555
11986	2	5.555555555555555
11987	2	5.555555555555555
11988	2	5.555555555555555
11989	2	5.555555555555555
11990	2	5.555555555555555
11991	2	5.555555555555555
11992	2	5.555555555555555
11993	2	5.555555555555555
11994	2	5.555555555555555
11995	2	5.555555555555555
11996	2	5.555555555555555
11997	2	5.555555555555555
11998	2	5.555555555555555
11999	2	5.555555555555555
12000	2	5.555555555555555
12001	2	5.555555555555555
12002	2	5.555555555555555
12003	2	5.555555555555555
12004	2	5.555555555555555
12005	2	5.555555555555555
12006	2	5.555555555555555
12007	2	5.555555555555555
12008	2	5.555555555555555
12009	2	5.555555555555555
12010	2	5.555555555555555
12011	2	5.555555555555555
12012	2	5.555555555555555
12013	2	5.555555555555555
12014	2	5.555555555555555
12015	2	5.555555555555555
12016	2	5.555555555555555
12017	2	5.555555555555555
12018	2	5.555555555555555
12019	2	5.555555555555555
12020	2	5.555555555555555
12021	2	5.555555555555555
12022	2	5.555555555555555
12023	2	5.555555555555555
12024	2	5.555555555555555
12025	2	5.555555555555555
12026	2	5.555555555555555
12027	2	5.555555555555555
12028	2	5.555555555555555
12029	2	5.555555555555555
12030	2	5.555555555555555
12031	2	5.555555555555555
12032	2	5.555555555555555
12033	2	5.555555555555555
12034	2	5.555555555555555
12035	2	5.555555555555555
12036	2	5.555555555555555
12037	2	5.555555555555555
12038	2	5.555555555555555
12039	2	5.555555555555555
12040	2	5.555555555555555
12041	2	5.555555555555555
12042	2	5.555555555555555
12043	2	5.555555555555555
12044	2	5.555555555555555
12045	2	5.555555555555555
12046	2	5.555555555555555
12047	2	5.555555555555555
12048	2	5.555555555555555
12049	2	5.555555555555555
12050	2	5.555555555555555
12051	2	5.555555555555555
12052	2	5.555555555555555
12053	2	5.555555555555555
12054	2	5.555555555555555
12055	2	5.555555555555555
12056	2	5.555555555555555
12057	2	5.555555555555555
12058	2	5.555555555555555
12059	2	5.555555555555555
12060	2	5.555555555555555
12061	2	5.555555555555555
12062	2	5.555555555555555
12063	2	5.555555555555555
12064	2	5.555555555555555
12065	2	5.555555555555555
12066	2	5.555555555555555
12067	2	5.555555555555555
12068	2	5.555555555555555
12069	2	5.555555555555555
12070	2	5.555555555555555
12071	2	5.555555555555555
12072	2	5.555555555555555
12073	2	5.555555555555555
12074	2	5.555555555555555
12075	2	5.555555555555555
12076	2	5.555555555555555
12077	2	5.555555555555555
12078	2	5.555555555555555
12079	2	5.555555555555555
12080	2	5.555555555555555
12081	2	5.555555555555555
12082	2	5.555555555555555
12083	2	5.555555555555555
12084	2	5.555555555555555
12085	2	5.555555555555555
12086	2	5.555555555555555
12087	2	5.555555555555555
12088	2	5.555555555555555
12089	2	5.555555555555555
12090	2	5.555555555555555
12091	2	5.555555555555555
12092	2	5.555555555555555
12093	2	5.555555555555555
12094	2	5.555555555555555
12095	2	5.555555555555555
12096	2	5.555555555555555
12097	2	5.555555555555555
12098	2	5.555555555555555
12099	2	5.555555555555555
12100	2	5.555555555555555
12101	2	5.555555555555555
12102	2	5.555555555555555
12103	2	5.555555555555555
12104	2	5.555555555555555
12105	2	5.555555555555555
12106	2	5.555555555555555
12107	2	5.555555555555555
12108	2	5.555555555555555
12109	2	5.555555555555555
12110	2	5.555555555555555
12111	2	5.555555555555555
12112	2	5.555555555555555
12113	2	5.555555555555555
12114	2	5.555555555555555
12115	2	5.555555555555555
12116	2	5.555555555555555
12117	2	5.555555555555555
12118	2	5.555555555555555
12119	2	5.555555555555555
12120	2	5.555555555555555
12121	2	5.555555555555555
12122	2	5.555555555555555
12123	2	5.555555555555555
12124	2	5.555555555555555
12125	2	5.555555555555555
12126	2	5.555555555555555
12127	2	5.555555555555555
12128	2	5.555555555555555
12129	2	5.555555555555555
12130	2	5.555555555555555
12131	2	5.555555555555555
12132	2	5.555555555555555
12133	2	5.555555555555555
12134	2	5.555555555555555
12135	2	5.555555555555555
12136	2	5.555555555555555
12137	2	5.555555555555555
12138	2	5.555555555555555
12139	2	5.555555555555555
12140	2	5.555555555555555
12141	2	5.555555555555555
12142	2	5.555555555555555
12143	2	5.555555555555555
12144	2	5.555555555555555
12145	2	5.555555555555555
12146	2	5.555555555555555
12147	2	5.555555555555555
12148	2	5.555555555555555
12149	2	5.555555555555555
12150	2	5.555555555555555
12151	2	5.555555555555555
12152	2	5.555555555555555
12153	2	5.555555555555555
12154	2	5.555555555555555
12155	2	5.555555555555555
12156	2	5.555555555555555
12157	2	5.555555555555555
12158	2	5.555555555555555
12159	2	5.555555555555555
12160	2	5.555555555555555
12161	2	5.555555555555555
12162	2	5.555555555555555
12163	2	5.555555555555555
12164	2	5.555555555555555
12165	2	5.555555555555555
12166	2	5.555555555555555
12167	2	5.555555555555555
12168	2	5.555555555555555
12169	2	5.555555555555555
12170	2	5.555555555555555
12171	2	5.555555555555555
12172	2	5.555555555555555
12173	2	5.555555555555555
12174	2	5.555555555555555
12175	2	5.555555555555555
12176	2	5.555555555555555
12177	2	5.555555555555555
12178	2	5.555555555555555
12179	2	5.555555555555555
12180	2	5.555555555555555
12181	2	5.555555555555555
12182	2	5.555555555555555
12183	2	5.555555555555555
12184	2	5.555555555555555
12185	2	5.555555555555555
12186	2	5.555555555555555
12187	2	5.555555555555555
12188	2	5.555555555555555
12189	2	5.555555555555555
12190	2	5.555555555555555
12191	2	5.555555555555555
12192	2	5.555555555555555
12193	2	5.555555555555555
12194	2	5.555555555555555
12195	2	5.555555555555555
12196	2	5.555555555555555
12197	2	5.555555555555555
12198	2	5.555555555555555
12199	2	5.555555555555555
12200	2	5.555555555555555
12201	2	5.555555555555555
12202	2	5.555555555555555
12203	2	5.555555555555555
12204	2	5.555555555555555
12205	2	5.555555555555555
12206	2	5.555555555555555
12207	2	5.555555555555555
12208	2	5.555555555555555
12209	2	5.555555555555555
12210	2	5.555555555555555
12211	2	5.555555555555555
12212	2	5.555555555555555
12213	2	5.555555555555555
12214	2	5.555555555555555
12215	2	5.555555555555555
12216	2	5.555555555555555
12217	2	5.555555555555555
12218	2	5.555555555555555
12219	2	5.555555555555555
12220	2	5.555555555555555
12221	2	5.555555555555555
12222	2	5.555555555555555
12223	2	5.555555555555555
12224	2	5.555555555555555
12225	2	5.555555555555555
12226	2	5.555555555555555
12227	2	5.555555555555555
12228	2	5.555555555555555
12229	2	5.555555555555555
12230	2	5.555555555555555
12231	2	5.555555555555555
12232	2	5.555555555555555
12233	2	5.555555555555555
12234	2	5.555555555555555
12235	2	5.555555555555555
12236	2	5.555555555555555
12237	2	5.555555555555555
12238	2	5.555555555555555
12239	2	5.555555555555555
12240	2	5.555555555555555
12241	2	5.555555555555555
12242	2	5.555555555555555
12243	2	5.555555555555555
12244	2	5.555555555555555
12245	2	5.555555555555555
12246	2	5.555555555555555
12247	2	5.555555555555555
12248	2	5.555555555555555
12249	2	5.555555555555555
12250	2	5.555555555555555
12251	2	5.555555555555555
12252	2	5.555555555555555
12253	2	5.555555555555555
12254	2	5.555555555555555
12255	2	5.555555555555555
12256	2	5.555555555555555
12257	2	5.555555555555555
12258	2	5.555555555555555
12259	2	5.555555555555555
12260	2	5.555555555555555
12261	2	5.555555555555555
12262	2	5.555555555555555
12263	2	5.555555555555555
12264	2	5.555555555555555
12265	2	5.555555555555555
12266	2	5.555555555555555
12267	2	5.555555555555555
12268	2	5.555555555555555
12269	2	5.555555555555555
12270	2	5.555555555555555
12271	2	5.555555555555555
12272	2	5.555555555555555
12273	2	5.555555555555555
12274	2	5.555555555555555
12275	2	5.555555555555555
12276	2	5.555555555555555
12277	2	5.555555555555555
12278	2	5.555555555555555
12279	2	5.555555555555555
12280	2	5.555555555555555
12281	2	5.555555555555555
12282	2	5.555555555555555
12283	2	5.555555555555555
12284	2	5.555555555555555
12285	2	5.555555555555555
12286	2	5.555555555555555
12287	2	5.555555555555555
12288	2	5.555555555555555
12289	2	5.555555555555555
12290	2	5.555555555555555
12291	2	5.555555555555555
12292	2	5.555555555555555
12293	2	5.555555555555555
12294	2	5.555555555555555
12295	2	5.555555555555555
12296	2	5.555555555555555
12297	2	5.555555555555555
12298	2	5.555555555555555
12299	2	5.555555555555555
12300	2	5.555555555555555
12301	2	5.555555555555555
12302	2	5.555555555555555
12303	2	5.555555555555555
12304	2	5.555555555555555
12305	2	5.555555555555555
12306	2	5.555555555555555
12307	2	5.555555555555555
12308	2	5.555555555555555
12309	2	5.555555555555555
12310	2	5.555555555555555
12311	2	5.555555555555555
12312	2	5.555555555555555
12313	2	5.555555555555555
12314	2	5.555555555555555
12315	2	5.555555555555555
12316	2	5.555555555555555
12317	2	5.555555555555555
12318	2	5.555555555555555
12319	2	5.555555555555555
12320	2	5.555555555555555
12321	2	5.555555555555555
12322	2	5.555555555555555
12323	2	5.555555555555555
12324	2	5.555555555555555
12325	2	5.555555555555555
12326	2	5.555555555555555
12327	2	5.555555555555555
12328	2	5.555555555555555
12329	2	5.555555555555555
12330	2	5.555555555555555
12331	2	5.555555555555555
12332	2	5.555555555555555
12333	2	5.555555555555555
12334	2	5.555555555555555
12335	2	5.555555555555555
12336	2	5.555555555555555
12337	2	5.555555555555555
12338	2	5.555555555555555
12339	2	5.555555555555555
12340	2	5.555555555555555
12341	2	5.555555555555555
12342	2	5.555555555555555
12343	2	5.555555555555555
12344	2	5.555555555555555
12345	2	5.555555555555555
12346	2	5.555555555555555
12347	2	5.555555555555555
12348	2	5.555555555555555
12349	2	5.555555555555555
12350	2	5.555555555555555
12351	2	5.555555555555555
12352	2	5.555555555555555
12353	2	5.555555555555555
12354	2	5.555555555555555
12355	2	5.555555555555555
12356	2	5.555555555555555
12357	2	5.555555555555555
12358	2	5.555555555555555
12359	2	5.555555555555555
12360	2	5.555555555555555
12361	2	5.555555555555555
12362	2	5.555555555555555
12363	2	5.555555555555555
12364	2	5.555555555555555
12365	2	5.555555555555555
12366	2	5.555555555555555
12367	2	5.555555555555555
12368	2	5.555555555555555
12369	2	5.555555555555555
12370	2	5.555555555555555
12371	2	5.555555555555555
12372	2	5.555555555555555
12373	2	5.555555555555555
12374	2	5.555555555555555
12375	2	5.555555555555555
12376	2	5.555555555555555
12377	2	5.555555555555555
12378	2	5.555555555555555
12379	2	5.555555555555555
12380	2	5.555555555555555
12381	2	5.555555555555555
12382	2	5.555555555555555
12383	2	5.555555555555555
12384	2	5.555555555555555
12385	2	5.555555555555555
12386	2	5.555555555555555
12387	2	5.555555555555555
12388	2	5.555555555555555
12389	2	5.555555555555555
12390	2	5.555555555555555
12391	2	5.555555555555555
12392	2	5.555555555555555
12393	2	5.555555555555555
12394	2	5.555555555555555
12395	2	5.555555555555555
12396	2	5.555555555555555
12397	2	5.555555555555555
12398	2	5.555555555555555
12399	2	5.555555555555555
12400	2	5.555555555555555
12401	2	5.555555555555555
12402	2	5.555555555555555
12403	2	5.555555555555555
12404	2	5.555555555555555
12405	2	5.555555555555555
12406	2	5.555555555555555
12407	2	5.555555555555555
12408	2	5.555555555555555
12409	2	5.555555555555555
12410	2	5.555555555555555
12411	2	5.555555555555555
12412	2	5.555555555555555
12413	2	5.555555555555555
12414	2	5.555555555555555
12415	2	5.555555555555555
12416	2	5.555555555555555
12417	2	5.555555555555555
12418	2	5.555555555555555
12419	2	5.555555555555555
12420	2	5.555555555555555
12421	2	5.555555555555555
12422	2	5.555555555555555
12423	2	5.555555555555555
12424	2	5.555555555555555
12425	2	5.555555555555555
12426	2	5.555555555555555
12427	2	5.555555555555555
12428	2	5.555555555555555
12429	2	5.555555555555555
12430	2	5.555555555555555
12431	2	5.555555555555555
12432	2	5.555555555555555
12433	2	5.555555555555555
12434	2	5.555555555555555
12435	2	5.555555555555555
12436	2	5.555555555555555
12437	2	5.555555555555555
12438	2	5.555555555555555
12439	2	5.555555555555555
12440	2	5.555555555555555
12441	2	5.555555555555555
12442	2	5.555555555555555
12443	2	5.555555555555555
12444	2	5.555555555555555
12445	2	5.555555555555555
12446	2	5.555555555555555
12447	2	5.555555555555555
12448	2	5.555555555555555
12449	2	5.555555555555555
12450	2	5.555555555555555
12451	2	5.555555555555555
12452	2	5.555555555555555
12453	2	5.555555555555555
12454	2	5.555555555555555
12455	2	5.555555555555555
12456	2	5.555555555555555
12457	2	5.555555555555555
12458	2	5.555555555555555
12459	2	5.555555555555555
12460	2	5.555555555555555
12461	2	5.555555555555555
12462	2	5.555555555555555
12463	2	5.555555555555555
12464	2	5.555555555555555
12465	2	5.555555555555555
12466	2	5.555555555555555
12467	2	5.555555555555555
12468	2	5.555555555555555
12469	2	5.555555555555555
12470	2	5.555555555555555
12471	2	5.555555555555555
12472	2	5.555555555555555
12473	2	5.555555555555555
12474	2	5.555555555555555
12475	2	5.555555555555555
12476	2	5.555555555555555
12477	2	5.555555555555555
12478	2	5.555555555555555
12479	2	5.555555555555555
12480	2	5.555555555555555
12481	2	5.555555555555555
12482	2	5.555555555555555
12483	2	5.555555555555555
12484	2	5.555555555555555
12485	2	5.555555555555555
12486	2	5.555555555555555
12487	2	5.555555555555555
12488	2	5.555555555555555
12489	2	5.555555555555555
12490	2	5.555555555555555
12491	2	5.555555555555555
12492	2	5.555555555555555
12493	2	5.555555555555555
12494	2	5.555555555555555
12495	2	5.555555555555555
12496	2	5.555555555555555
12497	2	5.555555555555555
12498	2	5.555555555555555
12499	2	5.555555555555555
12500	2	5.555555555555555
12501	2	5.555555555555555
12502	2	5.555555555555555
12503	2	5.555555555555555
12504	2	5.555555555555555
12505	2	5.555555555555555
12506	2	5.555555555555555
12507	2	5.555555555555555
12508	2	5.555555555555555
12509	2	5.555555555555555
12510	2	5.555555555555555
12511	2	5.555555555555555
12512	2	5.555555555555555
12513	2	5.555555555555555
12514	2	5.555555555555555
12515	2	5.555555555555555
12516	2	5.555555555555555
12517	2	5.555555555555555
12518	2	5.555555555555555
12519	2	5.555555555555555
12520	2	5.555555555555555
12521	2	5.555555555555555
12522	2	5.555555555555555
12523	2	5.555555555555555
12524	2	5.555555555555555
12525	2	5.555555555555555
12526	2	5.555555555555555
12527	2	5.555555555555555
12528	2	5.555555555555555
12529	2	5.555555555555555
12530	2	5.555555555555555
12531	2	5.555555555555555
12532	2	5.555555555555555
12533	2	5.555555555555555
12534	2	5.555555555555555
12535	2	5.555555555555555
12536	2	5.555555555555555
12537	2	5.555555555555555
12538	2	5.555555555555555
12539	2	5.555555555555555
12540	2	5.555555555555555
12541	2	5.555555555555555
12542	2	5.555555555555555
12543	2	5.555555555555555
12544	2	5.555555555555555
12545	2	5.555555555555555
12546	2	5.555555555555555
12547	2	5.555555555555555
12548	2	5.555555555555555
12549	2	5.555555555555555
12550	2	5.555555555555555
12551	2	5.555555555555555
12552	2	5.555555555555555
12553	2	5.555555555555555
12554	2	5.555555555555555
12555	2	5.555555555555555
12556	2	5.555555555555555
12557	2	5.555555555555555
12558	2	5.555555555555555
12559	2	5.555555555555555
12560	2	5.555555555555555
12561	2	5.555555555555555
12562	2	5.555555555555555
12563	2	5.555555555555555
12564	2	5.555555555555555
12565	2	5.555555555555555
12566	2	5.555555555555555
12567	2	5.555555555555555
12568	2	5.555555555555555
12569	2	5.555555555555555
12570	2	5.555555555555555
12571	2	5.555555555555555
12572	2	5.555555555555555
12573	2	5.555555555555555
12574	2	5.555555555555555
12575	2	5.555555555555555
12576	2	5.555555555555555
12577	2	5.555555555555555
12578	2	5.555555555555555
12579	2	5.555555555555555
12580	2	5.555555555555555
12581	2	5.555555555555555
12582	2	5.555555555555555
12583	2	5.555555555555555
12584	2	5.555555555555555
12585	2	5.555555555555555
12586	2	5.555555555555555
12587	2	5.555555555555555
12588	2	5.555555555555555
12589	2	5.555555555555555
12590	2	5.555555555555555
12591	2	5.555555555555555
12592	2	5.555555555555555
12593	2	5.555555555555555
12594	2	5.555555555555555
12595	2	5.555555555555555
12596	2	5.555555555555555
12597	2	5.555555555555555
12598	2	5.555555555555555
12599	2	5.555555555555555
12600	2	5.555555555555555
12601	2	5.555555555555555
12602	2	5.555555555555555
12603	2	5.555555555555555
12604	2	5.555555555555555
12605	2	5.555555555555555
12606	2	5.555555555555555
12607	2	5.555555555555555
12608	2	5.555555555555555
12609	2	5.555555555555555
12610	2	5.555555555555555
12611	2	5.555555555555555
12612	2	5.555555555555555
12613	2	5.555555555555555
12614	2	5.555555555555555
12615	2	5.555555555555555
12616	2	5.555555555555555
12617	2	5.555555555555555
12618	2	5.555555555555555
12619	2	5.555555555555555
12620	2	5.555555555555555
12621	2	5.555555555555555
12622	2	5.555555555555555
12623	2	5.555555555555555
12624	2	5.555555555555555
12625	2	5.555555555555555
12626	2	5.555555555555555
12627	2	5.555555555555555
12628	2	5.555555555555555
12629	2	5.555555555555555
12630	2	5.555555555555555
12631	2	5.555555555555555
12632	2	5.555555555555555
12633	2	5.555555555555555
12634	2	5.555555555555555
12635	2	5.555555555555555
12636	2	5.555555555555555
12637	2	5.555555555555555
12638	2	5.555555555555555
12639	2	5.555555555555555
12640	2	5.555555555555555
12641	2	5.555555555555555
12642	2	5.555555555555555
12643	2	5.555555555555555
12644	2	5.555555555555555
12645	2	5.555555555555555
12646	2	5.555555555555555
12647	2	5.555555555555555
12648	2	5.555555555555555
12649	2	5.555555555555555
12650	2	5.555555555555555
12651	2	5.555555555555555
12652	2	5.555555555555555
12653	2	5.555555555555555
12654	2	5.555555555555555
12655	2	5.555555555555555
12656	2	5.555555555555555
12657	2	5.555555555555555
12658	2	5.555555555555555
12659	2	5.555555555555555
12660	2	5.555555555555555
12661	2	5.555555555555555
12662	2	5.555555555555555
12663	2	5.555555555555555
12664	2	5.555555555555555
12665	2	5.555555555555555
12666	2	5.555555555555555
12667	2	5.555555555555555
12668	2	5.555555555555555
12669	2	5.555555555555555
12670	2	5.555555555555555
12671	2	5.555555555555555
12672	2	5.555555555555555
12673	2	5.555555555555555
12674	2	5.555555555555555
12675	2	5.555555555555555
12676	2	5.555555555555555
12677	2	5.555555555555555
12678	2	5.555555555555555
12679	2	5.555555555555555
12680	2	5.555555555555555
12681	2	5.555555555555555
12682	2	5.555555555555555
12683	2	5.555555555555555
12684	2	5.555555555555555
12685	2	5.555555555555555
12686	2	5.555555555555555
12687	2	5.555555555555555
12688	2	5.555555555555555
12689	2	5.555555555555555
12690	2	5.555555555555555
12691	2	5.555555555555555
12692	2	5.555555555555555
12693	2	5.555555555555555
12694	2	5.555555555555555
12695	2	5.555555555555555
12696	2	5.555555555555555
12697	2	5.555555555555555
12698	2	5.555555555555555
12699	2	5.555555555555555
12700	2	5.555555555555555
12701	2	5.555555555555555
12702	2	5.555555555555555
12703	2	5.555555555555555
12704	2	5.555555555555555
12705	2	5.555555555555555
12706	2	5.555555555555555
12707	2	5.555555555555555
12708	2	5.555555555555555
12709	2	5.555555555555555
12710	2	5.555555555555555
12711	2	5.555555555555555
12712	2	5.555555555555555
12713	2	5.555555555555555
12714	2	5.555555555555555
12715	2	5.555555555555555
12716	2	5.555555555555555
12717	2	5.555555555555555
12718	2	5.555555555555555
12719	2	5.555555555555555
12720	2	5.555555555555555
12721	2	5.555555555555555
12722	2	5.555555555555555
12723	2	5.555555555555555
12724	2	5.555555555555555
12725	2	5.555555555555555
12726	2	5.555555555555555
12727	2	5.555555555555555
12728	2	5.555555555555555
12729	2	5.555555555555555
12730	2	5.555555555555555
12731	2	5.555555555555555
12732	2	5.555555555555555
12733	2	5.555555555555555
12734	2	5.555555555555555
12735	2	5.555555555555555
12736	2	5.555555555555555
12737	2	5.555555555555555
12738	2	5.555555555555555
12739	2	5.555555555555555
12740	2	5.555555555555555
12741	2	5.555555555555555
12742	2	5.555555555555555
12743	2	5.555555555555555
12744	2	5.555555555555555
12745	2	5.555555555555555
12746	2	5.555555555555555
12747	2	5.555555555555555
12748	2	5.555555555555555
12749	2	5.555555555555555
12750	2	5.555555555555555
12751	2	5.555555555555555
12752	2	5.555555555555555
12753	2	5.555555555555555
12754	2	5.555555555555555
12755	2	5.555555555555555
12756	2	5.555555555555555
12757	2	5.555555555555555
12758	2	5.555555555555555
12759	2	5.555555555555555
12760	2	5.555555555555555
12761	2	5.555555555555555
12762	2	5.555555555555555
12763	2	5.555555555555555
12764	2	5.555555555555555
12765	2	5.555555555555555
12766	2	5.555555555555555
12767	2	5.555555555555555
12768	2	5.555555555555555
12769	2	5.555555555555555
12770	2	5.555555555555555
12771	2	5.555555555555555
12772	2	5.555555555555555
12773	2	5.555555555555555
12774	2	5.555555555555555
12775	2	5.555555555555555
12776	2	5.555555555555555
12777	2	5.555555555555555
12778	2	5.555555555555555
12779	2	5.555555555555555
12780	2	5.555555555555555
12781	2	5.555555555555555
12782	2	5.555555555555555
12783	2	5.555555555555555
12784	2	5.555555555555555
12785	2	5.555555555555555
12786	2	5.555555555555555
12787	2	5.555555555555555
12788	2	5.555555555555555
12789	2	5.555555555555555
12790	2	5.555555555555555
12791	2	5.555555555555555
12792	2	5.555555555555555
12793	2	5.555555555555555
12794	2	5.555555555555555
12795	2	5.555555555555555
12796	2	5.555555555555555
12797	2	5.555555555555555
12798	2	5.555555555555555
12799	2	5.555555555555555
12800	2	5.555555555555555
12801	2	5.555555555555555
12802	2	5.555555555555555
12803	2	5.555555555555555
12804	2	5.555555555555555
12805	2	5.555555555555555
12806	2	5.555555555555555
12807	2	5.555555555555555
12808	2	5.555555555555555
12809	2	5.555555555555555
12810	2	5.555555555555555
12811	2	5.555555555555555
12812	2	5.555555555555555
12813	2	5.555555555555555
12814	2	5.555555555555555
12815	2	5.555555555555555
12816	2	5.555555555555555
12817	2	5.555555555555555
12818	2	5.555555555555555
12819	2	5.555555555555555
12820	2	5.555555555555555
12821	2	5.555555555555555
12822	2	5.555555555555555
12823	2	5.555555555555555
12824	2	5.555555555555555
12825	2	5.555555555555555
12826	2	5.555555555555555
12827	2	5.555555555555555
12828	2	5.555555555555555
12829	2	5.555555555555555
12830	2	5.555555555555555
12831	2	5.555555555555555
12832	2	5.555555555555555
12833	2	5.555555555555555
12834	2	5.555555555555555
12835	2	5.555555555555555
12836	2	5.555555555555555
12837	2	5.555555555555555
12838	2	5.555555555555555
12839	2	5.555555555555555
12840	2	5.555555555555555
12841	2	5.555555555555555
12842	2	5.555555555555555
12843	2	5.555555555555555
12844	2	5.555555555555555
12845	2	5.555555555555555
12846	2	5.555555555555555
12847	2	5.555555555555555
12848	2	5.555555555555555
12849	2	5.555555555555555
12850	2	5.555555555555555
12851	2	5.555555555555555
12852	2	5.555555555555555
12853	2	5.555555555555555
12854	2	5.555555555555555
12855	2	5.555555555555555
12856	2	5.555555555555555
12857	2	5.555555555555555
12858	2	5.555555555555555
12859	2	5.555555555555555
12860	2	5.555555555555555
12861	2	5.555555555555555
12862	2	5.555555555555555
12863	2	5.555555555555555
12864	2	5.555555555555555
12865	2	5.555555555555555
12866	2	5.555555555555555
12867	2	5.555555555555555
12868	2	5.555555555555555
12869	2	5.555555555555555
12870	2	5.555555555555555
12871	2	5.555555555555555
12872	2	5.555555555555555
12873	2	5.555555555555555
12874	2	5.555555555555555
12875	2	5.555555555555555
12876	2	5.555555555555555
12877	2	5.555555555555555
12878	2	5.555555555555555
12879	2	5.555555555555555
12880	2	5.555555555555555
12881	2	5.555555555555555
12882	2	5.555555555555555
12883	2	5.555555555555555
12884	2	5.555555555555555
12885	2	5.555555555555555
12886	2	5.555555555555555
12887	2	5.555555555555555
12888	2	5.555555555555555
12889	2	5.555555555555555
12890	2	5.555555555555555
12891	2	5.555555555555555
12892	2	5.555555555555555
12893	2	5.555555555555555
12894	2	5.555555555555555
12895	2	5.555555555555555
12896	2	5.555555555555555
12897	2	5.555555555555555
12898	2	5.555555555555555
12899	2	5.555555555555555
12900	2	5.555555555555555
12901	2	5.555555555555555
12902	2	5.555555555555555
12903	2	5.555555555555555
12904	2	5.555555555555555
12905	2	5.555555555555555
12906	2	5.555555555555555
12907	2	5.555555555555555
12908	2	5.555555555555555
12909	2	5.555555555555555
12910	2	5.555555555555555
12911	2	5.555555555555555
12912	2	5.555555555555555
12913	2	5.555555555555555
12914	2	5.555555555555555
12915	2	5.555555555555555
12916	2	5.555555555555555
12917	2	5.555555555555555
12918	2	5.555555555555555
12919	2	5.555555555555555
12920	2	5.555555555555555
12921	2	5.555555555555555
12922	2	5.555555555555555
12923	2	5.555555555555555
12924	2	5.555555555555555
12925	2	5.555555555555555
12926	2	5.555555555555555
12927	2	5.555555555555555
12928	2	5.555555555555555
12929	2	5.555555555555555
12930	2	5.555555555555555
12931	2	5.555555555555555
12932	2	5.555555555555555
12933	2	5.555555555555555
12934	2	5.555555555555555
12935	2	5.555555555555555
12936	2	5.555555555555555
12937	2	5.555555555555555
12938	2	5.555555555555555
12939	2	5.555555555555555
12940	2	5.555555555555555
12941	2	5.555555555555555
12942	2	5.555555555555555
12943	2	5.555555555555555
12944	2	5.555555555555555
12945	2	5.555555555555555
12946	2	5.555555555555555
12947	2	5.555555555555555
12948	2	5.555555555555555
12949	2	5.555555555555555
12950	2	5.555555555555555
12951	2	5.555555555555555
12952	2	5.555555555555555
12953	2	5.555555555555555
12954	2	5.555555555555555
12955	2	5.555555555555555
12956	2	5.555555555555555
12957	2	5.555555555555555
12958	2	5.555555555555555
12959	2	5.555555555555555
12960	2	5.555555555555555
12961	2	5.555555555555555
12962	2	5.555555555555555
12963	2	5.555555555555555
12964	2	5.555555555555555
12965	2	5.555555555555555
12966	2	5.555555555555555
12967	2	5.555555555555555
12968	2	5.555555555555555
12969	2	5.555555555555555
12970	2	5.555555555555555
12971	2	5.555555555555555
12972	2	5.555555555555555
12973	2	5.555555555555555
12974	2	5.555555555555555
12975	2	5.555555555555555
12976	2	5.555555555555555
12977	2	5.555555555555555
12978	2	5.555555555555555
12979	2	5.555555555555555
12980	2	5.555555555555555
12981	2	5.555555555555555
12982	2	5.555555555555555
12983	2	5.555555555555555
12984	2	5.555555555555555
12985	2	5.555555555555555
12986	2	5.555555555555555
12987	2	5.555555555555555
12988	2	5.555555555555555
12989	2	5.555555555555555
12990	2	5.555555555555555
12991	2	5.555555555555555
12992	2	5.555555555555555
12993	2	5.555555555555555
12994	2	5.555555555555555
12995	2	5.555555555555555
12996	2	5.555555555555555
12997	2	5.555555555555555
12998	2	5.555555555555555
12999	2	5.555555555555555
13000	2	5.555555555555555
13001	2	5.555555555555555
13002	2	5.555555555555555
13003	2	5.555555555555555
13004	2	5.555555555555555
13005	2	5.555555555555555
13006	2	5.555555555555555
13007	2	5.555555555555555
13008	2	5.555555555555555
13009	2	5.555555555555555
13010	2	5.555555555555555
13011	2	5.555555555555555
13012	2	5.555555555555555
13013	2	5.555555555555555
13014	2	5.555555555555555
13015	2	5.555555555555555
13016	2	5.555555555555555
13017	2	5.555555555555555
13018	2	5.555555555555555
13019	2	5.555555555555555
13020	2	5.555555555555555
13021	2	5.555555555555555
13022	2	5.555555555555555
13023	2	5.555555555555555
13024	2	5.555555555555555
13025	2	5.555555555555555
13026	2	5.555555555555555
13027	2	5.555555555555555
13028	2	5.555555555555555
13029	2	5.555555555555555
13030	2	5.555555555555555
13031	2	5.555555555555555
13032	2	5.555555555555555
13033	2	5.555555555555555
13034	2	5.555555555555555
13035	2	5.555555555555555
13036	2	5.555555555555555
13037	2	5.555555555555555
13038	2	5.555555555555555
13039	2	5.555555555555555
13040	2	5.555555555555555
13041	2	5.555555555555555
13042	2	5.555555555555555
13043	2	5.555555555555555
13044	2	5.555555555555555
13045	2	5.555555555555555
13046	2	5.555555555555555
13047	2	5.555555555555555
13048	2	5.555555555555555
13049	2	5.555555555555555
13050	2	5.555555555555555
13051	2	5.555555555555555
13052	2	5.555555555555555
13053	2	5.555555555555555
13054	2	5.555555555555555
13055	2	5.555555555555555
13056	2	5.555555555555555
13057	2	5.555555555555555
13058	2	5.555555555555555
13059	2	5.555555555555555
13060	2	5.555555555555555
13061	2	5.555555555555555
13062	2	5.555555555555555
13063	2	5.555555555555555
13064	2	5.555555555555555
13065	2	5.555555555555555
13066	2	5.555555555555555
13067	2	5.555555555555555
13068	2	5.555555555555555
13069	2	5.555555555555555
13070	2	5.555555555555555
13071	2	5.555555555555555
13072	2	5.555555555555555
13073	2	5.555555555555555
13074	2	5.555555555555555
13075	2	5.555555555555555
13076	2	5.555555555555555
13077	2	5.555555555555555
13078	2	5.555555555555555
13079	2	5.555555555555555
13080	2	5.555555555555555
13081	2	5.555555555555555
13082	2	5.555555555555555
13083	2	5.555555555555555
13084	2	5.555555555555555
13085	2	5.555555555555555
13086	2	5.555555555555555
13087	2	5.555555555555555
13088	2	5.555555555555555
13089	2	5.555555555555555
13090	2	5.555555555555555
13091	2	5.555555555555555
13092	2	5.555555555555555
13093	2	5.555555555555555
13094	2	5.555555555555555
13095	2	5.555555555555555
13096	2	5.555555555555555
13097	2	5.555555555555555
13098	2	5.555555555555555
13099	2	5.555555555555555
13100	2	5.555555555555555
13101	2	5.555555555555555
13102	2	5.555555555555555
13103	2	5.555555555555555
13104	2	5.555555555555555
13105	2	5.555555555555555
13106	2	5.555555555555555
13107	2	5.555555555555555
13108	2	5.555555555555555
13109	2	5.555555555555555
13110	2	5.555555555555555
13111	2	5.555555555555555
13112	2	5.555555555555555
13113	2	5.555555555555555
13114	2	5.555555555555555
13115	2	5.555555555555555
13116	2	5.555555555555555
13117	2	5.555555555555555
13118	2	5.555555555555555
13119	2	5.555555555555555
13120	2	5.555555555555555
13121	2	5.555555555555555
13122	2	5.555555555555555
13123	2	5.555555555555555
13124	2	5.555555555555555
13125	2	5.555555555555555
13126	2	5.555555555555555
13127	2	5.555555555555555
13128	2	5.555555555555555
13129	2	5.555555555555555
13130	2	5.555555555555555
13131	2	5.555555555555555
13132	2	5.555555555555555
13133	2	5.555555555555555
13134	2	5.555555555555555
13135	2	5.555555555555555
13136	2	5.555555555555555
13137	2	5.555555555555555
13138	2	5.555555555555555
13139	2	5.555555555555555
13140	2	5.555555555555555
13141	2	5.555555555555555
13142	2	5.555555555555555
13143	2	5.555555555555555
13144	2	5.555555555555555
13145	2	5.555555555555555
13146	2	5.555555555555555
13147	2	5.555555555555555
13148	2	5.555555555555555
13149	2	5.555555555555555
13150	2	5.555555555555555
13151	2	5.555555555555555
13152	2	5.555555555555555
13153	2	5.555555555555555
13154	2	5.555555555555555
13155	2	5.555555555555555
13156	2	5.555555555555555
13157	2	5.555555555555555
13158	2	5.555555555555555
13159	2	5.555555555555555
13160	2	5.555555555555555
13161	2	5.555555555555555
13162	2	5.555555555555555
13163	2	5.555555555555555
13164	2	5.555555555555555
13165	2	5.555555555555555
13166	2	5.555555555555555
13167	2	5.555555555555555
13168	2	5.555555555555555
13169	2	5.555555555555555
13170	2	5.555555555555555
13171	2	5.555555555555555
13172	2	5.555555555555555
13173	2	5.555555555555555
13174	2	5.555555555555555
13175	2	5.555555555555555
13176	2	5.555555555555555
13177	2	5.555555555555555
13178	2	5.555555555555555
13179	2	5.555555555555555
13180	2	5.555555555555555
13181	2	5.555555555555555
13182	2	5.555555555555555
13183	2	5.555555555555555
13184	2	5.555555555555555
13185	2	5.555555555555555
13186	2	5.555555555555555
13187	2	5.555555555555555
13188	2	5.555555555555555
13189	2	5.555555555555555
13190	2	5.555555555555555
13191	2	5.555555555555555
13192	2	5.555555555555555
13193	2	5.555555555555555
13194	2	5.555555555555555
13195	2	5.555555555555555
13196	2	5.555555555555555
13197	2	5.555555555555555
13198	2	5.555555555555555
13199	2	5.555555555555555
13200	2	5.555555555555555
13201	2	5.555555555555555
13202	2	5.555555555555555
13203	2	5.555555555555555
13204	2	5.555555555555555
13205	2	5.555555555555555
13206	2	5.555555555555555
13207	2	5.555555555555555
13208	2	5.555555555555555
13209	2	5.555555555555555
13210	2	5.555555555555555
13211	2	5.555555555555555
13212	2	5.555555555555555
13213	2	5.555555555555555
13214	2	5.555555555555555
13215	2	5.555555555555555
13216	2	5.555555555555555
13217	2	5.555555555555555
13218	2	5.555555555555555
13219	2	5.555555555555555
13220	2	5.555555555555555
13221	2	5.555555555555555
13222	2	5.555555555555555
13223	2	5.555555555555555
13224	2	5.555555555555555
13225	2	5.555555555555555
13226	2	5.555555555555555
13227	2	5.555555555555555
13228	2	5.555555555555555
13229	2	5.555555555555555
13230	2	5.555555555555555
13231	2	5.555555555555555
13232	2	5.555555555555555
13233	2	5.555555555555555
13234	2	5.555555555555555
13235	2	5.555555555555555
13236	2	5.555555555555555
13237	2	5.555555555555555
13238	2	5.555555555555555
13239	2	5.555555555555555
13240	2	5.555555555555555
13241	2	5.555555555555555
13242	2	5.555555555555555
13243	2	5.555555555555555
13244	2	5.555555555555555
13245	2	5.555555555555555
13246	2	5.555555555555555
13247	2	5.555555555555555
13248	2	5.555555555555555
13249	2	5.555555555555555
13250	2	5.555555555555555
13251	2	5.555555555555555
13252	2	5.555555555555555
13253	2	5.555555555555555
13254	2	5.555555555555555
13255	2	5.555555555555555
13256	2	5.555555555555555
13257	2	5.555555555555555
13258	2	5.555555555555555
13259	2	5.555555555555555
13260	2	5.555555555555555
13261	2	5.555555555555555
13262	2	5.555555555555555
13263	2	5.555555555555555
13264	2	5.555555555555555
13265	2	5.555555555555555
13266	2	5.555555555555555
13267	2	5.555555555555555
13268	2	5.555555555555555
13269	2	5.555555555555555
13270	2	5.555555555555555
13271	2	5.555555555555555
13272	2	5.555555555555555
13273	2	5.555555555555555
13274	2	5.555555555555555
13275	2	5.555555555555555
13276	2	5.555555555555555
13277	2	5.555555555555555
13278	2	5.555555555555555
13279	2	5.555555555555555
13280	2	5.555555555555555
13281	2	5.555555555555555
13282	2	5.555555555555555
13283	2	5.555555555555555
13284	2	5.555555555555555
13285	2	5.555555555555555
13286	2	5.555555555555555
13287	2	5.555555555555555
13288	2	5.555555555555555
13289	2	5.555555555555555
13290	2	5.555555555555555
13291	2	5.555555555555555
13292	2	5.555555555555555
13293	2	5.555555555555555
13294	2	5.555555555555555
13295	2	5.555555555555555
13296	2	5.555555555555555
13297	2	5.555555555555555
13298	2	5.555555555555555
13299	2	5.555555555555555
13300	2	5.555555555555555
13301	2	5.555555555555555
13302	2	5.555555555555555
13303	2	5.555555555555555
13304	2	5.555555555555555
13305	2	5.555555555555555
13306	2	5.555555555555555
13307	2	5.555555555555555
13308	2	5.555555555555555
13309	2	5.555555555555555
13310	2	5.555555555555555
13311	2	5.555555555555555
13312	2	5.555555555555555
13313	2	5.555555555555555
13314	2	5.555555555555555
13315	2	5.555555555555555
13316	2	5.555555555555555
13317	2	5.555555555555555
13318	2	5.555555555555555
13319	2	5.555555555555555
13320	2	5.555555555555555
13321	2	5.555555555555555
13322	2	5.555555555555555
13323	2	5.555555555555555
13324	2	5.555555555555555
13325	2	5.555555555555555
13326	2	5.555555555555555
13327	2	5.555555555555555
13328	2	5.555555555555555
13329	2	5.555555555555555
13330	2	5.555555555555555
13331	2	5.555555555555555
13332	2	5.555555555555555
13333	2	5.555555555555555
13334	2	5.555555555555555
13335	2	5.555555555555555
13336	2	5.555555555555555
13337	2	5.555555555555555
13338	2	5.555555555555555
13339	2	5.555555555555555
13340	2	5.555555555555555
13341	2	5.555555555555555
13342	2	5.555555555555555
13343	2	5.555555555555555
13344	2	5.555555555555555
13345	2	5.555555555555555
13346	2	5.555555555555555
13347	2	5.555555555555555
13348	2	5.555555555555555
13349	2	5.555555555555555
13350	2	5.555555555555555
13351	2	5.555555555555555
13352	2	5.555555555555555
13353	2	5.555555555555555
13354	2	5.555555555555555
13355	2	5.555555555555555
13356	2	5.555555555555555
13357	2	5.555555555555555
13358	2	5.555555555555555
13359	2	5.555555555555555
13360	2	5.555555555555555
13361	2	5.555555555555555
13362	2	5.555555555555555
13363	2	5.555555555555555
13364	2	5.555555555555555
13365	2	5.555555555555555
13366	2	5.555555555555555
13367	2	5.555555555555555
13368	2	5.555555555555555
13369	2	5.555555555555555
13370	2	5.555555555555555
13371	2	5.555555555555555
13372	2	5.555555555555555
13373	2	5.555555555555555
13374	2	5.555555555555555
13375	2	5.555555555555555
13376	2	5.555555555555555
13377	2	5.555555555555555
13378	2	5.555555555555555
13379	2	5.555555555555555
13380	2	5.555555555555555
13381	2	5.555555555555555
13382	2	5.555555555555555
13383	2	5.555555555555555
13384	2	5.555555555555555
13385	2	5.555555555555555
13386	2	5.555555555555555
13387	2	5.555555555555555
13388	2	5.555555555555555
13389	2	5.555555555555555
13390	2	5.555555555555555
13391	2	5.555555555555555
13392	2	5.555555555555555
13393	2	5.555555555555555
13394	2	5.555555555555555
13395	2	5.555555555555555
13396	2	5.555555555555555
13397	2	5.555555555555555
13398	2	5.555555555555555
13399	2	5.555555555555555
13400	2	5.555555555555555
13401	2	5.555555555555555
13402	2	5.555555555555555
13403	2	5.555555555555555
13404	2	5.555555555555555
13405	2	5.555555555555555
13406	2	5.555555555555555
13407	2	5.555555555555555
13408	2	5.555555555555555
13409	2	5.555555555555555
13410	2	5.555555555555555
13411	2	5.555555555555555
13412	2	5.555555555555555
13413	2	5.555555555555555
13414	2	5.555555555555555
13415	2	5.555555555555555
13416	2	5.555555555555555
13417	2	5.555555555555555
13418	2	5.555555555555555
13419	2	5.555555555555555
13420	2	5.555555555555555
13421	2	5.555555555555555
13422	2	5.555555555555555
13423	2	5.555555555555555
13424	2	5.555555555555555
13425	2	5.555555555555555
13426	2	5.555555555555555
13427	2	5.555555555555555
13428	2	5.555555555555555
13429	2	5.555555555555555
13430	2	5.555555555555555
13431	2	5.555555555555555
13432	2	5.555555555555555
13433	2	5.555555555555555
13434	2	5.555555555555555
13435	2	5.555555555555555
13436	2	5.555555555555555
13437	2	5.555555555555555
13438	2	5.555555555555555
13439	2	5.555555555555555
13440	2	5.555555555555555
13441	2	5.555555555555555
13442	2	5.555555555555555
13443	2	5.555555555555555
13444	2	5.555555555555555
13445	2	5.555555555555555
13446	2	5.555555555555555
13447	2	5.555555555555555
13448	2	5.555555555555555
13449	2	5.555555555555555
13450	2	5.555555555555555
13451	2	5.555555555555555
13452	2	5.555555555555555
13453	2	5.555555555555555
13454	2	5.555555555555555
13455	2	5.555555555555555
13456	2	5.555555555555555
13457	2	5.555555555555555
13458	2	5.555555555555555
13459	2	5.555555555555555
13460	2	5.555555555555555
13461	2	5.555555555555555
13462	2	5.555555555555555
13463	2	5.555555555555555
13464	2	5.555555555555555
13465	2	5.555555555555555
13466	2	5.555555555555555
13467	2	5.555555555555555
13468	2	5.555555555555555
13469	2	5.555555555555555
13470	2	5.555555555555555
13471	2	5.555555555555555
13472	2	5.555555555555555
13473	2	5.555555555555555
13474	2	5.555555555555555
13475	2	5.555555555555555
13476	2	5.555555555555555
13477	2	5.555555555555555
13478	2	5.555555555555555
13479	2	5.555555555555555
13480	2	5.555555555555555
13481	2	5.555555555555555
13482	2	5.555555555555555
13483	2	5.555555555555555
13484	2	5.555555555555555
13485	2	5.555555555555555
13486	2	5.555555555555555
13487	2	5.555555555555555
13488	2	5.555555555555555
13489	2	5.555555555555555
13490	2	5.555555555555555
13491	2	5.555555555555555
13492	2	5.555555555555555
13493	2	5.555555555555555
13494	2	5.555555555555555
13495	2	5.555555555555555
13496	2	5.555555555555555
13497	2	5.555555555555555
13498	2	5.555555555555555
13499	2	5.555555555555555
13500	2	5.555555555555555
13501	2	5.555555555555555
13502	2	5.555555555555555
13503	2	5.555555555555555
13504	2	5.555555555555555
13505	2	5.555555555555555
13506	2	5.555555555555555
13507	2	5.555555555555555
13508	2	5.555555555555555
13509	2	5.555555555555555
13510	2	5.555555555555555
13511	2	5.555555555555555
13512	2	5.555555555555555
13513	2	5.555555555555555
13514	2	5.555555555555555
13515	2	5.555555555555555
13516	2	5.555555555555555
13517	2	5.555555555555555
13518	2	5.555555555555555
13519	2	5.555555555555555
13520	2	5.555555555555555
13521	2	5.555555555555555
13522	2	5.555555555555555
13523	2	5.555555555555555
13524	2	5.555555555555555
13525	2	5.555555555555555
13526	2	5.555555555555555
13527	2	5.555555555555555
13528	2	5.555555555555555
13529	2	5.555555555555555
13530	2	5.555555555555555
13531	2	5.555555555555555
13532	2	5.555555555555555
13533	2	5.555555555555555
13534	2	5.555555555555555
13535	2	5.555555555555555
13536	2	5.555555555555555
13537	2	5.555555555555555
13538	2	5.555555555555555
13539	2	5.555555555555555
13540	2	5.555555555555555
13541	2	5.555555555555555
13542	2	5.555555555555555
13543	2	5.555555555555555
13544	2	5.555555555555555
13545	2	5.555555555555555
13546	2	5.555555555555555
13547	2	5.555555555555555
13548	2	5.555555555555555
13549	2	5.555555555555555
13550	2	5.555555555555555
13551	2	5.555555555555555
13552	2	5.555555555555555
13553	2	5.555555555555555
13554	2	5.555555555555555
13555	2	5.555555555555555
13556	2	5.555555555555555
13557	2	5.555555555555555
13558	2	5.555555555555555
13559	2	5.555555555555555
13560	2	5.555555555555555
13561	2	5.555555555555555
13562	2	5.555555555555555
13563	2	5.555555555555555
13564	2	5.555555555555555
13565	2	5.555555555555555
13566	2	5.555555555555555
13567	2	5.555555555555555
13568	2	5.555555555555555
13569	2	5.555555555555555
13570	2	5.555555555555555
13571	2	5.555555555555555
13572	2	5.555555555555555
13573	2	5.555555555555555
13574	2	5.555555555555555
13575	2	5.555555555555555
13576	2	5.555555555555555
13577	2	5.555555555555555
13578	2	5.555555555555555
13579	2	5.555555555555555
13580	2	5.555555555555555
13581	2	5.555555555555555
13582	2	5.555555555555555
13583	2	5.555555555555555
13584	2	5.555555555555555
13585	2	5.555555555555555
13586	2	5.555555555555555
13587	2	5.555555555555555
13588	2	5.555555555555555
13589	2	5.555555555555555
13590	2	5.555555555555555
13591	2	5.555555555555555
13592	2	5.555555555555555
13593	2	5.555555555555555
13594	2	5.555555555555555
13595	2	5.555555555555555
13596	2	5.555555555555555
13597	2	5.555555555555555
13598	2	5.555555555555555
13599	2	5.555555555555555
13600	2	5.555555555555555
13601	2	5.555555555555555
13602	2	5.555555555555555
13603	2	5.555555555555555
13604	2	5.555555555555555
13605	2	5.555555555555555
13606	2	5.555555555555555
13607	2	5.555555555555555
13608	2	5.555555555555555
13609	2	5.555555555555555
13610	2	5.555555555555555
13611	2	5.555555555555555
13612	2	5.555555555555555
13613	2	5.555555555555555
13614	2	5.555555555555555
13615	2	5.555555555555555
13616	2	5.555555555555555
13617	2	5.555555555555555
13618	2	5.555555555555555
13619	2	5.555555555555555
13620	2	5.555555555555555
13621	2	5.555555555555555
13622	2	5.555555555555555
13623	2	5.555555555555555
13624	2	5.555555555555555
13625	2	5.555555555555555
13626	2	5.555555555555555
13627	2	5.555555555555555
13628	2	5.555555555555555
13629	2	5.555555555555555
13630	2	5.555555555555555
13631	2	5.555555555555555
13632	2	5.555555555555555
13633	2	5.555555555555555
13634	2	5.555555555555555
13635	2	5.555555555555555
13636	2	5.555555555555555
13637	2	5.555555555555555
13638	2	5.555555555555555
13639	2	5.555555555555555
13640	2	5.555555555555555
13641	2	5.555555555555555
13642	2	5.555555555555555
13643	2	5.555555555555555
13644	2	5.555555555555555
13645	2	5.555555555555555
13646	2	5.555555555555555
13647	2	5.555555555555555
13648	2	5.555555555555555
13649	2	5.555555555555555
13650	2	5.555555555555555
13651	2	5.555555555555555
13652	2	5.555555555555555
13653	2	5.555555555555555
13654	2	5.555555555555555
13655	2	5.555555555555555
13656	2	5.555555555555555
13657	2	5.555555555555555
13658	2	5.555555555555555
13659	2	5.555555555555555
13660	2	5.555555555555555
13661	2	5.555555555555555
13662	2	5.555555555555555
13663	2	5.555555555555555
13664	2	5.555555555555555
13665	2	5.555555555555555
13666	2	5.555555555555555
13667	2	5.555555555555555
13668	2	5.555555555555555
13669	2	5.555555555555555
13670	2	5.555555555555555
13671	2	5.555555555555555
13672	2	5.555555555555555
13673	2	5.555555555555555
13674	2	5.555555555555555
13675	2	5.555555555555555
13676	2	5.555555555555555
13677	2	5.555555555555555
13678	2	5.555555555555555
13679	2	5.555555555555555
13680	2	5.555555555555555
13681	2	5.555555555555555
13682	2	5.555555555555555
13683	2	5.555555555555555
13684	2	5.555555555555555
13685	2	5.555555555555555
13686	2	5.555555555555555
13687	2	5.555555555555555
13688	2	5.555555555555555
13689	2	5.555555555555555
13690	2	5.555555555555555
13691	2	5.555555555555555
13692	2	5.555555555555555
13693	2	5.555555555555555
13694	2	5.555555555555555
13695	2	5.555555555555555
13696	2	5.555555555555555
13697	2	5.555555555555555
13698	2	5.555555555555555
13699	2	5.555555555555555
13700	2	5.555555555555555
13701	2	5.555555555555555
13702	2	5.555555555555555
13703	2	5.555555555555555
13704	2	5.555555555555555
13705	2	5.555555555555555
13706	2	5.555555555555555
13707	2	5.555555555555555
13708	2	5.555555555555555
13709	2	5.555555555555555
13710	2	5.555555555555555
13711	2	5.555555555555555
13712	2	5.555555555555555
13713	2	5.555555555555555
13714	2	5.555555555555555
13715	2	5.555555555555555
13716	2	5.555555555555555
13717	2	5.555555555555555
13718	2	5.555555555555555
13719	2	5.555555555555555
13720	2	5.555555555555555
13721	2	5.555555555555555
13722	2	5.555555555555555
13723	2	5.555555555555555
13724	2	5.555555555555555
13725	2	5.555555555555555
13726	2	5.555555555555555
13727	2	5.555555555555555
13728	2	5.555555555555555
13729	2	5.555555555555555
13730	2	5.555555555555555
13731	2	5.555555555555555
13732	2	5.555555555555555
13733	2	5.555555555555555
13734	2	5.555555555555555
13735	2	5.555555555555555
13736	2	5.555555555555555
13737	2	5.555555555555555
13738	2	5.555555555555555
13739	2	5.555555555555555
13740	2	5.555555555555555
13741	2	5.555555555555555
13742	2	5.555555555555555
13743	2	5.555555555555555
13744	2	5.555555555555555
13745	2	5.555555555555555
13746	2	5.555555555555555
13747	2	5.555555555555555
13748	2	5.555555555555555
13749	2	5.555555555555555
13750	2	5.555555555555555
13751	2	5.555555555555555
13752	2	5.555555555555555
13753	2	5.555555555555555
13754	2	5.555555555555555
13755	2	5.555555555555555
13756	2	5.555555555555555
13757	2	5.555555555555555
13758	2	5.555555555555555
13759	2	5.555555555555555
13760	2	5.555555555555555
13761	2	5.555555555555555
13762	2	5.555555555555555
13763	2	5.555555555555555
13764	2	5.555555555555555
13765	2	5.555555555555555
13766	2	5.555555555555555
13767	2	5.555555555555555
13768	2	5.555555555555555
13769	2	5.555555555555555
13770	2	5.555555555555555
13771	2	5.555555555555555
13772	2	5.555555555555555
13773	2	5.555555555555555
13774	2	5.555555555555555
13775	2	5.555555555555555
13776	2	5.555555555555555
13777	2	5.555555555555555
13778	2	5.555555555555555
13779	2	5.555555555555555
13780	2	5.555555555555555
13781	2	5.555555555555555
13782	2	5.555555555555555
13783	2	5.555555555555555
13784	2	5.555555555555555
13785	2	5.555555555555555
13786	2	5.555555555555555
13787	2	5.555555555555555
13788	2	5.555555555555555
13789	2	5.555555555555555
13790	2	5.555555555555555
13791	2	5.555555555555555
13792	2	5.555555555555555
13793	2	5.555555555555555
13794	2	5.555555555555555
13795	2	5.555555555555555
13796	2	5.555555555555555
13797	2	5.555555555555555
13798	2	5.555555555555555
13799	2	5.555555555555555
13800	2	5.555555555555555
13801	2	5.555555555555555
13802	2	5.555555555555555
13803	2	5.555555555555555
13804	2	5.555555555555555
13805	2	5.555555555555555
13806	2	5.555555555555555
13807	2	5.555555555555555
13808	2	5.555555555555555
13809	2	5.555555555555555
13810	2	5.555555555555555
13811	2	5.555555555555555
13812	2	5.555555555555555
13813	2	5.555555555555555
13814	2	5.555555555555555
13815	2	5.555555555555555
13816	2	5.555555555555555
13817	2	5.555555555555555
13818	2	5.555555555555555
13819	2	5.555555555555555
13820	2	5.555555555555555
13821	2	5.555555555555555
13822	2	5.555555555555555
13823	2	5.555555555555555
13824	2	5.555555555555555
13825	2	5.555555555555555
13826	2	5.555555555555555
13827	2	5.555555555555555
13828	2	5.555555555555555
13829	2	5.555555555555555
13830	2	5.555555555555555
13831	2	5.555555555555555
13832	2	5.555555555555555
13833	2	5.555555555555555
13834	2	5.555555555555555
13835	2	5.555555555555555
13836	2	5.555555555555555
13837	2	5.555555555555555
13838	2	5.555555555555555
13839	2	5.555555555555555
13840	2	5.555555555555555
13841	2	5.555555555555555
13842	2	5.555555555555555
13843	2	5.555555555555555
13844	2	5.555555555555555
13845	2	5.555555555555555
13846	2	5.555555555555555
13847	2	5.555555555555555
13848	2	5.555555555555555
13849	2	5.555555555555555
13850	2	5.555555555555555
13851	2	5.555555555555555
13852	2	5.555555555555555
13853	2	5.555555555555555
13854	2	5.555555555555555
13855	2	5.555555555555555
13856	2	5.555555555555555
13857	2	5.555555555555555
13858	2	5.555555555555555
13859	2	5.555555555555555
13860	2	5.555555555555555
13861	2	5.555555555555555
13862	2	5.555555555555555
13863	2	5.555555555555555
13864	2	5.555555555555555
13865	2	5.555555555555555
13866	2	5.555555555555555
13867	2	5.555555555555555
13868	2	5.555555555555555
13869	2	5.555555555555555
13870	2	5.555555555555555
13871	2	5.555555555555555
13872	2	5.555555555555555
13873	2	5.555555555555555
13874	2	5.555555555555555
13875	2	5.555555555555555
13876	2	5.555555555555555
13877	2	5.555555555555555
13878	2	5.555555555555555
13879	2	5.555555555555555
13880	2	5.555555555555555
13881	2	5.555555555555555
13882	2	5.555555555555555
13883	2	5.555555555555555
13884	2	5.555555555555555
13885	2	5.555555555555555
13886	2	5.555555555555555
13887	2	5.555555555555555
13888	2	5.555555555555555
13889	2	5.555555555555555
13890	2	5.555555555555555
13891	2	5.555555555555555
13892	2	5.555555555555555
13893	2	5.555555555555555
13894	2	5.555555555555555
13895	2	5.555555555555555
13896	2	5.555555555555555
13897	2	5.555555555555555
13898	2	5.555555555555555
13899	2	5.555555555555555
13900	2	5.555555555555555
13901	2	5.555555555555555
13902	2	5.555555555555555
13903	2	5.555555555555555
13904	2	5.555555555555555
13905	2	5.555555555555555
13906	2	5.555555555555555
13907	2	5.555555555555555
13908	2	5.555555555555555
13909	2	5.555555555555555
13910	2	5.555555555555555
13911	2	5.555555555555555
13912	2	5.555555555555555
13913	2	5.555555555555555
13914	2	5.555555555555555
13915	2	5.555555555555555
13916	2	5.555555555555555
13917	2	5.555555555555555
13918	2	5.555555555555555
13919	2	5.555555555555555
13920	2	5.555555555555555
13921	2	5.555555555555555
13922	2	5.555555555555555
13923	2	5.555555555555555
13924	2	5.555555555555555
13925	2	5.555555555555555
13926	2	5.555555555555555
13927	2	5.555555555555555
13928	2	5.555555555555555
13929	2	5.555555555555555
13930	2	5.555555555555555
13931	2	5.555555555555555
13932	2	5.555555555555555
13933	2	5.555555555555555
13934	2	5.555555555555555
13935	2	5.555555555555555
13936	2	5.555555555555555
13937	2	5.555555555555555
13938	2	5.555555555555555
13939	2	5.555555555555555
13940	2	5.555555555555555
13941	2	5.555555555555555
13942	2	5.555555555555555
13943	2	5.555555555555555
13944	2	5.555555555555555
13945	2	5.555555555555555
13946	2	5.555555555555555
13947	2	5.555555555555555
13948	2	5.555555555555555
13949	2	5.555555555555555
13950	2	5.555555555555555
13951	2	5.555555555555555
13952	2	5.555555555555555
13953	2	5.555555555555555
13954	2	5.555555555555555
13955	2	5.555555555555555
13956	2	5.555555555555555
13957	2	5.555555555555555
13958	2	5.555555555555555
13959	2	5.555555555555555
13960	2	5.555555555555555
13961	2	5.555555555555555
13962	2	5.555555555555555
13963	2	5.555555555555555
13964	2	5.555555555555555
13965	2	5.555555555555555
13966	2	5.555555555555555
13967	2	5.555555555555555
13968	2	5.555555555555555
13969	2	5.555555555555555
13970	2	5.555555555555555
13971	2	5.555555555555555
13972	2	5.555555555555555
13973	2	5.555555555555555
13974	2	5.555555555555555
13975	2	5.555555555555555
13976	2	5.555555555555555
13977	2	5.555555555555555
13978	2	5.555555555555555
13979	2	5.555555555555555
13980	2	5.555555555555555
13981	2	5.555555555555555
13982	2	5.555555555555555
13983	2	5.555555555555555
13984	2	5.555555555555555
13985	2	5.555555555555555
13986	2	5.555555555555555
13987	2	5.555555555555555
13988	2	5.555555555555555
13989	2	5.555555555555555
13990	2	5.555555555555555
13991	2	5.555555555555555
13992	2	5.555555555555555
13993	2	5.555555555555555
13994	2	5.555555555555555
13995	2	5.555555555555555
13996	2	5.555555555555555
13997	2	5.555555555555555
13998	2	5.555555555555555
13999	2	5.555555555555555
14000	2	5.555555555555555
14001	2	5.555555555555555
14002	2	5.555555555555555
14003	2	5.555555555555555
14004	2	5.555555555555555
14005	2	5.555555555555555
14006	2	5.555555555555555
14007	2	5.555555555555555
14008	2	5.555555555555555
14009	2	5.555555555555555
14010	2	5.555555555555555
14011	2	5.555555555555555
14012	2	5.555555555555555
14013	2	5.555555555555555
14014	2	5.555555555555555
14015	2	5.555555555555555
14016	2	5.555555555555555
14017	2	5.555555555555555
14018	2	5.555555555555555
14019	2	5.555555555555555
14020	2	5.555555555555555
14021	2	5.555555555555555
14022	2	5.555555555555555
14023	2	5.555555555555555
14024	2	5.555555555555555
14025	2	5.555555555555555
14026	2	5.555555555555555
14027	2	5.555555555555555
14028	2	5.555555555555555
14029	2	5.555555555555555
14030	2	5.555555555555555
14031	2	5.555555555555555
14032	2	5.555555555555555
14033	2	5.555555555555555
14034	2	5.555555555555555
14035	2	5.555555555555555
14036	2	5.555555555555555
14037	2	5.555555555555555
14038	2	5.555555555555555
14039	2	5.555555555555555
14040	2	5.555555555555555
14041	2	5.555555555555555
14042	2	5.555555555555555
14043	2	5.555555555555555
14044	2	5.555555555555555
14045	2	5.555555555555555
14046	2	5.555555555555555
14047	2	5.555555555555555
14048	2	5.555555555555555
14049	2	5.555555555555555
14050	2	5.555555555555555
14051	2	5.555555555555555
14052	2	5.555555555555555
14053	2	5.555555555555555
14054	2	5.555555555555555
14055	2	5.555555555555555
14056	2	5.555555555555555
14057	2	5.555555555555555
14058	2	5.555555555555555
14059	2	5.555555555555555
14060	2	5.555555555555555
14061	2	5.555555555555555
14062	2	5.555555555555555
14063	2	5.555555555555555
14064	2	5.555555555555555
14065	2	5.555555555555555
14066	2	5.555555555555555
14067	2	5.555555555555555
14068	2	5.555555555555555
14069	2	5.555555555555555
14070	2	5.555555555555555
14071	2	5.555555555555555
14072	2	5.555555555555555
14073	2	5.555555555555555
14074	2	5.555555555555555
14075	2	5.555555555555555
14076	2	5.555555555555555
14077	2	5.555555555555555
14078	2	5.555555555555555
14079	2	5.555555555555555
14080	2	5.555555555555555
14081	2	5.555555555555555
14082	2	5.555555555555555
14083	2	5.555555555555555
14084	2	5.555555555555555
14085	2	5.555555555555555
14086	2	5.555555555555555
14087	2	5.555555555555555
14088	2	5.555555555555555
14089	2	5.555555555555555
14090	2	5.555555555555555
14091	2	5.555555555555555
14092	2	5.555555555555555
14093	2	5.555555555555555
14094	2	5.555555555555555
14095	2	5.555555555555555
14096	2	5.555555555555555
14097	2	5.555555555555555
14098	2	5.555555555555555
14099	2	5.555555555555555
14100	2	5.555555555555555
14101	2	5.555555555555555
14102	2	5.555555555555555
14103	2	5.555555555555555
14104	2	5.555555555555555
14105	2	5.555555555555555
14106	2	5.555555555555555
14107	2	5.555555555555555
14108	2	5.555555555555555
14109	2	5.555555555555555
14110	2	5.555555555555555
14111	2	5.555555555555555
14112	2	5.555555555555555
14113	2	5.555555555555555
14114	2	5.555555555555555
14115	2	5.555555555555555
14116	2	5.555555555555555
14117	2	5.555555555555555
14118	2	5.555555555555555
14119	2	5.555555555555555
14120	2	5.555555555555555
14121	2	5.555555555555555
14122	2	5.555555555555555
14123	2	5.555555555555555
14124	2	5.555555555555555
14125	2	5.555555555555555
14126	2	5.555555555555555
14127	2	5.555555555555555
14128	2	5.555555555555555
14129	2	5.555555555555555
14130	2	5.555555555555555
14131	2	5.555555555555555
14132	2	5.555555555555555
14133	2	5.555555555555555
14134	2	5.555555555555555
14135	2	5.555555555555555
14136	2	5.555555555555555
14137	2	5.555555555555555
14138	2	5.555555555555555
14139	2	5.555555555555555
14140	2	5.555555555555555
14141	2	5.555555555555555
14142	2	5.555555555555555
14143	2	5.555555555555555
14144	2	5.555555555555555
14145	2	5.555555555555555
14146	2	5.555555555555555
14147	2	5.555555555555555
14148	2	5.555555555555555
14149	2	5.555555555555555
14150	2	5.555555555555555
14151	2	5.555555555555555
14152	2	5.555555555555555
14153	2	5.555555555555555
14154	2	5.555555555555555
14155	2	5.555555555555555
14156	2	5.555555555555555
14157	2	5.555555555555555
14158	2	5.555555555555555
14159	2	5.555555555555555
14160	2	5.555555555555555
14161	2	5.555555555555555
14162	2	5.555555555555555
14163	2	5.555555555555555
14164	2	5.555555555555555
14165	2	5.555555555555555
14166	2	5.555555555555555
14167	2	5.555555555555555
14168	2	5.555555555555555
14169	2	5.555555555555555
14170	2	5.555555555555555
14171	2	5.555555555555555
14172	2	5.555555555555555
14173	2	5.555555555555555
14174	2	5.555555555555555
14175	2	5.555555555555555
14176	2	5.555555555555555
14177	2	5.555555555555555
14178	2	5.555555555555555
14179	2	5.555555555555555
14180	2	5.555555555555555
14181	2	5.555555555555555
14182	2	5.555555555555555
14183	2	5.555555555555555
14184	2	5.555555555555555
14185	2	5.555555555555555
14186	2	5.555555555555555
14187	2	5.555555555555555
14188	2	5.555555555555555
14189	2	5.555555555555555
14190	2	5.555555555555555
14191	2	5.555555555555555
14192	2	5.555555555555555
14193	2	5.555555555555555
14194	2	5.555555555555555
14195	2	5.555555555555555
14196	2	5.555555555555555
14197	2	5.555555555555555
14198	2	5.555555555555555
14199	2	5.555555555555555
14200	2	5.555555555555555
14201	2	5.555555555555555
14202	2	5.555555555555555
14203	2	5.555555555555555
14204	2	5.555555555555555
14205	2	5.555555555555555
14206	2	5.555555555555555
14207	2	5.555555555555555
14208	2	5.555555555555555
14209	2	5.555555555555555
14210	2	5.555555555555555
14211	2	5.555555555555555
14212	2	5.555555555555555
14213	2	5.555555555555555
14214	2	5.555555555555555
14215	2	5.555555555555555
14216	2	5.555555555555555
14217	2	5.555555555555555
14218	2	5.555555555555555
14219	2	5.555555555555555
14220	2	5.555555555555555
14221	2	5.555555555555555
14222	2	5.555555555555555
14223	2	5.555555555555555
14224	2	5.555555555555555
14225	2	5.555555555555555
14226	2	5.555555555555555
14227	2	5.555555555555555
14228	2	5.555555555555555
14229	2	5.555555555555555
14230	2	5.555555555555555
14231	2	5.555555555555555
14232	2	5.555555555555555
14233	2	5.555555555555555
14234	2	5.555555555555555
14235	2	5.555555555555555
14236	2	5.555555555555555
14237	2	5.555555555555555
14238	2	5.555555555555555
14239	2	5.555555555555555
14240	2	5.555555555555555
14241	2	5.555555555555555
14242	2	5.555555555555555
14243	2	5.555555555555555
14244	2	5.555555555555555
14245	2	5.555555555555555
14246	2	5.555555555555555
14247	2	5.555555555555555
14248	2	5.555555555555555
14249	2	5.555555555555555
14250	2	5.555555555555555
14251	2	5.555555555555555
14252	2	5.555555555555555
14253	2	5.555555555555555
14254	2	5.555555555555555
14255	2	5.555555555555555
14256	2	5.555555555555555
14257	2	5.555555555555555
14258	2	5.555555555555555
14259	2	5.555555555555555
14260	2	5.555555555555555
14261	2	5.555555555555555
14262	2	5.555555555555555
14263	2	5.555555555555555
14264	2	5.555555555555555
14265	2	5.555555555555555
14266	2	5.555555555555555
14267	2	5.555555555555555
14268	2	5.555555555555555
14269	2	5.555555555555555
14270	2	5.555555555555555
14271	2	5.555555555555555
14272	2	5.555555555555555
14273	2	5.555555555555555
14274	2	5.555555555555555
14275	2	5.555555555555555
14276	2	5.555555555555555
14277	2	5.555555555555555
14278	2	5.555555555555555
14279	2	5.555555555555555
14280	2	5.555555555555555
14281	2	5.555555555555555
14282	2	5.555555555555555
14283	2	5.555555555555555
14284	2	5.555555555555555
14285	2	5.555555555555555
14286	2	5.555555555555555
14287	2	5.555555555555555
14288	2	5.555555555555555
14289	2	5.555555555555555
14290	2	5.555555555555555
14291	2	5.555555555555555
14292	2	5.555555555555555
14293	2	5.555555555555555
14294	2	5.555555555555555
14295	2	5.555555555555555
14296	2	5.555555555555555
14297	2	5.555555555555555
14298	2	5.555555555555555
14299	2	5.555555555555555
14300	2	5.555555555555555
14301	2	5.555555555555555
14302	2	5.555555555555555
14303	2	5.555555555555555
14304	2	5.555555555555555
14305	2	5.555555555555555
14306	2	5.555555555555555
14307	2	5.555555555555555
14308	2	5.555555555555555
14309	2	5.555555555555555
14310	2	5.555555555555555
14311	2	5.555555555555555
14312	2	5.555555555555555
14313	2	5.555555555555555
14314	2	5.555555555555555
14315	2	5.555555555555555
14316	2	5.555555555555555
14317	2	5.555555555555555
14318	2	5.555555555555555
14319	2	5.555555555555555
14320	2	5.555555555555555
14321	2	5.555555555555555
14322	2	5.555555555555555
14323	2	5.555555555555555
14324	2	5.555555555555555
14325	2	5.555555555555555
14326	2	5.555555555555555
14327	2	5.555555555555555
14328	2	5.555555555555555
14329	2	5.555555555555555
14330	2	5.555555555555555
14331	2	5.555555555555555
14332	2	5.555555555555555
14333	2	5.555555555555555
14334	2	5.555555555555555
14335	2	5.555555555555555
14336	2	5.555555555555555
14337	2	5.555555555555555
14338	2	5.555555555555555
14339	2	5.555555555555555
14340	2	5.555555555555555
14341	2	5.555555555555555
14342	2	5.555555555555555
14343	2	5.555555555555555
14344	2	5.555555555555555
14345	2	5.555555555555555
14346	2	5.555555555555555
14347	2	5.555555555555555
14348	2	5.555555555555555
14349	2	5.555555555555555
14350	2	5.555555555555555
14351	2	5.555555555555555
14352	2	5.555555555555555
14353	2	5.555555555555555
14354	2	5.555555555555555
14355	2	5.555555555555555
14356	2	5.555555555555555
14357	2	5.555555555555555
14358	2	5.555555555555555
14359	2	5.555555555555555
14360	2	5.555555555555555
14361	2	5.555555555555555
14362	2	5.555555555555555
14363	2	5.555555555555555
14364	2	5.555555555555555
14365	2	5.555555555555555
14366	2	5.555555555555555
14367	2	5.555555555555555
14368	2	5.555555555555555
14369	2	5.555555555555555
14370	2	5.555555555555555
14371	2	5.555555555555555
14372	2	5.555555555555555
14373	2	5.555555555555555
14374	2	5.555555555555555
14375	2	5.555555555555555
14376	2	5.555555555555555
14377	2	5.555555555555555
14378	2	5.555555555555555
14379	2	5.555555555555555
14380	2	5.555555555555555
14381	2	5.555555555555555
14382	2	5.555555555555555
14383	2	5.555555555555555
14384	2	5.555555555555555
14385	2	5.555555555555555
14386	2	5.555555555555555
14387	2	5.555555555555555
14388	2	5.555555555555555
14389	2	5.555555555555555
14390	2	5.555555555555555
14391	2	5.555555555555555
14392	2	5.555555555555555
14393	2	5.555555555555555
14394	2	5.555555555555555
14395	2	5.555555555555555
14396	2	5.555555555555555
14397	2	5.555555555555555
14398	2	5.555555555555555
14399	2	5.555555555555555
14400	2	5.555555555555555
14401	2	5.555555555555555
14402	2	5.555555555555555
14403	2	5.555555555555555
14404	2	5.555555555555555
14405	2	5.555555555555555
14406	2	5.555555555555555
14407	2	5.555555555555555
14408	2	5.555555555555555
14409	2	5.555555555555555
14410	2	5.555555555555555
14411	2	5.555555555555555
14412	2	5.555555555555555
14413	2	5.555555555555555
14414	2	5.555555555555555
14415	2	5.555555555555555
14416	2	5.555555555555555
14417	2	5.555555555555555
14418	2	5.555555555555555
14419	2	5.555555555555555
14420	2	5.555555555555555
14421	2	5.555555555555555
14422	2	5.555555555555555
14423	2	5.555555555555555
14424	2	5.555555555555555
14425	2	5.555555555555555
14426	2	5.555555555555555
14427	2	5.555555555555555
14428	2	5.555555555555555
14429	2	5.555555555555555
14430	2	5.555555555555555
14431	2	5.555555555555555
14432	2	5.555555555555555
14433	2	5.555555555555555
14434	2	5.555555555555555
14435	2	5.555555555555555
14436	2	5.555555555555555
14437	2	5.555555555555555
14438	2	5.555555555555555
14439	2	5.555555555555555
14440	2	5.555555555555555
14441	2	5.555555555555555
14442	2	5.555555555555555
14443	2	5.555555555555555
14444	2	5.555555555555555
14445	2	5.555555555555555
14446	2	5.555555555555555
14447	2	5.555555555555555
14448	2	5.555555555555555
14449	2	5.555555555555555
14450	2	5.555555555555555
14451	2	5.555555555555555
14452	2	5.555555555555555
14453	2	5.555555555555555
14454	2	5.555555555555555
14455	2	5.555555555555555
14456	2	5.555555555555555
14457	2	5.555555555555555
14458	2	5.555555555555555
14459	2	5.555555555555555
14460	2	5.555555555555555
14461	2	5.555555555555555
14462	2	5.555555555555555
14463	2	5.555555555555555
14464	2	5.555555555555555
14465	2	5.555555555555555
14466	2	5.555555555555555
14467	2	5.555555555555555
14468	2	5.555555555555555
14469	2	5.555555555555555
14470	2	5.555555555555555
14471	2	5.555555555555555
14472	2	5.555555555555555
14473	2	5.555555555555555
14474	2	5.555555555555555
14475	2	5.555555555555555
14476	2	5.555555555555555
14477	2	5.555555555555555
14478	2	5.555555555555555
14479	2	5.555555555555555
14480	2	5.555555555555555
14481	2	5.555555555555555
14482	2	5.555555555555555
14483	2	5.555555555555555
14484	2	5.555555555555555
14485	2	5.555555555555555
14486	2	5.555555555555555
14487	2	5.555555555555555
14488	2	5.555555555555555
14489	2	5.555555555555555
14490	2	5.555555555555555
14491	2	5.555555555555555
14492	2	5.555555555555555
14493	2	5.555555555555555
14494	2	5.555555555555555
14495	2	5.555555555555555
14496	2	5.555555555555555
14497	2	5.555555555555555
14498	2	5.555555555555555
14499	2	5.555555555555555
14500	2	5.555555555555555
14501	2	5.555555555555555
14502	2	5.555555555555555
14503	2	5.555555555555555
14504	2	5.555555555555555
14505	2	5.555555555555555
14506	2	5.555555555555555
14507	2	5.555555555555555
14508	2	5.555555555555555
14509	2	5.555555555555555
14510	2	5.555555555555555
14511	2	5.555555555555555
14512	2	5.555555555555555
14513	2	5.555555555555555
14514	2	5.555555555555555
14515	2	5.555555555555555
14516	2	5.555555555555555
14517	2	5.555555555555555
14518	2	5.555555555555555
14519	2	5.555555555555555
14520	2	5.555555555555555
14521	2	5.555555555555555
14522	2	5.555555555555555
14523	2	5.555555555555555
14524	2	5.555555555555555
14525	2	5.555555555555555
14526	2	5.555555555555555
14527	2	5.555555555555555
14528	2	5.555555555555555
14529	2	5.555555555555555
14530	2	5.555555555555555
14531	2	5.555555555555555
14532	2	5.555555555555555
14533	2	5.555555555555555
14534	2	5.555555555555555
14535	2	5.555555555555555
14536	2	5.555555555555555
14537	2	5.555555555555555
14538	2	5.555555555555555
14539	2	5.555555555555555
14540	2	5.555555555555555
14541	2	5.555555555555555
14542	2	5.555555555555555
14543	2	5.555555555555555
14544	2	5.555555555555555
14545	2	5.555555555555555
14546	2	5.555555555555555
14547	2	5.555555555555555
14548	2	5.555555555555555
14549	2	5.555555555555555
14550	2	5.555555555555555
14551	2	5.555555555555555
14552	2	5.555555555555555
14553	2	5.555555555555555
14554	2	5.555555555555555
14555	2	5.555555555555555
14556	2	5.555555555555555
14557	2	5.555555555555555
14558	2	5.555555555555555
14559	2	5.555555555555555
14560	2	5.555555555555555
14561	2	5.555555555555555
14562	2	5.555555555555555
14563	2	5.555555555555555
14564	2	5.555555555555555
14565	2	5.555555555555555
14566	2	5.555555555555555
14567	2	5.555555555555555
14568	2	5.555555555555555
14569	2	5.555555555555555
14570	2	5.555555555555555
14571	2	5.555555555555555
14572	2	5.555555555555555
14573	2	5.555555555555555
14574	2	5.555555555555555
14575	2	5.555555555555555
14576	2	5.555555555555555
14577	2	5.555555555555555
14578	2	5.555555555555555
14579	2	5.555555555555555
14580	2	5.555555555555555
14581	2	5.555555555555555
14582	2	5.555555555555555
14583	2	5.555555555555555
14584	2	5.555555555555555
14585	2	5.555555555555555
14586	2	5.555555555555555
14587	2	5.555555555555555
14588	2	5.555555555555555
14589	2	5.555555555555555
14590	2	5.555555555555555
14591	2	5.555555555555555
14592	2	5.555555555555555
14593	2	5.555555555555555
14594	2	5.555555555555555
14595	2	5.555555555555555
14596	2	5.555555555555555
14597	2	5.555555555555555
14598	2	5.555555555555555
14599	2	5.555555555555555
14600	2	5.555555555555555
14601	2	5.555555555555555
14602	2	5.555555555555555
14603	2	5.555555555555555
14604	2	5.555555555555555
14605	2	5.555555555555555
14606	2	5.555555555555555
14607	2	5.555555555555555
14608	2	5.555555555555555
14609	2	5.555555555555555
14610	2	5.555555555555555
14611	2	5.555555555555555
14612	2	5.555555555555555
14613	2	5.555555555555555
14614	2	5.555555555555555
14615	2	5.555555555555555
14616	2	5.555555555555555
14617	2	5.555555555555555
14618	2	5.555555555555555
14619	2	5.555555555555555
14620	2	5.555555555555555
14621	2	5.555555555555555
14622	2	5.555555555555555
14623	2	5.555555555555555
14624	2	5.555555555555555
14625	2	5.555555555555555
14626	2	5.555555555555555
14627	2	5.555555555555555
14628	2	5.555555555555555
14629	2	5.555555555555555
14630	2	5.555555555555555
14631	2	5.555555555555555
14632	2	5.555555555555555
14633	2	5.555555555555555
14634	2	5.555555555555555
14635	2	5.555555555555555
14636	2	5.555555555555555
14637	2	5.555555555555555
14638	2	5.555555555555555
14639	2	5.555555555555555
14640	2	5.555555555555555
14641	2	5.555555555555555
14642	2	5.555555555555555
14643	2	5.555555555555555
14644	2	5.555555555555555
14645	2	5.555555555555555
14646	2	5.555555555555555
14647	2	5.555555555555555
14648	2	5.555555555555555
14649	2	5.555555555555555
14650	2	5.555555555555555
14651	2	5.555555555555555
14652	2	5.555555555555555
14653	2	5.555555555555555
14654	2	5.555555555555555
14655	2	5.555555555555555
14656	2	5.555555555555555
14657	2	5.555555555555555
14658	2	5.555555555555555
14659	2	5.555555555555555
14660	2	5.555555555555555
14661	2	5.555555555555555
14662	2	5.555555555555555
14663	2	5.555555555555555
14664	2	5.555555555555555
14665	2	5.555555555555555
14666	2	5.555555555555555
14667	2	5.555555555555555
14668	2	5.555555555555555
14669	2	5.555555555555555
14670	2	5.555555555555555
14671	2	5.555555555555555
14672	2	5.555555555555555
14673	2	5.555555555555555
14674	2	5.555555555555555
14675	2	5.555555555555555
14676	2	5.555555555555555
14677	2	5.555555555555555
14678	2	5.555555555555555
14679	2	5.555555555555555
14680	2	5.555555555555555
14681	2	5.555555555555555
14682	2	5.555555555555555
14683	2	5.555555555555555
14684	2	5.555555555555555
14685	2	5.555555555555555
14686	2	5.555555555555555
14687	2	5.555555555555555
14688	2	5.555555555555555
14689	2	5.555555555555555
14690	2	5.555555555555555
14691	2	5.555555555555555
14692	2	5.555555555555555
14693	2	5.555555555555555
14694	2	5.555555555555555
14695	2	5.555555555555555
14696	2	5.555555555555555
14697	2	5.555555555555555
14698	2	5.555555555555555
14699	2	5.555555555555555
14700	2	5.555555555555555
14701	2	5.555555555555555
14702	2	5.555555555555555
14703	2	5.555555555555555
14704	2	5.555555555555555
14705	2	5.555555555555555
14706	2	5.555555555555555
14707	2	5.555555555555555
14708	2	5.555555555555555
14709	2	5.555555555555555
14710	2	5.555555555555555
14711	2	5.555555555555555
14712	2	5.555555555555555
14713	2	5.555555555555555
14714	2	5.555555555555555
14715	2	5.555555555555555
14716	2	5.555555555555555
14717	2	5.555555555555555
14718	2	5.555555555555555
14719	2	5.555555555555555
14720	2	5.555555555555555
14721	2	5.555555555555555
14722	2	5.555555555555555
14723	2	5.555555555555555
14724	2	5.555555555555555
14725	2	5.555555555555555
14726	2	5.555555555555555
14727	2	5.555555555555555
14728	2	5.555555555555555
14729	2	5.555555555555555
14730	2	5.555555555555555
14731	2	5.555555555555555
14732	2	5.555555555555555
14733	2	5.555555555555555
14734	2	5.555555555555555
14735	2	5.555555555555555
14736	2	5.555555555555555
14737	2	5.555555555555555
14738	2	5.555555555555555
14739	2	5.555555555555555
14740	2	5.555555555555555
14741	2	5.555555555555555
14742	2	5.555555555555555
14743	2	5.555555555555555
14744	2	5.555555555555555
14745	2	5.555555555555555
14746	2	5.555555555555555
14747	2	5.555555555555555
14748	2	5.555555555555555
14749	2	5.555555555555555
14750	2	5.555555555555555
14751	2	5.555555555555555
14752	2	5.555555555555555
14753	2	5.555555555555555
14754	2	5.555555555555555
14755	2	5.555555555555555
14756	2	5.555555555555555
14757	2	5.555555555555555
14758	2	5.555555555555555
14759	2	5.555555555555555
14760	2	5.555555555555555
14761	2	5.555555555555555
14762	2	5.555555555555555
14763	2	5.555555555555555
14764	2	5.555555555555555
14765	2	5.555555555555555
14766	2	5.555555555555555
14767	2	5.555555555555555
14768	2	5.555555555555555
14769	2	5.555555555555555
14770	2	5.555555555555555
14771	2	5.555555555555555
14772	2	5.555555555555555
14773	2	5.555555555555555
14774	2	5.555555555555555
14775	2	5.555555555555555
14776	2	5.555555555555555
14777	2	5.555555555555555
14778	2	5.555555555555555
14779	2	5.555555555555555
14780	2	5.555555555555555
14781	2	5.555555555555555
14782	2	5.555555555555555
14783	2	5.555555555555555
14784	2	5.555555555555555
14785	2	5.555555555555555
14786	2	5.555555555555555
14787	2	5.555555555555555
14788	2	5.555555555555555
14789	2	5.555555555555555
14790	2	5.555555555555555
14791	2	5.555555555555555
14792	2	5.555555555555555
14793	2	5.555555555555555
14794	2	5.555555555555555
14795	2	5.555555555555555
14796	2	5.555555555555555
14797	2	5.555555555555555
14798	2	5.555555555555555
14799	2	5.555555555555555
14800	2	5.555555555555555
14801	2	5.555555555555555
14802	2	5.555555555555555
14803	2	5.555555555555555
14804	2	5.555555555555555
14805	2	5.555555555555555
14806	2	5.555555555555555
14807	2	5.555555555555555
14808	2	5.555555555555555
14809	2	5.555555555555555
14810	2	5.555555555555555
14811	2	5.555555555555555
14812	2	5.555555555555555
14813	2	5.555555555555555
14814	2	5.555555555555555
14815	2	5.555555555555555
14816	2	5.555555555555555
14817	2	5.555555555555555
14818	2	5.555555555555555
14819	2	5.555555555555555
14820	2	5.555555555555555
14821	2	5.555555555555555
14822	2	5.555555555555555
14823	2	5.555555555555555
14824	2	5.555555555555555
14825	2	5.555555555555555
14826	2	5.555555555555555
14827	2	5.555555555555555
14828	2	5.555555555555555
14829	2	5.555555555555555
14830	2	5.555555555555555
14831	2	5.555555555555555
14832	2	5.555555555555555
14833	2	5.555555555555555
14834	2	5.555555555555555
14835	2	5.555555555555555
14836	2	5.555555555555555
14837	2	5.555555555555555
14838	2	5.555555555555555
14839	2	5.555555555555555
14840	2	5.555555555555555
14841	2	5.555555555555555
14842	2	5.555555555555555
14843	2	5.555555555555555
14844	2	5.555555555555555
14845	2	5.555555555555555
14846	2	5.555555555555555
14847	2	5.555555555555555
14848	2	5.555555555555555
14849	2	5.555555555555555
14850	2	5.555555555555555
14851	2	5.555555555555555
14852	2	5.555555555555555
14853	2	5.555555555555555
14854	2	5.555555555555555
14855	2	5.555555555555555
14856	2	5.555555555555555
14857	2	5.555555555555555
14858	2	5.555555555555555
14859	2	5.555555555555555
14860	2	5.555555555555555
14861	2	5.555555555555555
14862	2	5.555555555555555
14863	2	5.555555555555555
14864	2	5.555555555555555
14865	2	5.555555555555555
14866	2	5.555555555555555
14867	2	5.555555555555555
14868	2	5.555555555555555
14869	2	5.555555555555555
14870	2	5.555555555555555
14871	2	5.555555555555555
14872	2	5.555555555555555
14873	2	5.555555555555555
14874	2	5.555555555555555
14875	2	5.555555555555555
14876	2	5.555555555555555
14877	2	5.555555555555555
14878	2	5.555555555555555
14879	2	5.555555555555555
14880	2	5.555555555555555
14881	2	5.555555555555555
14882	2	5.555555555555555
14883	2	5.555555555555555
14884	2	5.555555555555555
14885	2	5.555555555555555
14886	2	5.555555555555555
14887	2	5.555555555555555
14888	2	5.555555555555555
14889	2	5.555555555555555
14890	2	5.555555555555555
14891	2	5.555555555555555
14892	2	5.555555555555555
14893	2	5.555555555555555
14894	2	5.555555555555555
14895	2	5.555555555555555
14896	2	5.555555555555555
14897	2	5.555555555555555
14898	2	5.555555555555555
14899	2	5.555555555555555
14900	2	5.555555555555555
14901	2	5.555555555555555
14902	2	5.555555555555555
14903	2	5.555555555555555
14904	2	5.555555555555555
14905	2	5.555555555555555
14906	2	5.555555555555555
14907	2	5.555555555555555
14908	2	5.555555555555555
14909	2	5.555555555555555
14910	2	5.555555555555555
14911	2	5.555555555555555
14912	2	5.555555555555555
14913	2	5.555555555555555
14914	2	5.555555555555555
14915	2	5.555555555555555
14916	2	5.555555555555555
14917	2	5.555555555555555
14918	2	5.555555555555555
14919	2	5.555555555555555
14920	2	5.555555555555555
14921	2	5.555555555555555
14922	2	5.555555555555555
14923	2	5.555555555555555
14924	2	5.555555555555555
14925	2	5.555555555555555
14926	2	5.555555555555555
14927	2	5.555555555555555
14928	2	5.555555555555555
14929	2	5.555555555555555
14930	2	5.555555555555555
14931	2	5.555555555555555
14932	2	5.555555555555555
14933	2	5.555555555555555
14934	2	5.555555555555555
14935	2	5.555555555555555
14936	2	5.555555555555555
14937	2	5.555555555555555
14938	2	5.555555555555555
14939	2	5.555555555555555
14940	2	5.555555555555555
14941	2	5.555555555555555
14942	2	5.555555555555555
14943	2	5.555555555555555
14944	2	5.555555555555555
14945	2	5.555555555555555
14946	2	5.555555555555555
14947	2	5.555555555555555
14948	2	5.555555555555555
14949	2	5.555555555555555
14950	2	5.555555555555555
14951	2	5.555555555555555
14952	2	5.555555555555555
14953	2	5.555555555555555
14954	2	5.555555555555555
14955	2	5.555555555555555
14956	2	5.555555555555555
14957	2	5.555555555555555
14958	2	5.555555555555555
14959	2	5.555555555555555
14960	2	5.555555555555555
14961	2	5.555555555555555
14962	2	5.555555555555555
14963	2	5.555555555555555
14964	2	5.555555555555555
14965	2	5.555555555555555
14966	2	5.555555555555555
14967	2	5.555555555555555
14968	2	5.555555555555555
14969	2	5.555555555555555
14970	2	5.555555555555555
14971	2	5.555555555555555
14972	2	5.555555555555555
14973	2	5.555555555555555
14974	2	5.555555555555555
14975	2	5.555555555555555
14976	2	5.555555555555555
14977	2	5.555555555555555
14978	2	5.555555555555555
14979	2	5.555555555555555
14980	2	5.555555555555555
14981	2	5.555555555555555
14982	2	5.555555555555555
14983	2	5.555555555555555
14984	2	5.555555555555555
14985	2	5.555555555555555
14986	2	5.555555555555555
14987	2	5.555555555555555
14988	2	5.555555555555555
14989	2	5.555555555555555
14990	2	5.555555555555555
14991	2	5.555555555555555
14992	2	5.555555555555555
14993	2	5.555555555555555
14994	2	5.555555555555555
14995	2	5.555555555555555
14996	2	5.555555555555555
14997	2	5.555555555555555
14998	2	5.555555555555555
14999	2	5.555555555555555
15000	2	5.555555555555555
15001	2	5.555555555555555
15002	2	5.555555555555555
15003	2	5.555555555555555
15004	2	5.555555555555555
15005	2	5.555555555555555
15006	2	5.555555555555555
15007	2	5.555555555555555
15008	2	5.555555555555555
15009	2	5.555555555555555
15010	2	5.555555555555555
15011	2	5.555555555555555
15012	2	5.555555555555555
15013	2	5.555555555555555
15014	2	5.555555555555555
15015	2	5.555555555555555
15016	2	5.555555555555555
15017	2	5.555555555555555
15018	2	5.555555555555555
15019	2	5.555555555555555
15020	2	5.555555555555555
15021	2	5.555555555555555
15022	2	5.555555555555555
15023	2	5.555555555555555
15024	2	5.555555555555555
15025	2	5.555555555555555
15026	2	5.555555555555555
15027	2	5.555555555555555
15028	2	5.555555555555555
15029	2	5.555555555555555
15030	2	5.555555555555555
15031	2	5.555555555555555
15032	2	5.555555555555555
15033	2	5.555555555555555
15034	2	5.555555555555555
15035	2	5.555555555555555
15036	2	5.555555555555555
15037	2	5.555555555555555
15038	2	5.555555555555555
15039	2	5.555555555555555
15040	2	5.555555555555555
15041	2	5.555555555555555
15042	2	5.555555555555555
15043	2	5.555555555555555
15044	2	5.555555555555555
15045	2	5.555555555555555
15046	2	5.555555555555555
15047	2	5.555555555555555
15048	2	5.555555555555555
15049	2	5.555555555555555
15050	2	5.555555555555555
15051	2	5.555555555555555
15052	2	5.555555555555555
15053	2	5.555555555555555
15054	2	5.555555555555555
15055	2	5.555555555555555
15056	2	5.555555555555555
15057	2	5.555555555555555
15058	2	5.555555555555555
15059	2	5.555555555555555
15060	2	5.555555555555555
15061	2	5.555555555555555
15062	2	5.555555555555555
15063	2	5.555555555555555
15064	2	5.555555555555555
15065	2	5.555555555555555
15066	2	5.555555555555555
15067	2	5.555555555555555
15068	2	5.555555555555555
15069	2	5.555555555555555
15070	2	5.555555555555555
15071	2	5.555555555555555
15072	2	5.555555555555555
15073	2	5.555555555555555
15074	2	5.555555555555555
15075	2	5.555555555555555
15076	2	5.555555555555555
15077	2	5.555555555555555
15078	2	5.555555555555555
15079	2	5.555555555555555
15080	2	5.555555555555555
15081	2	5.555555555555555
15082	2	5.555555555555555
15083	2	5.555555555555555
15084	2	5.555555555555555
15085	2	5.555555555555555
15086	2	5.555555555555555
15087	2	5.555555555555555
15088	2	5.555555555555555
15089	2	5.555555555555555
15090	2	5.555555555555555
15091	2	5.555555555555555
15092	2	5.555555555555555
15093	2	5.555555555555555
15094	2	5.555555555555555
15095	2	5.555555555555555
15096	2	5.555555555555555
15097	2	5.555555555555555
15098	2	5.555555555555555
15099	2	5.555555555555555
15100	2	5.555555555555555
15101	2	5.555555555555555
15102	2	5.555555555555555
15103	2	5.555555555555555
15104	2	5.555555555555555
15105	2	5.555555555555555
15106	2	5.555555555555555
15107	2	5.555555555555555
15108	2	5.555555555555555
15109	2	5.555555555555555
15110	2	5.555555555555555
15111	2	5.555555555555555
15112	2	5.555555555555555
15113	2	5.555555555555555
15114	2	5.555555555555555
15115	2	5.555555555555555
15116	2	5.555555555555555
15117	2	5.555555555555555
15118	2	5.555555555555555
15119	2	5.555555555555555
15120	2	5.555555555555555
15121	2	5.555555555555555
15122	2	5.555555555555555
15123	2	5.555555555555555
15124	2	5.555555555555555
15125	2	5.555555555555555
15126	2	5.555555555555555
15127	2	5.555555555555555
15128	2	5.555555555555555
15129	2	5.555555555555555
15130	2	5.555555555555555
15131	2	5.555555555555555
15132	2	5.555555555555555
15133	2	5.555555555555555
15134	2	5.555555555555555
15135	2	5.555555555555555
15136	2	5.555555555555555
15137	2	5.555555555555555
15138	2	5.555555555555555
15139	2	5.555555555555555
15140	2	5.555555555555555
15141	2	5.555555555555555
15142	2	5.555555555555555
15143	2	5.555555555555555
15144	2	5.555555555555555
15145	2	5.555555555555555
15146	2	5.555555555555555
15147	2	5.555555555555555
15148	2	5.555555555555555
15149	2	5.555555555555555
15150	2	5.555555555555555
15151	2	5.555555555555555
15152	2	5.555555555555555
15153	2	5.555555555555555
15154	2	5.555555555555555
15155	2	5.555555555555555
15156	2	5.555555555555555
15157	2	5.555555555555555
15158	2	5.555555555555555
15159	2	5.555555555555555
15160	2	5.555555555555555
15161	2	5.555555555555555
15162	2	5.555555555555555
15163	2	5.555555555555555
15164	2	5.555555555555555
15165	2	5.555555555555555
15166	2	5.555555555555555
15167	2	5.555555555555555
15168	2	5.555555555555555
15169	2	5.555555555555555
15170	2	5.555555555555555
15171	2	5.555555555555555
15172	2	5.555555555555555
15173	2	5.555555555555555
15174	2	5.555555555555555
15175	2	5.555555555555555
15176	2	5.555555555555555
15177	2	5.555555555555555
15178	2	5.555555555555555
15179	2	5.555555555555555
15180	2	5.555555555555555
15181	2	5.555555555555555
15182	2	5.555555555555555
15183	2	5.555555555555555
15184	2	5.555555555555555
15185	2	5.555555555555555
15186	2	5.555555555555555
15187	2	5.555555555555555
15188	2	5.555555555555555
15189	2	5.555555555555555
15190	2	5.555555555555555
15191	2	5.555555555555555
15192	2	5.555555555555555
15193	2	5.555555555555555
15194	2	5.555555555555555
15195	2	5.555555555555555
15196	2	5.555555555555555
15197	2	5.555555555555555
15198	2	5.555555555555555
15199	2	5.555555555555555
15200	2	5.555555555555555
15201	2	5.555555555555555
15202	2	5.555555555555555
15203	2	5.555555555555555
15204	2	5.555555555555555
15205	2	5.555555555555555
15206	2	5.555555555555555
15207	2	5.555555555555555
15208	2	5.555555555555555
15209	2	5.555555555555555
15210	2	5.555555555555555
15211	2	5.555555555555555
15212	2	5.555555555555555
15213	2	5.555555555555555
15214	2	5.555555555555555
15215	2	5.555555555555555
15216	2	5.555555555555555
15217	2	5.555555555555555
15218	2	5.555555555555555
15219	2	5.555555555555555
15220	2	5.555555555555555
15221	2	5.555555555555555
15222	2	5.555555555555555
15223	2	5.555555555555555
15224	2	5.555555555555555
15225	2	5.555555555555555
15226	2	5.555555555555555
15227	2	5.555555555555555
15228	2	5.555555555555555
15229	2	5.555555555555555
15230	2	5.555555555555555
15231	2	5.555555555555555
15232	2	5.555555555555555
15233	2	5.555555555555555
15234	2	5.555555555555555
15235	2	5.555555555555555
15236	2	5.555555555555555
15237	2	5.555555555555555
15238	2	5.555555555555555
15239	2	5.555555555555555
15240	2	5.555555555555555
15241	2	5.555555555555555
15242	2	5.555555555555555
15243	2	5.555555555555555
15244	2	5.555555555555555
15245	2	5.555555555555555
15246	2	5.555555555555555
15247	2	5.555555555555555
15248	2	5.555555555555555
15249	2	5.555555555555555
15250	2	5.555555555555555
15251	2	5.555555555555555
15252	2	5.555555555555555
15253	2	5.555555555555555
15254	2	5.555555555555555
15255	2	5.555555555555555
15256	2	5.555555555555555
15257	2	5.555555555555555
15258	2	5.555555555555555
15259	2	5.555555555555555
15260	2	5.555555555555555
15261	2	5.555555555555555
15262	2	5.555555555555555
15263	2	5.555555555555555
15264	2	5.555555555555555
15265	2	5.555555555555555
15266	2	5.555555555555555
15267	2	5.555555555555555
15268	2	5.555555555555555
15269	2	5.555555555555555
15270	2	5.555555555555555
15271	2	5.555555555555555
15272	2	5.555555555555555
15273	2	5.555555555555555
15274	2	5.555555555555555
15275	2	5.555555555555555
15276	2	5.555555555555555
15277	2	5.555555555555555
15278	2	5.555555555555555
15279	2	5.555555555555555
15280	2	5.555555555555555
15281	2	5.555555555555555
15282	2	5.555555555555555
15283	2	5.555555555555555
15284	2	5.555555555555555
15285	2	5.555555555555555
15286	2	5.555555555555555
15287	2	5.555555555555555
15288	2	5.555555555555555
15289	2	5.555555555555555
15290	2	5.555555555555555
15291	2	5.555555555555555
15292	2	5.555555555555555
15293	2	5.555555555555555
15294	2	5.555555555555555
15295	2	5.555555555555555
15296	2	5.555555555555555
15297	2	5.555555555555555
15298	2	5.555555555555555
15299	2	5.555555555555555
15300	2	5.555555555555555
15301	2	5.555555555555555
15302	2	5.555555555555555
15303	2	5.555555555555555
15304	2	5.555555555555555
15305	2	5.555555555555555
15306	2	5.555555555555555
15307	2	5.555555555555555
15308	2	5.555555555555555
15309	2	5.555555555555555
15310	2	5.555555555555555
15311	2	5.555555555555555
15312	2	5.555555555555555
15313	2	5.555555555555555
15314	2	5.555555555555555
15315	2	5.555555555555555
15316	2	5.555555555555555
15317	2	5.555555555555555
15318	2	5.555555555555555
15319	2	5.555555555555555
15320	2	5.555555555555555
15321	2	5.555555555555555
15322	2	5.555555555555555
15323	2	5.555555555555555
15324	2	5.555555555555555
15325	2	5.555555555555555
15326	2	5.555555555555555
15327	2	5.555555555555555
15328	2	5.555555555555555
15329	2	5.555555555555555
15330	2	5.555555555555555
15331	2	5.555555555555555
15332	2	5.555555555555555
15333	2	5.555555555555555
15334	2	5.555555555555555
15335	2	5.555555555555555
15336	2	5.555555555555555
15337	2	5.555555555555555
15338	2	5.555555555555555
15339	2	5.555555555555555
15340	2	5.555555555555555
15341	2	5.555555555555555
15342	2	5.555555555555555
15343	2	5.555555555555555
15344	2	5.555555555555555
15345	2	5.555555555555555
15346	2	5.555555555555555
15347	2	5.555555555555555
15348	2	5.555555555555555
15349	2	5.555555555555555
15350	2	5.555555555555555
15351	2	5.555555555555555
15352	2	5.555555555555555
15353	2	5.555555555555555
15354	2	5.555555555555555
15355	2	5.555555555555555
15356	2	5.555555555555555
15357	2	5.555555555555555
15358	2	5.555555555555555
15359	2	5.555555555555555
15360	2	5.555555555555555
15361	2	5.555555555555555
15362	2	5.555555555555555
15363	2	5.555555555555555
15364	2	5.555555555555555
15365	2	5.555555555555555
15366	2	5.555555555555555
15367	2	5.555555555555555
15368	2	5.555555555555555
15369	2	5.555555555555555
15370	2	5.555555555555555
15371	2	5.555555555555555
15372	2	5.555555555555555
15373	2	5.555555555555555
15374	2	5.555555555555555
15375	2	5.555555555555555
15376	2	5.555555555555555
15377	2	5.555555555555555
15378	2	5.555555555555555
15379	2	5.555555555555555
15380	2	5.555555555555555
15381	2	5.555555555555555
15382	2	5.555555555555555
15383	2	5.555555555555555
15384	2	5.555555555555555
15385	2	5.555555555555555
15386	2	5.555555555555555
15387	2	5.555555555555555
15388	2	5.555555555555555
15389	2	5.555555555555555
15390	2	5.555555555555555
15391	2	5.555555555555555
15392	2	5.555555555555555
15393	2	5.555555555555555
15394	2	5.555555555555555
15395	2	5.555555555555555
15396	2	5.555555555555555
15397	2	5.555555555555555
15398	2	5.555555555555555
15399	2	5.555555555555555
15400	2	5.555555555555555
15401	2	5.555555555555555
15402	2	5.555555555555555
15403	2	5.555555555555555
15404	2	5.555555555555555
15405	2	5.555555555555555
15406	2	5.555555555555555
15407	2	5.555555555555555
15408	2	5.555555555555555
15409	2	5.555555555555555
15410	2	5.555555555555555
15411	2	5.555555555555555
15412	2	5.555555555555555
15413	2	5.555555555555555
15414	2	5.555555555555555
15415	2	5.555555555555555
15416	2	5.555555555555555
15417	2	5.555555555555555
15418	2	5.555555555555555
15419	2	5.555555555555555
15420	2	5.555555555555555
15421	2	5.555555555555555
15422	2	5.555555555555555
15423	2	5.555555555555555
15424	2	5.555555555555555
15425	2	5.555555555555555
15426	2	5.555555555555555
15427	2	5.555555555555555
15428	2	5.555555555555555
15429	2	5.555555555555555
15430	2	5.555555555555555
15431	2	5.555555555555555
15432	2	5.555555555555555
15433	2	5.555555555555555
15434	2	5.555555555555555
15435	2	5.555555555555555
15436	2	5.555555555555555
15437	2	5.555555555555555
15438	2	5.555555555555555
15439	2	5.555555555555555
15440	2	5.555555555555555
15441	2	5.555555555555555
15442	2	5.555555555555555
15443	2	5.555555555555555
15444	2	5.555555555555555
15445	2	5.555555555555555
15446	2	5.555555555555555
15447	2	5.555555555555555
15448	2	5.555555555555555
15449	2	5.555555555555555
15450	2	5.555555555555555
15451	2	5.555555555555555
15452	2	5.555555555555555
15453	2	5.555555555555555
15454	2	5.555555555555555
15455	2	5.555555555555555
15456	2	5.555555555555555
15457	2	5.555555555555555
15458	2	5.555555555555555
15459	2	5.555555555555555
15460	2	5.555555555555555
15461	2	5.555555555555555
15462	2	5.555555555555555
15463	2	5.555555555555555
15464	2	5.555555555555555
15465	2	5.555555555555555
15466	2	5.555555555555555
15467	2	5.555555555555555
15468	2	5.555555555555555
15469	2	5.555555555555555
15470	2	5.555555555555555
15471	2	5.555555555555555
15472	2	5.555555555555555
15473	2	5.555555555555555
15474	2	5.555555555555555
15475	2	5.555555555555555
15476	2	5.555555555555555
15477	2	5.555555555555555
15478	2	5.555555555555555
15479	2	5.555555555555555
15480	2	5.555555555555555
15481	2	5.555555555555555
15482	2	5.555555555555555
15483	2	5.555555555555555
15484	2	5.555555555555555
15485	2	5.555555555555555
15486	2	5.555555555555555
15487	2	5.555555555555555
15488	2	5.555555555555555
15489	2	5.555555555555555
15490	2	5.555555555555555
15491	2	5.555555555555555
15492	2	5.555555555555555
15493	2	5.555555555555555
15494	2	5.555555555555555
15495	2	5.555555555555555
15496	2	5.555555555555555
15497	2	5.555555555555555
15498	2	5.555555555555555
15499	2	5.555555555555555
15500	2	5.555555555555555
15501	2	5.555555555555555
15502	2	5.555555555555555
15503	2	5.555555555555555
15504	2	5.555555555555555
15505	2	5.555555555555555
15506	2	5.555555555555555
15507	2	5.555555555555555
15508	2	5.555555555555555
15509	2	5.555555555555555
15510	2	5.555555555555555
15511	2	5.555555555555555
15512	2	5.555555555555555
15513	2	5.555555555555555
15514	2	5.555555555555555
15515	2	5.555555555555555
15516	2	5.555555555555555
15517	2	5.555555555555555
15518	2	5.555555555555555
15519	2	5.555555555555555
15520	2	5.555555555555555
15521	2	5.555555555555555
15522	2	5.555555555555555
15523	2	5.555555555555555
15524	2	5.555555555555555
15525	2	5.555555555555555
15526	2	5.555555555555555
15527	2	5.555555555555555
15528	2	5.555555555555555
15529	2	5.555555555555555
15530	2	5.555555555555555
15531	2	5.555555555555555
15532	2	5.555555555555555
15533	2	5.555555555555555
15534	2	5.555555555555555
15535	2	5.555555555555555
15536	2	5.555555555555555
15537	2	5.555555555555555
15538	2	5.555555555555555
15539	2	5.555555555555555
15540	2	5.555555555555555
15541	2	5.555555555555555
15542	2	5.555555555555555
15543	2	5.555555555555555
15544	2	5.555555555555555
15545	2	5.555555555555555
15546	2	5.555555555555555
15547	2	5.555555555555555
15548	2	5.555555555555555
15549	2	5.555555555555555
15550	2	5.555555555555555
15551	2	5.555555555555555
15552	2	5.555555555555555
15553	2	5.555555555555555
15554	2	5.555555555555555
15555	2	5.555555555555555
15556	2	5.555555555555555
15557	2	5.555555555555555
15558	2	5.555555555555555
15559	2	5.555555555555555
15560	2	5.555555555555555
15561	2	5.555555555555555
15562	2	5.555555555555555
15563	2	5.555555555555555
15564	2	5.555555555555555
15565	2	5.555555555555555
15566	2	5.555555555555555
15567	2	5.555555555555555
15568	2	5.555555555555555
15569	2	5.555555555555555
15570	2	5.555555555555555
15571	2	5.555555555555555
15572	2	5.555555555555555
15573	2	5.555555555555555
15574	2	5.555555555555555
15575	2	5.555555555555555
15576	2	5.555555555555555
15577	2	5.555555555555555
15578	2	5.555555555555555
15579	2	5.555555555555555
15580	2	5.555555555555555
15581	2	5.555555555555555
15582	2	5.555555555555555
15583	2	5.555555555555555
15584	2	5.555555555555555
15585	2	5.555555555555555
15586	2	5.555555555555555
15587	2	5.555555555555555
15588	2	5.555555555555555
15589	2	5.555555555555555
15590	2	5.555555555555555
15591	2	5.555555555555555
15592	2	5.555555555555555
15593	2	5.555555555555555
15594	2	5.555555555555555
15595	2	5.555555555555555
15596	2	5.555555555555555
15597	2	5.555555555555555
15598	2	5.555555555555555
15599	2	5.555555555555555
15600	2	5.555555555555555
15601	2	5.555555555555555
15602	2	5.555555555555555
15603	2	5.555555555555555
15604	2	5.555555555555555
15605	2	5.555555555555555
15606	2	5.555555555555555
15607	2	5.555555555555555
15608	2	5.555555555555555
15609	2	5.555555555555555
15610	2	5.555555555555555
15611	2	5.555555555555555
15612	2	5.555555555555555
15613	2	5.555555555555555
15614	2	5.555555555555555
15615	2	5.555555555555555
15616	2	5.555555555555555
15617	2	5.555555555555555
15618	2	5.555555555555555
15619	2	5.555555555555555
15620	2	5.555555555555555
15621	2	5.555555555555555
15622	2	5.555555555555555
15623	2	5.555555555555555
15624	2	5.555555555555555
15625	2	5.555555555555555
15626	2	5.555555555555555
15627	2	5.555555555555555
15628	2	5.555555555555555
15629	2	5.555555555555555
15630	2	5.555555555555555
15631	2	5.555555555555555
15632	2	5.555555555555555
15633	2	5.555555555555555
15634	2	5.555555555555555
15635	2	5.555555555555555
15636	2	5.555555555555555
15637	2	5.555555555555555
15638	2	5.555555555555555
15639	2	5.555555555555555
15640	2	5.555555555555555
15641	2	5.555555555555555
15642	2	5.555555555555555
15643	2	5.555555555555555
15644	2	5.555555555555555
15645	2	5.555555555555555
15646	2	5.555555555555555
15647	2	5.555555555555555
15648	2	5.555555555555555
15649	2	5.555555555555555
15650	2	5.555555555555555
15651	2	5.555555555555555
15652	2	5.555555555555555
15653	2	5.555555555555555
15654	2	5.555555555555555
15655	2	5.555555555555555
15656	2	5.555555555555555
15657	2	5.555555555555555
15658	2	5.555555555555555
15659	2	5.555555555555555
15660	2	5.555555555555555
15661	2	5.555555555555555
15662	2	5.555555555555555
15663	2	5.555555555555555
15664	2	5.555555555555555
15665	2	5.555555555555555
15666	2	5.555555555555555
15667	2	5.555555555555555
15668	2	5.555555555555555
15669	2	5.555555555555555
15670	2	5.555555555555555
15671	2	5.555555555555555
15672	2	5.555555555555555
15673	2	5.555555555555555
15674	2	5.555555555555555
15675	2	5.555555555555555
15676	2	5.555555555555555
15677	2	5.555555555555555
15678	2	5.555555555555555
15679	2	5.555555555555555
15680	2	5.555555555555555
15681	2	5.555555555555555
15682	2	5.555555555555555
15683	2	5.555555555555555
15684	2	5.555555555555555
15685	2	5.555555555555555
15686	2	5.555555555555555
15687	2	5.555555555555555
15688	2	5.555555555555555
15689	2	5.555555555555555
15690	2	5.555555555555555
15691	2	5.555555555555555
15692	2	5.555555555555555
15693	2	5.555555555555555
15694	2	5.555555555555555
15695	2	5.555555555555555
15696	2	5.555555555555555
15697	2	5.555555555555555
15698	2	5.555555555555555
15699	2	5.555555555555555
15700	2	5.555555555555555
15701	2	5.555555555555555
15702	2	5.555555555555555
15703	2	5.555555555555555
15704	2	5.555555555555555
15705	2	5.555555555555555
15706	2	5.555555555555555
15707	2	5.555555555555555
15708	2	5.555555555555555
15709	2	5.555555555555555
15710	2	5.555555555555555
15711	2	5.555555555555555
15712	2	5.555555555555555
15713	2	5.555555555555555
15714	2	5.555555555555555
15715	2	5.555555555555555
15716	2	5.555555555555555
15717	2	5.555555555555555
15718	2	5.555555555555555
15719	2	5.555555555555555
15720	2	5.555555555555555
15721	2	5.555555555555555
15722	2	5.555555555555555
15723	2	5.555555555555555
15724	2	5.555555555555555
15725	2	5.555555555555555
15726	2	5.555555555555555
15727	2	5.555555555555555
15728	2	5.555555555555555
15729	2	5.555555555555555
15730	2	5.555555555555555
15731	2	5.555555555555555
15732	2	5.555555555555555
15733	2	5.555555555555555
15734	2	5.555555555555555
15735	2	5.555555555555555
15736	2	5.555555555555555
15737	2	5.555555555555555
15738	2	5.555555555555555
15739	2	5.555555555555555
15740	2	5.555555555555555
15741	2	5.555555555555555
15742	2	5.555555555555555
15743	2	5.555555555555555
15744	2	5.555555555555555
15745	2	5.555555555555555
15746	2	5.555555555555555
15747	2	5.555555555555555
15748	2	5.555555555555555
15749	2	5.555555555555555
15750	2	5.555555555555555
15751	2	5.555555555555555
15752	2	5.555555555555555
15753	2	5.555555555555555
15754	2	5.555555555555555
15755	2	5.555555555555555
15756	2	5.555555555555555
15757	2	5.555555555555555
15758	2	5.555555555555555
15759	2	5.555555555555555
15760	2	5.555555555555555
15761	2	5.555555555555555
15762	2	5.555555555555555
15763	2	5.555555555555555
15764	2	5.555555555555555
15765	2	5.555555555555555
15766	2	5.555555555555555
15767	2	5.555555555555555
15768	2	5.555555555555555
15769	2	5.555555555555555
15770	2	5.555555555555555
15771	2	5.555555555555555
15772	2	5.555555555555555
15773	2	5.555555555555555
15774	2	5.555555555555555
15775	2	5.555555555555555
15776	2	5.555555555555555
15777	2	5.555555555555555
15778	2	5.555555555555555
15779	3	8.333333333333334
15780	7	19.444444444444443
15781	8	22.22222222222222
15782	19	52.77777777777778
15783	19	52.77777777777778
15784	19	52.77777777777778
15785	19	52.77777777777778
15786	19	52.77777777777778
15787	19	52.77777777777778
15788	19	52.77777777777778
15789	19	52.77777777777778
15790	19	52.77777777777778
15791	19	52.77777777777778
15792	19	52.77777777777778
15793	19	52.77777777777778
15794	19	52.77777777777778
15795	19	52.77777777777778
15796	19	52.77777777777778
15797	19	52.77777777777778
15798	19	52.77777777777778
15799	19	52.77777777777778
15800	19	52.77777777777778
15801	19	52.77777777777778
15802	19	52.77777777777778
15803	19	52.77777777777778
15804	19	52.77777777777778
15805	19	52.77777777777778
15806	19	52.77777777777778
15807	19	52.77777777777778
15808	19	52.77777777777778
15809	19	52.77777777777778
15810	19	52.77777777777778
15811	19	52.77777777777778
15812	19	52.77777777777778
15813	19	52.77777777777778
15814	19	52.77777777777778
15815	19	52.77777777777778
15816	19	52.77777777777778
15817	19	52.77777777777778
15818	19	52.77777777777778
15819	19	52.77777777777778
15820	19	52.77777777777778
15821	19	52.77777777777778
15822	19	52.77777777777778
15823	19	52.77777777777778
15824	19	52.77777777777778
15825	19	52.77777777777778
15826	19	52.77777777777778
15827	19	52.77777777777778
15828	19	52.77777777777778
15829	19	52.77777777777778
15830	19	52.77777777777778
15831	19	52.77777777777778
15832	19	52.77777777777778
15833	19	52.77777777777778
15834	19	52.77777777777778
15835	19	52.77777777777778
15836	19	52.77777777777778
15837	3	8.333333333333334
15838	3	8.333333333333334
15839	3	8.333333333333334
15840	3	8.333333333333334
15841	3	8.333333333333334
15842	2	5.555555555555555
15843	2	5.555555555555555
15844	2	5.555555555555555
15845	2	5.555555555555555
15846	2	5.555555555555555
15847	2	5.555555555555555
15848	2	5.555555555555555
15849	2	5.555555555555555
15850	2	5.555555555555555
15851	2	5.555555555555555
15852	2	5.555555555555555
15853	2	5.555555555555555
15854	2	5.555555555555555
15855	2	5.555555555555555
15856	2	5.555555555555555
15857	2	5.555555555555555
15858	2	5.555555555555555
15859	2	5.555555555555555
15860	2	5.555555555555555
15861	2	5.555555555555555
15862	2	5.555555555555555
15863	2	5.555555555555555
15864	2	5.555555555555555
15865	2	5.555555555555555
15866	2	5.555555555555555
15867	2	5.555555555555555
15868	2	5.555555555555555
15869	2	5.555555555555555
15870	2	5.555555555555555
15871	2	5.555555555555555
15872	2	5.555555555555555
15873	2	5.555555555555555
15874	2	5.555555555555555
15875	2	5.555555555555555
15876	2	5.555555555555555
15877	2	5.555555555555555
15878	2	5.555555555555555
15879	2	5.555555555555555
15880	2	5.555555555555555
15881	2	5.555555555555555
15882	2	5.555555555555555
15883	2	5.555555555555555
15884	2	5.555555555555555
15885	2	5.555555555555555
15886	2	5.555555555555555
15887	2	5.555555555555555
15888	2	5.555555555555555
15889	2	5.555555555555555
15890	2	5.555555555555555
15891	2	5.555555555555555
15892	2	5.555555555555555
15893	2	5.555555555555555
15894	2	5.555555555555555
15895	2	5.555555555555555
15896	2	5.555555555555555
15897	2	5.555555555555555
15898	2	5.555555555555555
15899	2	5.555555555555555
15900	2	5.555555555555555
15901	2	5.555555555555555
15902	2	5.555555555555555
15903	2	5.555555555555555
15904	2	5.555555555555555
15905	2	5.555555555555555
15906	2	5.555555555555555
15907	2	5.555555555555555
15908	2	5.555555555555555
15909	2	5.555555555555555
15910	2	5.555555555555555
15911	2	5.555555555555555
15912	2	5.555555555555555
15913	2	5.555555555555555
15914	2	5.555555555555555
15915	2	5.555555555555555
15916	2	5.555555555555555
15917	2	5.555555555555555
15918	2	5.555555555555555
15919	2	5.555555555555555
15920	2	5.555555555555555
15921	2	5.555555555555555
15922	2	5.555555555555555
15923	2	5.555555555555555
15924	2	5.555555555555555
15925	2	5.555555555555555
15926	2	5.555555555555555
15927	2	5.555555555555555
15928	2	5.555555555555555
15929	2	5.555555555555555
15930	2	5.555555555555555
15931	2	5.555555555555555
15932	2	5.555555555555555
15933	2	5.555555555555555
15934	2	5.555555555555555
15935	2	5.555555555555555
15936	2	5.555555555555555
15937	2	5.555555555555555
15938	2	5.555555555555555
15939	2	5.555555555555555
15940	2	5.555555555555555
15941	2	5.555555555555555
15942	2	5.555555555555555
15943	2	5.555555555555555
15944	2	5.555555555555555
15945	2	5.555555555555555
15946	2	5.555555555555555
15947	2	5.555555555555555
15948	2	5.555555555555555
15949	2	5.555555555555555
15950	2	5.555555555555555
15951	2	5.555555555555555
15952	2	5.555555555555555
15953	2	5.555555555555555
15954	2	5.555555555555555
15955	2	5.555555555555555
15956	2	5.555555555555555
15957	2	5.555555555555555
15958	2	5.555555555555555
15959	2	5.555555555555555
15960	2	5.555555555555555
15961	2	5.555555555555555
15962	2	5.555555555555555
15963	2	5.555555555555555
15964	2	5.555555555555555
15965	2	5.555555555555555
15966	2	5.555555555555555
15967	2	5.555555555555555
15968	2	5.555555555555555
15969	2	5.555555555555555
15970	2	5.555555555555555
15971	2	5.555555555555555
15972	2	5.555555555555555
15973	2	5.555555555555555
15974	2	5.555555555555555
15975	2	5.555555555555555
15976	2	5.555555555555555
15977	2	5.555555555555555
15978	2	5.555555555555555
15979	2	5.555555555555555
15980	2	5.555555555555555
15981	2	5.555555555555555
15982	2	5.555555555555555
15983	2	5.555555555555555
15984	2	5.555555555555555
15985	2	5.555555555555555
15986	2	5.555555555555555
15987	2	5.555555555555555
15988	2	5.555555555555555
15989	2	5.555555555555555
15990	2	5.555555555555555
15991	2	5.555555555555555
15992	2	5.555555555555555
15993	2	5.555555555555555
15994	2	5.555555555555555
15995	2	5.555555555555555
15996	2	5.555555555555555
15997	2	5.555555555555555
15998	2	5.555555555555555
15999	2	5.555555555555555
16000	2	5.555555555555555
