Assembly_Accession	Genome_FASTA	Protein_FASTA	GFF
GCA_014775675.1	data/raw/photobacterium_primary_500_ncbi/ncbi_dataset/data/GCA_014775675.1/GCA_014775675.1_ASM1477567v1_genomic.fna	data/raw/photobacterium_primary_500_ncbi/ncbi_dataset/data/GCA_014775675.1/protein.faa	data/raw/photobacterium_primary_500_ncbi/ncbi_dataset/data/GCA_014775675.1/genomic.gff
GCF_000153265.1	data/raw/photobacterium_primary_500_ncbi/ncbi_dataset/data/GCF_000153265.1/GCF_000153265.1_ASM15326v1_genomic.fna	data/raw/photobacterium_primary_500_ncbi/ncbi_dataset/data/GCF_000153265.1/protein.faa	data/raw/photobacterium_primary_500_ncbi/ncbi_dataset/data/GCF_000153265.1/genomic.gff
GCF_000176795.1	data/raw/photobacterium_primary_500_ncbi/ncbi_dataset/data/GCF_000176795.1/GCF_000176795.1_ASM17679v1_genomic.fna	data/raw/photobacterium_primary_500_ncbi/ncbi_dataset/data/GCF_000176795.1/protein.faa	data/raw/photobacterium_primary_500_ncbi/ncbi_dataset/data/GCF_000176795.1/genomic.gff
GCF_000196255.1	data/raw/photobacterium_primary_500_ncbi/ncbi_dataset/data/GCF_000196255.1/GCF_000196255.1_ASM19625v1_genomic.fna	data/raw/photobacterium_primary_500_ncbi/ncbi_dataset/data/GCF_000196255.1/protein.faa	data/raw/photobacterium_primary_500_ncbi/ncbi_dataset/data/GCF_000196255.1/genomic.gff
GCF_000300355.2	data/raw/photobacterium_primary_500_ncbi/ncbi_dataset/data/GCF_000300355.2/GCF_000300355.2_ASM30035v4_genomic.fna	data/raw/photobacterium_primary_500_ncbi/ncbi_dataset/data/GCF_000300355.2/protein.faa	data/raw/photobacterium_primary_500_ncbi/ncbi_dataset/data/GCF_000300355.2/genomic.gff
GCF_000425165.1	data/raw/photobacterium_primary_500_ncbi/ncbi_dataset/data/GCF_000425165.1/GCF_000425165.1_ASM42516v1_genomic.fna	data/raw/photobacterium_primary_500_ncbi/ncbi_dataset/data/GCF_000425165.1/protein.faa	data/raw/photobacterium_primary_500_ncbi/ncbi_dataset/data/GCF_000425165.1/genomic.gff
GCF_000509205.1	data/raw/photobacterium_primary_500_ncbi/ncbi_dataset/data/GCF_000509205.1/GCF_000509205.1_ASM50920v1_genomic.fna	data/raw/photobacterium_primary_500_ncbi/ncbi_dataset/data/GCF_000509205.1/protein.faa	data/raw/photobacterium_primary_500_ncbi/ncbi_dataset/data/GCF_000509205.1/genomic.gff
GCF_000613045.3	data/raw/photobacterium_primary_500_ncbi/ncbi_dataset/data/GCF_000613045.3/GCF_000613045.3_BDW_PRJEB5262_genomic.fna	data/raw/photobacterium_primary_500_ncbi/ncbi_dataset/data/GCF_000613045.3/protein.faa	data/raw/photobacterium_primary_500_ncbi/ncbi_dataset/data/GCF_000613045.3/genomic.gff
GCF_000808615.1	data/raw/photobacterium_primary_500_ncbi/ncbi_dataset/data/GCF_000808615.1/GCF_000808615.1_ASM80861v1_genomic.fna	data/raw/photobacterium_primary_500_ncbi/ncbi_dataset/data/GCF_000808615.1/protein.faa	data/raw/photobacterium_primary_500_ncbi/ncbi_dataset/data/GCF_000808615.1/genomic.gff
GCF_000949935.1	data/raw/photobacterium_primary_500_ncbi/ncbi_dataset/data/GCF_000949935.1/GCF_000949935.1_CFSAN029430_01.0_genomic.fna	data/raw/photobacterium_primary_500_ncbi/ncbi_dataset/data/GCF_000949935.1/protein.faa	data/raw/photobacterium_primary_500_ncbi/ncbi_dataset/data/GCF_000949935.1/genomic.gff
GCF_000949955.1	data/raw/photobacterium_primary_500_ncbi/ncbi_dataset/data/GCF_000949955.1/GCF_000949955.1_CFSAN029438_01.0_genomic.fna	data/raw/photobacterium_primary_500_ncbi/ncbi_dataset/data/GCF_000949955.1/protein.faa	data/raw/photobacterium_primary_500_ncbi/ncbi_dataset/data/GCF_000949955.1/genomic.gff
GCF_000949965.1	data/raw/photobacterium_primary_500_ncbi/ncbi_dataset/data/GCF_000949965.1/GCF_000949965.1_CFSAN029419_01.0_genomic.fna	data/raw/photobacterium_primary_500_ncbi/ncbi_dataset/data/GCF_000949965.1/protein.faa	data/raw/photobacterium_primary_500_ncbi/ncbi_dataset/data/GCF_000949965.1/genomic.gff
GCF_000950005.1	data/raw/photobacterium_primary_500_ncbi/ncbi_dataset/data/GCF_000950005.1/GCF_000950005.1_CFSAN029433_01.0_genomic.fna	data/raw/photobacterium_primary_500_ncbi/ncbi_dataset/data/GCF_000950005.1/protein.faa	data/raw/photobacterium_primary_500_ncbi/ncbi_dataset/data/GCF_000950005.1/genomic.gff
GCF_000950015.1	data/raw/photobacterium_primary_500_ncbi/ncbi_dataset/data/GCF_000950015.1/GCF_000950015.1_CFSAN029434_01.0_genomic.fna	data/raw/photobacterium_primary_500_ncbi/ncbi_dataset/data/GCF_000950015.1/protein.faa	data/raw/photobacterium_primary_500_ncbi/ncbi_dataset/data/GCF_000950015.1/genomic.gff
GCF_000950025.1	data/raw/photobacterium_primary_500_ncbi/ncbi_dataset/data/GCF_000950025.1/GCF_000950025.1_CFSAN029427_01.0_genomic.fna	data/raw/photobacterium_primary_500_ncbi/ncbi_dataset/data/GCF_000950025.1/protein.faa	data/raw/photobacterium_primary_500_ncbi/ncbi_dataset/data/GCF_000950025.1/genomic.gff
GCF_000950075.1	data/raw/photobacterium_primary_500_ncbi/ncbi_dataset/data/GCF_000950075.1/GCF_000950075.1_CFSAN029418_01.0_genomic.fna	data/raw/photobacterium_primary_500_ncbi/ncbi_dataset/data/GCF_000950075.1/protein.faa	data/raw/photobacterium_primary_500_ncbi/ncbi_dataset/data/GCF_000950075.1/genomic.gff
GCF_000950085.1	data/raw/photobacterium_primary_500_ncbi/ncbi_dataset/data/GCF_000950085.1/GCF_000950085.1_CFSAN029422_01.0_genomic.fna	data/raw/photobacterium_primary_500_ncbi/ncbi_dataset/data/GCF_000950085.1/protein.faa	data/raw/photobacterium_primary_500_ncbi/ncbi_dataset/data/GCF_000950085.1/genomic.gff
GCF_000950095.1	data/raw/photobacterium_primary_500_ncbi/ncbi_dataset/data/GCF_000950095.1/GCF_000950095.1_CFSAN029432_01.0_genomic.fna	data/raw/photobacterium_primary_500_ncbi/ncbi_dataset/data/GCF_000950095.1/protein.faa	data/raw/photobacterium_primary_500_ncbi/ncbi_dataset/data/GCF_000950095.1/genomic.gff
GCF_000950135.1	data/raw/photobacterium_primary_500_ncbi/ncbi_dataset/data/GCF_000950135.1/GCF_000950135.1_CFSAN029417_01.0_genomic.fna	data/raw/photobacterium_primary_500_ncbi/ncbi_dataset/data/GCF_000950135.1/protein.faa	data/raw/photobacterium_primary_500_ncbi/ncbi_dataset/data/GCF_000950135.1/genomic.gff
GCF_000950155.1	data/raw/photobacterium_primary_500_ncbi/ncbi_dataset/data/GCF_000950155.1/GCF_000950155.1_CFSAN029425_01.0_genomic.fna	data/raw/photobacterium_primary_500_ncbi/ncbi_dataset/data/GCF_000950155.1/protein.faa	data/raw/photobacterium_primary_500_ncbi/ncbi_dataset/data/GCF_000950155.1/genomic.gff
GCF_000950185.1	data/raw/photobacterium_primary_500_ncbi/ncbi_dataset/data/GCF_000950185.1/GCF_000950185.1_CFSAN029429_01.0_genomic.fna	data/raw/photobacterium_primary_500_ncbi/ncbi_dataset/data/GCF_000950185.1/protein.faa	data/raw/photobacterium_primary_500_ncbi/ncbi_dataset/data/GCF_000950185.1/genomic.gff
GCF_000950215.1	data/raw/photobacterium_primary_500_ncbi/ncbi_dataset/data/GCF_000950215.1/GCF_000950215.1_CFSAN029426_01.0_genomic.fna	data/raw/photobacterium_primary_500_ncbi/ncbi_dataset/data/GCF_000950215.1/protein.faa	data/raw/photobacterium_primary_500_ncbi/ncbi_dataset/data/GCF_000950215.1/genomic.gff
GCF_000950225.1	data/raw/photobacterium_primary_500_ncbi/ncbi_dataset/data/GCF_000950225.1/GCF_000950225.1_CFSAN029428_01.0_genomic.fna	data/raw/photobacterium_primary_500_ncbi/ncbi_dataset/data/GCF_000950225.1/protein.faa	data/raw/photobacterium_primary_500_ncbi/ncbi_dataset/data/GCF_000950225.1/genomic.gff
GCF_000950255.1	data/raw/photobacterium_primary_500_ncbi/ncbi_dataset/data/GCF_000950255.1/GCF_000950255.1_CFSAN029435_01.0_genomic.fna	data/raw/photobacterium_primary_500_ncbi/ncbi_dataset/data/GCF_000950255.1/protein.faa	data/raw/photobacterium_primary_500_ncbi/ncbi_dataset/data/GCF_000950255.1/genomic.gff
GCF_000950275.1	data/raw/photobacterium_primary_500_ncbi/ncbi_dataset/data/GCF_000950275.1/GCF_000950275.1_CFSAN029424_01.0_genomic.fna	data/raw/photobacterium_primary_500_ncbi/ncbi_dataset/data/GCF_000950275.1/protein.faa	data/raw/photobacterium_primary_500_ncbi/ncbi_dataset/data/GCF_000950275.1/genomic.gff
GCF_000950335.1	data/raw/photobacterium_primary_500_ncbi/ncbi_dataset/data/GCF_000950335.1/GCF_000950335.1_CFSAN029420_01.0_genomic.fna	data/raw/photobacterium_primary_500_ncbi/ncbi_dataset/data/GCF_000950335.1/protein.faa	data/raw/photobacterium_primary_500_ncbi/ncbi_dataset/data/GCF_000950335.1/genomic.gff
GCF_000950355.1	data/raw/photobacterium_primary_500_ncbi/ncbi_dataset/data/GCF_000950355.1/GCF_000950355.1_CFSAN029421_01.0_genomic.fna	data/raw/photobacterium_primary_500_ncbi/ncbi_dataset/data/GCF_000950355.1/protein.faa	data/raw/photobacterium_primary_500_ncbi/ncbi_dataset/data/GCF_000950355.1/genomic.gff
GCF_000950375.1	data/raw/photobacterium_primary_500_ncbi/ncbi_dataset/data/GCF_000950375.1/GCF_000950375.1_CFSAN029423_01.0_genomic.fna	data/raw/photobacterium_primary_500_ncbi/ncbi_dataset/data/GCF_000950375.1/protein.faa	data/raw/photobacterium_primary_500_ncbi/ncbi_dataset/data/GCF_000950375.1/genomic.gff
GCF_000950415.1	data/raw/photobacterium_primary_500_ncbi/ncbi_dataset/data/GCF_000950415.1/GCF_000950415.1_CFSAN029437_01.0_genomic.fna	data/raw/photobacterium_primary_500_ncbi/ncbi_dataset/data/GCF_000950415.1/protein.faa	data/raw/photobacterium_primary_500_ncbi/ncbi_dataset/data/GCF_000950415.1/genomic.gff
GCF_000950435.1	data/raw/photobacterium_primary_500_ncbi/ncbi_dataset/data/GCF_000950435.1/GCF_000950435.1_CFSAN029436_01.0_genomic.fna	data/raw/photobacterium_primary_500_ncbi/ncbi_dataset/data/GCF_000950435.1/protein.faa	data/raw/photobacterium_primary_500_ncbi/ncbi_dataset/data/GCF_000950435.1/genomic.gff
GCF_000972145.1	data/raw/photobacterium_primary_500_ncbi/ncbi_dataset/data/GCF_000972145.1/GCF_000972145.1_ASM97214v1_genomic.fna	data/raw/photobacterium_primary_500_ncbi/ncbi_dataset/data/GCF_000972145.1/protein.faa	data/raw/photobacterium_primary_500_ncbi/ncbi_dataset/data/GCF_000972145.1/genomic.gff
GCF_001029435.1	data/raw/photobacterium_primary_500_ncbi/ncbi_dataset/data/GCF_001029435.1/GCF_001029435.1_ASM102943v1_genomic.fna	data/raw/photobacterium_primary_500_ncbi/ncbi_dataset/data/GCF_001029435.1/protein.faa	data/raw/photobacterium_primary_500_ncbi/ncbi_dataset/data/GCF_001029435.1/genomic.gff
GCF_001029445.1	data/raw/photobacterium_primary_500_ncbi/ncbi_dataset/data/GCF_001029445.1/GCF_001029445.1_ASM102944v1_genomic.fna	data/raw/photobacterium_primary_500_ncbi/ncbi_dataset/data/GCF_001029445.1/protein.faa	data/raw/photobacterium_primary_500_ncbi/ncbi_dataset/data/GCF_001029445.1/genomic.gff
GCF_001029455.1	data/raw/photobacterium_primary_500_ncbi/ncbi_dataset/data/GCF_001029455.1/GCF_001029455.1_ASM102945v1_genomic.fna	data/raw/photobacterium_primary_500_ncbi/ncbi_dataset/data/GCF_001029455.1/protein.faa	data/raw/photobacterium_primary_500_ncbi/ncbi_dataset/data/GCF_001029455.1/genomic.gff
GCF_001455895.1	data/raw/photobacterium_primary_500_ncbi/ncbi_dataset/data/GCF_001455895.1/GCF_001455895.1_ASM145589v1_genomic.fna	data/raw/photobacterium_primary_500_ncbi/ncbi_dataset/data/GCF_001455895.1/protein.faa	data/raw/photobacterium_primary_500_ncbi/ncbi_dataset/data/GCF_001455895.1/genomic.gff
GCF_001557755.1	data/raw/photobacterium_primary_500_ncbi/ncbi_dataset/data/GCF_001557755.1/GCF_001557755.1_ASM155775v1_genomic.fna	data/raw/photobacterium_primary_500_ncbi/ncbi_dataset/data/GCF_001557755.1/protein.faa	data/raw/photobacterium_primary_500_ncbi/ncbi_dataset/data/GCF_001557755.1/genomic.gff
GCF_001558075.1	data/raw/photobacterium_primary_500_ncbi/ncbi_dataset/data/GCF_001558075.1/GCF_001558075.1_ASM155807v1_genomic.fna	data/raw/photobacterium_primary_500_ncbi/ncbi_dataset/data/GCF_001558075.1/protein.faa	data/raw/photobacterium_primary_500_ncbi/ncbi_dataset/data/GCF_001558075.1/genomic.gff
GCF_001558115.1	data/raw/photobacterium_primary_500_ncbi/ncbi_dataset/data/GCF_001558115.1/GCF_001558115.1_ASM155811v1_genomic.fna	data/raw/photobacterium_primary_500_ncbi/ncbi_dataset/data/GCF_001558115.1/protein.faa	data/raw/photobacterium_primary_500_ncbi/ncbi_dataset/data/GCF_001558115.1/genomic.gff
GCF_001650345.1	data/raw/photobacterium_primary_500_ncbi/ncbi_dataset/data/GCF_001650345.1/GCF_001650345.1_ASM165034v1_genomic.fna	data/raw/photobacterium_primary_500_ncbi/ncbi_dataset/data/GCF_001650345.1/protein.faa	data/raw/photobacterium_primary_500_ncbi/ncbi_dataset/data/GCF_001650345.1/genomic.gff
GCF_001676065.1	data/raw/photobacterium_primary_500_ncbi/ncbi_dataset/data/GCF_001676065.1/GCF_001676065.1_ASM167606v1_genomic.fna	data/raw/photobacterium_primary_500_ncbi/ncbi_dataset/data/GCF_001676065.1/protein.faa	data/raw/photobacterium_primary_500_ncbi/ncbi_dataset/data/GCF_001676065.1/genomic.gff
GCF_001676075.1	data/raw/photobacterium_primary_500_ncbi/ncbi_dataset/data/GCF_001676075.1/GCF_001676075.1_ASM167607v1_genomic.fna	data/raw/photobacterium_primary_500_ncbi/ncbi_dataset/data/GCF_001676075.1/protein.faa	data/raw/photobacterium_primary_500_ncbi/ncbi_dataset/data/GCF_001676075.1/genomic.gff
GCF_001676085.1	data/raw/photobacterium_primary_500_ncbi/ncbi_dataset/data/GCF_001676085.1/GCF_001676085.1_ASM167608v1_genomic.fna	data/raw/photobacterium_primary_500_ncbi/ncbi_dataset/data/GCF_001676085.1/protein.faa	data/raw/photobacterium_primary_500_ncbi/ncbi_dataset/data/GCF_001676085.1/genomic.gff
GCF_001676135.1	data/raw/photobacterium_primary_500_ncbi/ncbi_dataset/data/GCF_001676135.1/GCF_001676135.1_ASM167613v1_genomic.fna	data/raw/photobacterium_primary_500_ncbi/ncbi_dataset/data/GCF_001676135.1/protein.faa	data/raw/photobacterium_primary_500_ncbi/ncbi_dataset/data/GCF_001676135.1/genomic.gff
GCF_001676145.1	data/raw/photobacterium_primary_500_ncbi/ncbi_dataset/data/GCF_001676145.1/GCF_001676145.1_ASM167614v1_genomic.fna	data/raw/photobacterium_primary_500_ncbi/ncbi_dataset/data/GCF_001676145.1/protein.faa	data/raw/photobacterium_primary_500_ncbi/ncbi_dataset/data/GCF_001676145.1/genomic.gff
GCF_001676195.1	data/raw/photobacterium_primary_500_ncbi/ncbi_dataset/data/GCF_001676195.1/GCF_001676195.1_ASM167619v1_genomic.fna	data/raw/photobacterium_primary_500_ncbi/ncbi_dataset/data/GCF_001676195.1/protein.faa	data/raw/photobacterium_primary_500_ncbi/ncbi_dataset/data/GCF_001676195.1/genomic.gff
GCF_001676215.1	data/raw/photobacterium_primary_500_ncbi/ncbi_dataset/data/GCF_001676215.1/GCF_001676215.1_ASM167621v1_genomic.fna	data/raw/photobacterium_primary_500_ncbi/ncbi_dataset/data/GCF_001676215.1/protein.faa	data/raw/photobacterium_primary_500_ncbi/ncbi_dataset/data/GCF_001676215.1/genomic.gff
GCF_001676235.1	data/raw/photobacterium_primary_500_ncbi/ncbi_dataset/data/GCF_001676235.1/GCF_001676235.1_ASM167623v1_genomic.fna	data/raw/photobacterium_primary_500_ncbi/ncbi_dataset/data/GCF_001676235.1/protein.faa	data/raw/photobacterium_primary_500_ncbi/ncbi_dataset/data/GCF_001676235.1/genomic.gff
GCF_001676275.1	data/raw/photobacterium_primary_500_ncbi/ncbi_dataset/data/GCF_001676275.1/GCF_001676275.1_ASM167627v1_genomic.fna	data/raw/photobacterium_primary_500_ncbi/ncbi_dataset/data/GCF_001676275.1/protein.faa	data/raw/photobacterium_primary_500_ncbi/ncbi_dataset/data/GCF_001676275.1/genomic.gff
GCF_001707815.1	data/raw/photobacterium_primary_500_ncbi/ncbi_dataset/data/GCF_001707815.1/GCF_001707815.1_ASM170781v1_genomic.fna	data/raw/photobacterium_primary_500_ncbi/ncbi_dataset/data/GCF_001707815.1/protein.faa	data/raw/photobacterium_primary_500_ncbi/ncbi_dataset/data/GCF_001707815.1/genomic.gff
GCF_001708035.2	data/raw/photobacterium_primary_500_ncbi/ncbi_dataset/data/GCF_001708035.2/GCF_001708035.2_ASM170803v2_genomic.fna	data/raw/photobacterium_primary_500_ncbi/ncbi_dataset/data/GCF_001708035.2/protein.faa	data/raw/photobacterium_primary_500_ncbi/ncbi_dataset/data/GCF_001708035.2/genomic.gff
GCF_001729115.1	data/raw/photobacterium_primary_500_ncbi/ncbi_dataset/data/GCF_001729115.1/GCF_001729115.1_ASM172911v1_genomic.fna	data/raw/photobacterium_primary_500_ncbi/ncbi_dataset/data/GCF_001729115.1/protein.faa	data/raw/photobacterium_primary_500_ncbi/ncbi_dataset/data/GCF_001729115.1/genomic.gff
GCF_002142615.1	data/raw/photobacterium_primary_500_ncbi/ncbi_dataset/data/GCF_002142615.1/GCF_002142615.1_ASM214261v1_genomic.fna	data/raw/photobacterium_primary_500_ncbi/ncbi_dataset/data/GCF_002142615.1/protein.faa	data/raw/photobacterium_primary_500_ncbi/ncbi_dataset/data/GCF_002142615.1/genomic.gff
GCF_002157645.1	data/raw/photobacterium_primary_500_ncbi/ncbi_dataset/data/GCF_002157645.1/GCF_002157645.1_ASM215764v1_genomic.fna	data/raw/photobacterium_primary_500_ncbi/ncbi_dataset/data/GCF_002157645.1/protein.faa	data/raw/photobacterium_primary_500_ncbi/ncbi_dataset/data/GCF_002157645.1/genomic.gff
GCF_002356235.1	data/raw/photobacterium_primary_500_ncbi/ncbi_dataset/data/GCF_002356235.1/GCF_002356235.1_ASM235623v1_genomic.fna	data/raw/photobacterium_primary_500_ncbi/ncbi_dataset/data/GCF_002356235.1/protein.faa	data/raw/photobacterium_primary_500_ncbi/ncbi_dataset/data/GCF_002356235.1/genomic.gff
GCF_002849605.1	data/raw/photobacterium_primary_500_ncbi/ncbi_dataset/data/GCF_002849605.1/GCF_002849605.1_ASM284960v1_genomic.fna	data/raw/photobacterium_primary_500_ncbi/ncbi_dataset/data/GCF_002849605.1/protein.faa	data/raw/photobacterium_primary_500_ncbi/ncbi_dataset/data/GCF_002849605.1/genomic.gff
GCF_002954455.1	data/raw/photobacterium_primary_500_ncbi/ncbi_dataset/data/GCF_002954455.1/GCF_002954455.1_ASM295445v1_genomic.fna	data/raw/photobacterium_primary_500_ncbi/ncbi_dataset/data/GCF_002954455.1/protein.faa	data/raw/photobacterium_primary_500_ncbi/ncbi_dataset/data/GCF_002954455.1/genomic.gff
GCF_002954615.1	data/raw/photobacterium_primary_500_ncbi/ncbi_dataset/data/GCF_002954615.1/GCF_002954615.1_ASM295461v1_genomic.fna	data/raw/photobacterium_primary_500_ncbi/ncbi_dataset/data/GCF_002954615.1/protein.faa	data/raw/photobacterium_primary_500_ncbi/ncbi_dataset/data/GCF_002954615.1/genomic.gff
GCF_002954725.1	data/raw/photobacterium_primary_500_ncbi/ncbi_dataset/data/GCF_002954725.1/GCF_002954725.1_ASM295472v1_genomic.fna	data/raw/photobacterium_primary_500_ncbi/ncbi_dataset/data/GCF_002954725.1/protein.faa	data/raw/photobacterium_primary_500_ncbi/ncbi_dataset/data/GCF_002954725.1/genomic.gff
GCF_003004505.1	data/raw/photobacterium_primary_500_ncbi/ncbi_dataset/data/GCF_003004505.1/GCF_003004505.1_ASM300450v1_genomic.fna	data/raw/photobacterium_primary_500_ncbi/ncbi_dataset/data/GCF_003004505.1/protein.faa	data/raw/photobacterium_primary_500_ncbi/ncbi_dataset/data/GCF_003004505.1/genomic.gff
GCF_003004585.1	data/raw/photobacterium_primary_500_ncbi/ncbi_dataset/data/GCF_003004585.1/GCF_003004585.1_ASM300458v1_genomic.fna	data/raw/photobacterium_primary_500_ncbi/ncbi_dataset/data/GCF_003004585.1/protein.faa	data/raw/photobacterium_primary_500_ncbi/ncbi_dataset/data/GCF_003004585.1/genomic.gff
GCF_003004595.1	data/raw/photobacterium_primary_500_ncbi/ncbi_dataset/data/GCF_003004595.1/GCF_003004595.1_ASM300459v1_genomic.fna	data/raw/photobacterium_primary_500_ncbi/ncbi_dataset/data/GCF_003004595.1/protein.faa	data/raw/photobacterium_primary_500_ncbi/ncbi_dataset/data/GCF_003004595.1/genomic.gff
GCF_003004605.1	data/raw/photobacterium_primary_500_ncbi/ncbi_dataset/data/GCF_003004605.1/GCF_003004605.1_ASM300460v1_genomic.fna	data/raw/photobacterium_primary_500_ncbi/ncbi_dataset/data/GCF_003004605.1/protein.faa	data/raw/photobacterium_primary_500_ncbi/ncbi_dataset/data/GCF_003004605.1/genomic.gff
GCF_003025415.1	data/raw/photobacterium_primary_500_ncbi/ncbi_dataset/data/GCF_003025415.1/GCF_003025415.1_ASM302541v1_genomic.fna	data/raw/photobacterium_primary_500_ncbi/ncbi_dataset/data/GCF_003025415.1/protein.faa	data/raw/photobacterium_primary_500_ncbi/ncbi_dataset/data/GCF_003025415.1/genomic.gff
GCF_003025425.1	data/raw/photobacterium_primary_500_ncbi/ncbi_dataset/data/GCF_003025425.1/GCF_003025425.1_ASM302542v1_genomic.fna	data/raw/photobacterium_primary_500_ncbi/ncbi_dataset/data/GCF_003025425.1/protein.faa	data/raw/photobacterium_primary_500_ncbi/ncbi_dataset/data/GCF_003025425.1/genomic.gff
GCF_003025455.1	data/raw/photobacterium_primary_500_ncbi/ncbi_dataset/data/GCF_003025455.1/GCF_003025455.1_ASM302545v1_genomic.fna	data/raw/photobacterium_primary_500_ncbi/ncbi_dataset/data/GCF_003025455.1/protein.faa	data/raw/photobacterium_primary_500_ncbi/ncbi_dataset/data/GCF_003025455.1/genomic.gff
GCF_003025475.1	data/raw/photobacterium_primary_500_ncbi/ncbi_dataset/data/GCF_003025475.1/GCF_003025475.1_ASM302547v1_genomic.fna	data/raw/photobacterium_primary_500_ncbi/ncbi_dataset/data/GCF_003025475.1/protein.faa	data/raw/photobacterium_primary_500_ncbi/ncbi_dataset/data/GCF_003025475.1/genomic.gff
GCF_003025495.1	data/raw/photobacterium_primary_500_ncbi/ncbi_dataset/data/GCF_003025495.1/GCF_003025495.1_ASM302549v1_genomic.fna	data/raw/photobacterium_primary_500_ncbi/ncbi_dataset/data/GCF_003025495.1/protein.faa	data/raw/photobacterium_primary_500_ncbi/ncbi_dataset/data/GCF_003025495.1/genomic.gff
GCF_003025535.1	data/raw/photobacterium_primary_500_ncbi/ncbi_dataset/data/GCF_003025535.1/GCF_003025535.1_ASM302553v1_genomic.fna	data/raw/photobacterium_primary_500_ncbi/ncbi_dataset/data/GCF_003025535.1/protein.faa	data/raw/photobacterium_primary_500_ncbi/ncbi_dataset/data/GCF_003025535.1/genomic.gff
GCF_003025555.1	data/raw/photobacterium_primary_500_ncbi/ncbi_dataset/data/GCF_003025555.1/GCF_003025555.1_ASM302555v1_genomic.fna	data/raw/photobacterium_primary_500_ncbi/ncbi_dataset/data/GCF_003025555.1/protein.faa	data/raw/photobacterium_primary_500_ncbi/ncbi_dataset/data/GCF_003025555.1/genomic.gff
GCF_003025575.1	data/raw/photobacterium_primary_500_ncbi/ncbi_dataset/data/GCF_003025575.1/GCF_003025575.1_ASM302557v1_genomic.fna	data/raw/photobacterium_primary_500_ncbi/ncbi_dataset/data/GCF_003025575.1/protein.faa	data/raw/photobacterium_primary_500_ncbi/ncbi_dataset/data/GCF_003025575.1/genomic.gff
GCF_003025595.1	data/raw/photobacterium_primary_500_ncbi/ncbi_dataset/data/GCF_003025595.1/GCF_003025595.1_ASM302559v1_genomic.fna	data/raw/photobacterium_primary_500_ncbi/ncbi_dataset/data/GCF_003025595.1/protein.faa	data/raw/photobacterium_primary_500_ncbi/ncbi_dataset/data/GCF_003025595.1/genomic.gff
GCF_003025615.1	data/raw/photobacterium_primary_500_ncbi/ncbi_dataset/data/GCF_003025615.1/GCF_003025615.1_ASM302561v1_genomic.fna	data/raw/photobacterium_primary_500_ncbi/ncbi_dataset/data/GCF_003025615.1/protein.faa	data/raw/photobacterium_primary_500_ncbi/ncbi_dataset/data/GCF_003025615.1/genomic.gff
GCF_003025625.1	data/raw/photobacterium_primary_500_ncbi/ncbi_dataset/data/GCF_003025625.1/GCF_003025625.1_ASM302562v1_genomic.fna	data/raw/photobacterium_primary_500_ncbi/ncbi_dataset/data/GCF_003025625.1/protein.faa	data/raw/photobacterium_primary_500_ncbi/ncbi_dataset/data/GCF_003025625.1/genomic.gff
GCF_003025655.1	data/raw/photobacterium_primary_500_ncbi/ncbi_dataset/data/GCF_003025655.1/GCF_003025655.1_ASM302565v1_genomic.fna	data/raw/photobacterium_primary_500_ncbi/ncbi_dataset/data/GCF_003025655.1/protein.faa	data/raw/photobacterium_primary_500_ncbi/ncbi_dataset/data/GCF_003025655.1/genomic.gff
GCF_003025675.1	data/raw/photobacterium_primary_500_ncbi/ncbi_dataset/data/GCF_003025675.1/GCF_003025675.1_ASM302567v1_genomic.fna	data/raw/photobacterium_primary_500_ncbi/ncbi_dataset/data/GCF_003025675.1/protein.faa	data/raw/photobacterium_primary_500_ncbi/ncbi_dataset/data/GCF_003025675.1/genomic.gff
GCF_003025695.1	data/raw/photobacterium_primary_500_ncbi/ncbi_dataset/data/GCF_003025695.1/GCF_003025695.1_ASM302569v1_genomic.fna	data/raw/photobacterium_primary_500_ncbi/ncbi_dataset/data/GCF_003025695.1/protein.faa	data/raw/photobacterium_primary_500_ncbi/ncbi_dataset/data/GCF_003025695.1/genomic.gff
GCF_003025715.1	data/raw/photobacterium_primary_500_ncbi/ncbi_dataset/data/GCF_003025715.1/GCF_003025715.1_ASM302571v1_genomic.fna	data/raw/photobacterium_primary_500_ncbi/ncbi_dataset/data/GCF_003025715.1/protein.faa	data/raw/photobacterium_primary_500_ncbi/ncbi_dataset/data/GCF_003025715.1/genomic.gff
GCF_003025735.1	data/raw/photobacterium_primary_500_ncbi/ncbi_dataset/data/GCF_003025735.1/GCF_003025735.1_ASM302573v1_genomic.fna	data/raw/photobacterium_primary_500_ncbi/ncbi_dataset/data/GCF_003025735.1/protein.faa	data/raw/photobacterium_primary_500_ncbi/ncbi_dataset/data/GCF_003025735.1/genomic.gff
GCF_003025755.1	data/raw/photobacterium_primary_500_ncbi/ncbi_dataset/data/GCF_003025755.1/GCF_003025755.1_ASM302575v1_genomic.fna	data/raw/photobacterium_primary_500_ncbi/ncbi_dataset/data/GCF_003025755.1/protein.faa	data/raw/photobacterium_primary_500_ncbi/ncbi_dataset/data/GCF_003025755.1/genomic.gff
GCF_003025775.1	data/raw/photobacterium_primary_500_ncbi/ncbi_dataset/data/GCF_003025775.1/GCF_003025775.1_ASM302577v1_genomic.fna	data/raw/photobacterium_primary_500_ncbi/ncbi_dataset/data/GCF_003025775.1/protein.faa	data/raw/photobacterium_primary_500_ncbi/ncbi_dataset/data/GCF_003025775.1/genomic.gff
GCF_003025795.1	data/raw/photobacterium_primary_500_ncbi/ncbi_dataset/data/GCF_003025795.1/GCF_003025795.1_ASM302579v1_genomic.fna	data/raw/photobacterium_primary_500_ncbi/ncbi_dataset/data/GCF_003025795.1/protein.faa	data/raw/photobacterium_primary_500_ncbi/ncbi_dataset/data/GCF_003025795.1/genomic.gff
GCF_003025815.1	data/raw/photobacterium_primary_500_ncbi/ncbi_dataset/data/GCF_003025815.1/GCF_003025815.1_ASM302581v1_genomic.fna	data/raw/photobacterium_primary_500_ncbi/ncbi_dataset/data/GCF_003025815.1/protein.faa	data/raw/photobacterium_primary_500_ncbi/ncbi_dataset/data/GCF_003025815.1/genomic.gff
GCF_003025835.1	data/raw/photobacterium_primary_500_ncbi/ncbi_dataset/data/GCF_003025835.1/GCF_003025835.1_ASM302583v1_genomic.fna	data/raw/photobacterium_primary_500_ncbi/ncbi_dataset/data/GCF_003025835.1/protein.faa	data/raw/photobacterium_primary_500_ncbi/ncbi_dataset/data/GCF_003025835.1/genomic.gff
GCF_003025855.1	data/raw/photobacterium_primary_500_ncbi/ncbi_dataset/data/GCF_003025855.1/GCF_003025855.1_ASM302585v1_genomic.fna	data/raw/photobacterium_primary_500_ncbi/ncbi_dataset/data/GCF_003025855.1/protein.faa	data/raw/photobacterium_primary_500_ncbi/ncbi_dataset/data/GCF_003025855.1/genomic.gff
GCF_003025875.1	data/raw/photobacterium_primary_500_ncbi/ncbi_dataset/data/GCF_003025875.1/GCF_003025875.1_ASM302587v1_genomic.fna	data/raw/photobacterium_primary_500_ncbi/ncbi_dataset/data/GCF_003025875.1/protein.faa	data/raw/photobacterium_primary_500_ncbi/ncbi_dataset/data/GCF_003025875.1/genomic.gff
GCF_003025895.1	data/raw/photobacterium_primary_500_ncbi/ncbi_dataset/data/GCF_003025895.1/GCF_003025895.1_ASM302589v1_genomic.fna	data/raw/photobacterium_primary_500_ncbi/ncbi_dataset/data/GCF_003025895.1/protein.faa	data/raw/photobacterium_primary_500_ncbi/ncbi_dataset/data/GCF_003025895.1/genomic.gff
GCF_003025935.1	data/raw/photobacterium_primary_500_ncbi/ncbi_dataset/data/GCF_003025935.1/GCF_003025935.1_ASM302593v1_genomic.fna	data/raw/photobacterium_primary_500_ncbi/ncbi_dataset/data/GCF_003025935.1/protein.faa	data/raw/photobacterium_primary_500_ncbi/ncbi_dataset/data/GCF_003025935.1/genomic.gff
GCF_003025945.1	data/raw/photobacterium_primary_500_ncbi/ncbi_dataset/data/GCF_003025945.1/GCF_003025945.1_ASM302594v1_genomic.fna	data/raw/photobacterium_primary_500_ncbi/ncbi_dataset/data/GCF_003025945.1/protein.faa	data/raw/photobacterium_primary_500_ncbi/ncbi_dataset/data/GCF_003025945.1/genomic.gff
GCF_003025975.1	data/raw/photobacterium_primary_500_ncbi/ncbi_dataset/data/GCF_003025975.1/GCF_003025975.1_ASM302597v1_genomic.fna	data/raw/photobacterium_primary_500_ncbi/ncbi_dataset/data/GCF_003025975.1/protein.faa	data/raw/photobacterium_primary_500_ncbi/ncbi_dataset/data/GCF_003025975.1/genomic.gff
GCF_003025995.1	data/raw/photobacterium_primary_500_ncbi/ncbi_dataset/data/GCF_003025995.1/GCF_003025995.1_ASM302599v1_genomic.fna	data/raw/photobacterium_primary_500_ncbi/ncbi_dataset/data/GCF_003025995.1/protein.faa	data/raw/photobacterium_primary_500_ncbi/ncbi_dataset/data/GCF_003025995.1/genomic.gff
GCF_003026015.1	data/raw/photobacterium_primary_500_ncbi/ncbi_dataset/data/GCF_003026015.1/GCF_003026015.1_ASM302601v1_genomic.fna	data/raw/photobacterium_primary_500_ncbi/ncbi_dataset/data/GCF_003026015.1/protein.faa	data/raw/photobacterium_primary_500_ncbi/ncbi_dataset/data/GCF_003026015.1/genomic.gff
GCF_003026055.1	data/raw/photobacterium_primary_500_ncbi/ncbi_dataset/data/GCF_003026055.1/GCF_003026055.1_ASM302605v1_genomic.fna	data/raw/photobacterium_primary_500_ncbi/ncbi_dataset/data/GCF_003026055.1/protein.faa	data/raw/photobacterium_primary_500_ncbi/ncbi_dataset/data/GCF_003026055.1/genomic.gff
GCF_003026075.1	data/raw/photobacterium_primary_500_ncbi/ncbi_dataset/data/GCF_003026075.1/GCF_003026075.1_ASM302607v1_genomic.fna	data/raw/photobacterium_primary_500_ncbi/ncbi_dataset/data/GCF_003026075.1/protein.faa	data/raw/photobacterium_primary_500_ncbi/ncbi_dataset/data/GCF_003026075.1/genomic.gff
GCF_003026095.1	data/raw/photobacterium_primary_500_ncbi/ncbi_dataset/data/GCF_003026095.1/GCF_003026095.1_ASM302609v1_genomic.fna	data/raw/photobacterium_primary_500_ncbi/ncbi_dataset/data/GCF_003026095.1/protein.faa	data/raw/photobacterium_primary_500_ncbi/ncbi_dataset/data/GCF_003026095.1/genomic.gff
GCF_003026105.1	data/raw/photobacterium_primary_500_ncbi/ncbi_dataset/data/GCF_003026105.1/GCF_003026105.1_ASM302610v1_genomic.fna	data/raw/photobacterium_primary_500_ncbi/ncbi_dataset/data/GCF_003026105.1/protein.faa	data/raw/photobacterium_primary_500_ncbi/ncbi_dataset/data/GCF_003026105.1/genomic.gff
GCF_003026135.1	data/raw/photobacterium_primary_500_ncbi/ncbi_dataset/data/GCF_003026135.1/GCF_003026135.1_ASM302613v1_genomic.fna	data/raw/photobacterium_primary_500_ncbi/ncbi_dataset/data/GCF_003026135.1/protein.faa	data/raw/photobacterium_primary_500_ncbi/ncbi_dataset/data/GCF_003026135.1/genomic.gff
GCF_003026155.1	data/raw/photobacterium_primary_500_ncbi/ncbi_dataset/data/GCF_003026155.1/GCF_003026155.1_ASM302615v1_genomic.fna	data/raw/photobacterium_primary_500_ncbi/ncbi_dataset/data/GCF_003026155.1/protein.faa	data/raw/photobacterium_primary_500_ncbi/ncbi_dataset/data/GCF_003026155.1/genomic.gff
GCF_003026165.1	data/raw/photobacterium_primary_500_ncbi/ncbi_dataset/data/GCF_003026165.1/GCF_003026165.1_ASM302616v1_genomic.fna	data/raw/photobacterium_primary_500_ncbi/ncbi_dataset/data/GCF_003026165.1/protein.faa	data/raw/photobacterium_primary_500_ncbi/ncbi_dataset/data/GCF_003026165.1/genomic.gff
GCF_003026175.1	data/raw/photobacterium_primary_500_ncbi/ncbi_dataset/data/GCF_003026175.1/GCF_003026175.1_ASM302617v1_genomic.fna	data/raw/photobacterium_primary_500_ncbi/ncbi_dataset/data/GCF_003026175.1/protein.faa	data/raw/photobacterium_primary_500_ncbi/ncbi_dataset/data/GCF_003026175.1/genomic.gff
GCF_003026215.1	data/raw/photobacterium_primary_500_ncbi/ncbi_dataset/data/GCF_003026215.1/GCF_003026215.1_ASM302621v1_genomic.fna	data/raw/photobacterium_primary_500_ncbi/ncbi_dataset/data/GCF_003026215.1/protein.faa	data/raw/photobacterium_primary_500_ncbi/ncbi_dataset/data/GCF_003026215.1/genomic.gff
GCF_003026235.1	data/raw/photobacterium_primary_500_ncbi/ncbi_dataset/data/GCF_003026235.1/GCF_003026235.1_ASM302623v1_genomic.fna	data/raw/photobacterium_primary_500_ncbi/ncbi_dataset/data/GCF_003026235.1/protein.faa	data/raw/photobacterium_primary_500_ncbi/ncbi_dataset/data/GCF_003026235.1/genomic.gff
GCF_003026245.1	data/raw/photobacterium_primary_500_ncbi/ncbi_dataset/data/GCF_003026245.1/GCF_003026245.1_ASM302624v1_genomic.fna	data/raw/photobacterium_primary_500_ncbi/ncbi_dataset/data/GCF_003026245.1/protein.faa	data/raw/photobacterium_primary_500_ncbi/ncbi_dataset/data/GCF_003026245.1/genomic.gff
GCF_003026275.1	data/raw/photobacterium_primary_500_ncbi/ncbi_dataset/data/GCF_003026275.1/GCF_003026275.1_ASM302627v1_genomic.fna	data/raw/photobacterium_primary_500_ncbi/ncbi_dataset/data/GCF_003026275.1/protein.faa	data/raw/photobacterium_primary_500_ncbi/ncbi_dataset/data/GCF_003026275.1/genomic.gff
GCF_003026285.1	data/raw/photobacterium_primary_500_ncbi/ncbi_dataset/data/GCF_003026285.1/GCF_003026285.1_ASM302628v1_genomic.fna	data/raw/photobacterium_primary_500_ncbi/ncbi_dataset/data/GCF_003026285.1/protein.faa	data/raw/photobacterium_primary_500_ncbi/ncbi_dataset/data/GCF_003026285.1/genomic.gff
GCF_003026315.1	data/raw/photobacterium_primary_500_ncbi/ncbi_dataset/data/GCF_003026315.1/GCF_003026315.1_ASM302631v1_genomic.fna	data/raw/photobacterium_primary_500_ncbi/ncbi_dataset/data/GCF_003026315.1/protein.faa	data/raw/photobacterium_primary_500_ncbi/ncbi_dataset/data/GCF_003026315.1/genomic.gff
GCF_003026335.1	data/raw/photobacterium_primary_500_ncbi/ncbi_dataset/data/GCF_003026335.1/GCF_003026335.1_ASM302633v1_genomic.fna	data/raw/photobacterium_primary_500_ncbi/ncbi_dataset/data/GCF_003026335.1/protein.faa	data/raw/photobacterium_primary_500_ncbi/ncbi_dataset/data/GCF_003026335.1/genomic.gff
GCF_003026355.1	data/raw/photobacterium_primary_500_ncbi/ncbi_dataset/data/GCF_003026355.1/GCF_003026355.1_ASM302635v1_genomic.fna	data/raw/photobacterium_primary_500_ncbi/ncbi_dataset/data/GCF_003026355.1/protein.faa	data/raw/photobacterium_primary_500_ncbi/ncbi_dataset/data/GCF_003026355.1/genomic.gff
GCF_003026365.1	data/raw/photobacterium_primary_500_ncbi/ncbi_dataset/data/GCF_003026365.1/GCF_003026365.1_ASM302636v1_genomic.fna	data/raw/photobacterium_primary_500_ncbi/ncbi_dataset/data/GCF_003026365.1/protein.faa	data/raw/photobacterium_primary_500_ncbi/ncbi_dataset/data/GCF_003026365.1/genomic.gff
GCF_003026395.1	data/raw/photobacterium_primary_500_ncbi/ncbi_dataset/data/GCF_003026395.1/GCF_003026395.1_ASM302639v1_genomic.fna	data/raw/photobacterium_primary_500_ncbi/ncbi_dataset/data/GCF_003026395.1/protein.faa	data/raw/photobacterium_primary_500_ncbi/ncbi_dataset/data/GCF_003026395.1/genomic.gff
GCF_003026405.1	data/raw/photobacterium_primary_500_ncbi/ncbi_dataset/data/GCF_003026405.1/GCF_003026405.1_ASM302640v1_genomic.fna	data/raw/photobacterium_primary_500_ncbi/ncbi_dataset/data/GCF_003026405.1/protein.faa	data/raw/photobacterium_primary_500_ncbi/ncbi_dataset/data/GCF_003026405.1/genomic.gff
GCF_003026435.1	data/raw/photobacterium_primary_500_ncbi/ncbi_dataset/data/GCF_003026435.1/GCF_003026435.1_ASM302643v1_genomic.fna	data/raw/photobacterium_primary_500_ncbi/ncbi_dataset/data/GCF_003026435.1/protein.faa	data/raw/photobacterium_primary_500_ncbi/ncbi_dataset/data/GCF_003026435.1/genomic.gff
GCF_003026475.1	data/raw/photobacterium_primary_500_ncbi/ncbi_dataset/data/GCF_003026475.1/GCF_003026475.1_ASM302647v1_genomic.fna	data/raw/photobacterium_primary_500_ncbi/ncbi_dataset/data/GCF_003026475.1/protein.faa	data/raw/photobacterium_primary_500_ncbi/ncbi_dataset/data/GCF_003026475.1/genomic.gff
GCF_003026495.1	data/raw/photobacterium_primary_500_ncbi/ncbi_dataset/data/GCF_003026495.1/GCF_003026495.1_ASM302649v1_genomic.fna	data/raw/photobacterium_primary_500_ncbi/ncbi_dataset/data/GCF_003026495.1/protein.faa	data/raw/photobacterium_primary_500_ncbi/ncbi_dataset/data/GCF_003026495.1/genomic.gff
GCF_003026515.1	data/raw/photobacterium_primary_500_ncbi/ncbi_dataset/data/GCF_003026515.1/GCF_003026515.1_ASM302651v1_genomic.fna	data/raw/photobacterium_primary_500_ncbi/ncbi_dataset/data/GCF_003026515.1/protein.faa	data/raw/photobacterium_primary_500_ncbi/ncbi_dataset/data/GCF_003026515.1/genomic.gff
GCF_003026535.1	data/raw/photobacterium_primary_500_ncbi/ncbi_dataset/data/GCF_003026535.1/GCF_003026535.1_ASM302653v1_genomic.fna	data/raw/photobacterium_primary_500_ncbi/ncbi_dataset/data/GCF_003026535.1/protein.faa	data/raw/photobacterium_primary_500_ncbi/ncbi_dataset/data/GCF_003026535.1/genomic.gff
GCF_003026545.1	data/raw/photobacterium_primary_500_ncbi/ncbi_dataset/data/GCF_003026545.1/GCF_003026545.1_ASM302654v1_genomic.fna	data/raw/photobacterium_primary_500_ncbi/ncbi_dataset/data/GCF_003026545.1/protein.faa	data/raw/photobacterium_primary_500_ncbi/ncbi_dataset/data/GCF_003026545.1/genomic.gff
GCF_003026575.1	data/raw/photobacterium_primary_500_ncbi/ncbi_dataset/data/GCF_003026575.1/GCF_003026575.1_ASM302657v1_genomic.fna	data/raw/photobacterium_primary_500_ncbi/ncbi_dataset/data/GCF_003026575.1/protein.faa	data/raw/photobacterium_primary_500_ncbi/ncbi_dataset/data/GCF_003026575.1/genomic.gff
GCF_003026595.1	data/raw/photobacterium_primary_500_ncbi/ncbi_dataset/data/GCF_003026595.1/GCF_003026595.1_ASM302659v1_genomic.fna	data/raw/photobacterium_primary_500_ncbi/ncbi_dataset/data/GCF_003026595.1/protein.faa	data/raw/photobacterium_primary_500_ncbi/ncbi_dataset/data/GCF_003026595.1/genomic.gff
GCF_003026615.1	data/raw/photobacterium_primary_500_ncbi/ncbi_dataset/data/GCF_003026615.1/GCF_003026615.1_ASM302661v1_genomic.fna	data/raw/photobacterium_primary_500_ncbi/ncbi_dataset/data/GCF_003026615.1/protein.faa	data/raw/photobacterium_primary_500_ncbi/ncbi_dataset/data/GCF_003026615.1/genomic.gff
GCF_003026635.1	data/raw/photobacterium_primary_500_ncbi/ncbi_dataset/data/GCF_003026635.1/GCF_003026635.1_ASM302663v1_genomic.fna	data/raw/photobacterium_primary_500_ncbi/ncbi_dataset/data/GCF_003026635.1/protein.faa	data/raw/photobacterium_primary_500_ncbi/ncbi_dataset/data/GCF_003026635.1/genomic.gff
GCF_003026655.1	data/raw/photobacterium_primary_500_ncbi/ncbi_dataset/data/GCF_003026655.1/GCF_003026655.1_ASM302665v1_genomic.fna	data/raw/photobacterium_primary_500_ncbi/ncbi_dataset/data/GCF_003026655.1/protein.faa	data/raw/photobacterium_primary_500_ncbi/ncbi_dataset/data/GCF_003026655.1/genomic.gff
GCF_003026675.1	data/raw/photobacterium_primary_500_ncbi/ncbi_dataset/data/GCF_003026675.1/GCF_003026675.1_ASM302667v1_genomic.fna	data/raw/photobacterium_primary_500_ncbi/ncbi_dataset/data/GCF_003026675.1/protein.faa	data/raw/photobacterium_primary_500_ncbi/ncbi_dataset/data/GCF_003026675.1/genomic.gff
GCF_003026695.1	data/raw/photobacterium_primary_500_ncbi/ncbi_dataset/data/GCF_003026695.1/GCF_003026695.1_ASM302669v1_genomic.fna	data/raw/photobacterium_primary_500_ncbi/ncbi_dataset/data/GCF_003026695.1/protein.faa	data/raw/photobacterium_primary_500_ncbi/ncbi_dataset/data/GCF_003026695.1/genomic.gff
GCF_003026715.1	data/raw/photobacterium_primary_500_ncbi/ncbi_dataset/data/GCF_003026715.1/GCF_003026715.1_ASM302671v1_genomic.fna	data/raw/photobacterium_primary_500_ncbi/ncbi_dataset/data/GCF_003026715.1/protein.faa	data/raw/photobacterium_primary_500_ncbi/ncbi_dataset/data/GCF_003026715.1/genomic.gff
GCF_003026735.1	data/raw/photobacterium_primary_500_ncbi/ncbi_dataset/data/GCF_003026735.1/GCF_003026735.1_ASM302673v1_genomic.fna	data/raw/photobacterium_primary_500_ncbi/ncbi_dataset/data/GCF_003026735.1/protein.faa	data/raw/photobacterium_primary_500_ncbi/ncbi_dataset/data/GCF_003026735.1/genomic.gff
GCF_003026755.1	data/raw/photobacterium_primary_500_ncbi/ncbi_dataset/data/GCF_003026755.1/GCF_003026755.1_ASM302675v1_genomic.fna	data/raw/photobacterium_primary_500_ncbi/ncbi_dataset/data/GCF_003026755.1/protein.faa	data/raw/photobacterium_primary_500_ncbi/ncbi_dataset/data/GCF_003026755.1/genomic.gff
GCF_003026775.1	data/raw/photobacterium_primary_500_ncbi/ncbi_dataset/data/GCF_003026775.1/GCF_003026775.1_ASM302677v1_genomic.fna	data/raw/photobacterium_primary_500_ncbi/ncbi_dataset/data/GCF_003026775.1/protein.faa	data/raw/photobacterium_primary_500_ncbi/ncbi_dataset/data/GCF_003026775.1/genomic.gff
GCF_003026815.1	data/raw/photobacterium_primary_500_ncbi/ncbi_dataset/data/GCF_003026815.1/GCF_003026815.1_ASM302681v1_genomic.fna	data/raw/photobacterium_primary_500_ncbi/ncbi_dataset/data/GCF_003026815.1/protein.faa	data/raw/photobacterium_primary_500_ncbi/ncbi_dataset/data/GCF_003026815.1/genomic.gff
GCF_003026835.1	data/raw/photobacterium_primary_500_ncbi/ncbi_dataset/data/GCF_003026835.1/GCF_003026835.1_ASM302683v1_genomic.fna	data/raw/photobacterium_primary_500_ncbi/ncbi_dataset/data/GCF_003026835.1/protein.faa	data/raw/photobacterium_primary_500_ncbi/ncbi_dataset/data/GCF_003026835.1/genomic.gff
GCF_003026855.1	data/raw/photobacterium_primary_500_ncbi/ncbi_dataset/data/GCF_003026855.1/GCF_003026855.1_ASM302685v1_genomic.fna	data/raw/photobacterium_primary_500_ncbi/ncbi_dataset/data/GCF_003026855.1/protein.faa	data/raw/photobacterium_primary_500_ncbi/ncbi_dataset/data/GCF_003026855.1/genomic.gff
GCF_003026875.1	data/raw/photobacterium_primary_500_ncbi/ncbi_dataset/data/GCF_003026875.1/GCF_003026875.1_ASM302687v1_genomic.fna	data/raw/photobacterium_primary_500_ncbi/ncbi_dataset/data/GCF_003026875.1/protein.faa	data/raw/photobacterium_primary_500_ncbi/ncbi_dataset/data/GCF_003026875.1/genomic.gff
GCF_003026895.1	data/raw/photobacterium_primary_500_ncbi/ncbi_dataset/data/GCF_003026895.1/GCF_003026895.1_ASM302689v1_genomic.fna	data/raw/photobacterium_primary_500_ncbi/ncbi_dataset/data/GCF_003026895.1/protein.faa	data/raw/photobacterium_primary_500_ncbi/ncbi_dataset/data/GCF_003026895.1/genomic.gff
GCF_003026905.1	data/raw/photobacterium_primary_500_ncbi/ncbi_dataset/data/GCF_003026905.1/GCF_003026905.1_ASM302690v1_genomic.fna	data/raw/photobacterium_primary_500_ncbi/ncbi_dataset/data/GCF_003026905.1/protein.faa	data/raw/photobacterium_primary_500_ncbi/ncbi_dataset/data/GCF_003026905.1/genomic.gff
GCF_003026935.1	data/raw/photobacterium_primary_500_ncbi/ncbi_dataset/data/GCF_003026935.1/GCF_003026935.1_ASM302693v1_genomic.fna	data/raw/photobacterium_primary_500_ncbi/ncbi_dataset/data/GCF_003026935.1/protein.faa	data/raw/photobacterium_primary_500_ncbi/ncbi_dataset/data/GCF_003026935.1/genomic.gff
GCF_003026955.1	data/raw/photobacterium_primary_500_ncbi/ncbi_dataset/data/GCF_003026955.1/GCF_003026955.1_ASM302695v1_genomic.fna	data/raw/photobacterium_primary_500_ncbi/ncbi_dataset/data/GCF_003026955.1/protein.faa	data/raw/photobacterium_primary_500_ncbi/ncbi_dataset/data/GCF_003026955.1/genomic.gff
GCF_003026975.1	data/raw/photobacterium_primary_500_ncbi/ncbi_dataset/data/GCF_003026975.1/GCF_003026975.1_ASM302697v1_genomic.fna	data/raw/photobacterium_primary_500_ncbi/ncbi_dataset/data/GCF_003026975.1/protein.faa	data/raw/photobacterium_primary_500_ncbi/ncbi_dataset/data/GCF_003026975.1/genomic.gff
GCF_003026995.1	data/raw/photobacterium_primary_500_ncbi/ncbi_dataset/data/GCF_003026995.1/GCF_003026995.1_ASM302699v1_genomic.fna	data/raw/photobacterium_primary_500_ncbi/ncbi_dataset/data/GCF_003026995.1/protein.faa	data/raw/photobacterium_primary_500_ncbi/ncbi_dataset/data/GCF_003026995.1/genomic.gff
GCF_003027015.1	data/raw/photobacterium_primary_500_ncbi/ncbi_dataset/data/GCF_003027015.1/GCF_003027015.1_ASM302701v1_genomic.fna	data/raw/photobacterium_primary_500_ncbi/ncbi_dataset/data/GCF_003027015.1/protein.faa	data/raw/photobacterium_primary_500_ncbi/ncbi_dataset/data/GCF_003027015.1/genomic.gff
GCF_003027035.1	data/raw/photobacterium_primary_500_ncbi/ncbi_dataset/data/GCF_003027035.1/GCF_003027035.1_ASM302703v1_genomic.fna	data/raw/photobacterium_primary_500_ncbi/ncbi_dataset/data/GCF_003027035.1/protein.faa	data/raw/photobacterium_primary_500_ncbi/ncbi_dataset/data/GCF_003027035.1/genomic.gff
GCF_003027055.1	data/raw/photobacterium_primary_500_ncbi/ncbi_dataset/data/GCF_003027055.1/GCF_003027055.1_ASM302705v1_genomic.fna	data/raw/photobacterium_primary_500_ncbi/ncbi_dataset/data/GCF_003027055.1/protein.faa	data/raw/photobacterium_primary_500_ncbi/ncbi_dataset/data/GCF_003027055.1/genomic.gff
GCF_003027075.1	data/raw/photobacterium_primary_500_ncbi/ncbi_dataset/data/GCF_003027075.1/GCF_003027075.1_ASM302707v1_genomic.fna	data/raw/photobacterium_primary_500_ncbi/ncbi_dataset/data/GCF_003027075.1/protein.faa	data/raw/photobacterium_primary_500_ncbi/ncbi_dataset/data/GCF_003027075.1/genomic.gff
GCF_003027095.1	data/raw/photobacterium_primary_500_ncbi/ncbi_dataset/data/GCF_003027095.1/GCF_003027095.1_ASM302709v1_genomic.fna	data/raw/photobacterium_primary_500_ncbi/ncbi_dataset/data/GCF_003027095.1/protein.faa	data/raw/photobacterium_primary_500_ncbi/ncbi_dataset/data/GCF_003027095.1/genomic.gff
GCF_003027115.1	data/raw/photobacterium_primary_500_ncbi/ncbi_dataset/data/GCF_003027115.1/GCF_003027115.1_ASM302711v1_genomic.fna	data/raw/photobacterium_primary_500_ncbi/ncbi_dataset/data/GCF_003027115.1/protein.faa	data/raw/photobacterium_primary_500_ncbi/ncbi_dataset/data/GCF_003027115.1/genomic.gff
GCF_003028875.1	data/raw/photobacterium_primary_500_ncbi/ncbi_dataset/data/GCF_003028875.1/GCF_003028875.1_ASM302887v1_genomic.fna	data/raw/photobacterium_primary_500_ncbi/ncbi_dataset/data/GCF_003028875.1/protein.faa	data/raw/photobacterium_primary_500_ncbi/ncbi_dataset/data/GCF_003028875.1/genomic.gff
GCF_003130755.1	data/raw/photobacterium_primary_500_ncbi/ncbi_dataset/data/GCF_003130755.1/GCF_003130755.1_ASM313075v1_genomic.fna	data/raw/photobacterium_primary_500_ncbi/ncbi_dataset/data/GCF_003130755.1/protein.faa	data/raw/photobacterium_primary_500_ncbi/ncbi_dataset/data/GCF_003130755.1/genomic.gff
GCF_003355625.1	data/raw/photobacterium_primary_500_ncbi/ncbi_dataset/data/GCF_003355625.1/GCF_003355625.1_ASM335562v1_genomic.fna	data/raw/photobacterium_primary_500_ncbi/ncbi_dataset/data/GCF_003355625.1/protein.faa	data/raw/photobacterium_primary_500_ncbi/ncbi_dataset/data/GCF_003355625.1/genomic.gff
GCF_004135105.1	data/raw/photobacterium_primary_500_ncbi/ncbi_dataset/data/GCF_004135105.1/GCF_004135105.1_ASM413510v1_genomic.fna	data/raw/photobacterium_primary_500_ncbi/ncbi_dataset/data/GCF_004135105.1/protein.faa	data/raw/photobacterium_primary_500_ncbi/ncbi_dataset/data/GCF_004135105.1/genomic.gff
GCF_004363665.1	data/raw/photobacterium_primary_500_ncbi/ncbi_dataset/data/GCF_004363665.1/GCF_004363665.1_ASM436366v1_genomic.fna	data/raw/photobacterium_primary_500_ncbi/ncbi_dataset/data/GCF_004363665.1/protein.faa	data/raw/photobacterium_primary_500_ncbi/ncbi_dataset/data/GCF_004363665.1/genomic.gff
GCF_004683985.2	data/raw/photobacterium_primary_500_ncbi/ncbi_dataset/data/GCF_004683985.2/GCF_004683985.2_ASM468398v2_genomic.fna	data/raw/photobacterium_primary_500_ncbi/ncbi_dataset/data/GCF_004683985.2/protein.faa	data/raw/photobacterium_primary_500_ncbi/ncbi_dataset/data/GCF_004683985.2/genomic.gff
GCF_004794735.1	data/raw/photobacterium_primary_500_ncbi/ncbi_dataset/data/GCF_004794735.1/GCF_004794735.1_ASM479473v1_genomic.fna	data/raw/photobacterium_primary_500_ncbi/ncbi_dataset/data/GCF_004794735.1/protein.faa	data/raw/photobacterium_primary_500_ncbi/ncbi_dataset/data/GCF_004794735.1/genomic.gff
GCF_005048985.1	data/raw/photobacterium_primary_500_ncbi/ncbi_dataset/data/GCF_005048985.1/GCF_005048985.1_ASM504898v1_genomic.fna	data/raw/photobacterium_primary_500_ncbi/ncbi_dataset/data/GCF_005048985.1/protein.faa	data/raw/photobacterium_primary_500_ncbi/ncbi_dataset/data/GCF_005048985.1/genomic.gff
GCF_005819805.1	data/raw/photobacterium_primary_500_ncbi/ncbi_dataset/data/GCF_005819805.1/GCF_005819805.1_ASM581980v1_genomic.fna	data/raw/photobacterium_primary_500_ncbi/ncbi_dataset/data/GCF_005819805.1/protein.faa	data/raw/photobacterium_primary_500_ncbi/ncbi_dataset/data/GCF_005819805.1/genomic.gff
GCF_005819825.1	data/raw/photobacterium_primary_500_ncbi/ncbi_dataset/data/GCF_005819825.1/GCF_005819825.1_ASM581982v1_genomic.fna	data/raw/photobacterium_primary_500_ncbi/ncbi_dataset/data/GCF_005819825.1/protein.faa	data/raw/photobacterium_primary_500_ncbi/ncbi_dataset/data/GCF_005819825.1/genomic.gff
GCF_005819835.1	data/raw/photobacterium_primary_500_ncbi/ncbi_dataset/data/GCF_005819835.1/GCF_005819835.1_ASM581983v1_genomic.fna	data/raw/photobacterium_primary_500_ncbi/ncbi_dataset/data/GCF_005819835.1/protein.faa	data/raw/photobacterium_primary_500_ncbi/ncbi_dataset/data/GCF_005819835.1/genomic.gff
GCF_005819845.1	data/raw/photobacterium_primary_500_ncbi/ncbi_dataset/data/GCF_005819845.1/GCF_005819845.1_ASM581984v1_genomic.fna	data/raw/photobacterium_primary_500_ncbi/ncbi_dataset/data/GCF_005819845.1/protein.faa	data/raw/photobacterium_primary_500_ncbi/ncbi_dataset/data/GCF_005819845.1/genomic.gff
GCF_005819885.1	data/raw/photobacterium_primary_500_ncbi/ncbi_dataset/data/GCF_005819885.1/GCF_005819885.1_ASM581988v1_genomic.fna	data/raw/photobacterium_primary_500_ncbi/ncbi_dataset/data/GCF_005819885.1/protein.faa	data/raw/photobacterium_primary_500_ncbi/ncbi_dataset/data/GCF_005819885.1/genomic.gff
GCF_006124795.1	data/raw/photobacterium_primary_500_ncbi/ncbi_dataset/data/GCF_006124795.1/GCF_006124795.1_ASM612479v1_genomic.fna	data/raw/photobacterium_primary_500_ncbi/ncbi_dataset/data/GCF_006124795.1/protein.faa	data/raw/photobacterium_primary_500_ncbi/ncbi_dataset/data/GCF_006124795.1/genomic.gff
GCF_006124835.1	data/raw/photobacterium_primary_500_ncbi/ncbi_dataset/data/GCF_006124835.1/GCF_006124835.1_ASM612483v1_genomic.fna	data/raw/photobacterium_primary_500_ncbi/ncbi_dataset/data/GCF_006124835.1/protein.faa	data/raw/photobacterium_primary_500_ncbi/ncbi_dataset/data/GCF_006124835.1/genomic.gff
GCF_006124915.1	data/raw/photobacterium_primary_500_ncbi/ncbi_dataset/data/GCF_006124915.1/GCF_006124915.1_ASM612491v1_genomic.fna	data/raw/photobacterium_primary_500_ncbi/ncbi_dataset/data/GCF_006124915.1/protein.faa	data/raw/photobacterium_primary_500_ncbi/ncbi_dataset/data/GCF_006124915.1/genomic.gff
GCF_006297395.2	data/raw/photobacterium_primary_500_ncbi/ncbi_dataset/data/GCF_006297395.2/GCF_006297395.2_ASM629739v2_genomic.fna	data/raw/photobacterium_primary_500_ncbi/ncbi_dataset/data/GCF_006297395.2/protein.faa	data/raw/photobacterium_primary_500_ncbi/ncbi_dataset/data/GCF_006297395.2/genomic.gff
GCF_008806795.1	data/raw/photobacterium_primary_500_ncbi/ncbi_dataset/data/GCF_008806795.1/GCF_008806795.1_ASM880679v1_genomic.fna	data/raw/photobacterium_primary_500_ncbi/ncbi_dataset/data/GCF_008806795.1/protein.faa	data/raw/photobacterium_primary_500_ncbi/ncbi_dataset/data/GCF_008806795.1/genomic.gff
GCF_008806825.1	data/raw/photobacterium_primary_500_ncbi/ncbi_dataset/data/GCF_008806825.1/GCF_008806825.1_ASM880682v1_genomic.fna	data/raw/photobacterium_primary_500_ncbi/ncbi_dataset/data/GCF_008806825.1/protein.faa	data/raw/photobacterium_primary_500_ncbi/ncbi_dataset/data/GCF_008806825.1/genomic.gff
GCF_009389665.1	data/raw/photobacterium_primary_500_ncbi/ncbi_dataset/data/GCF_009389665.1/GCF_009389665.1_ASM938966v1_genomic.fna	data/raw/photobacterium_primary_500_ncbi/ncbi_dataset/data/GCF_009389665.1/protein.faa	data/raw/photobacterium_primary_500_ncbi/ncbi_dataset/data/GCF_009389665.1/genomic.gff
GCF_009665375.1	data/raw/photobacterium_primary_500_ncbi/ncbi_dataset/data/GCF_009665375.1/GCF_009665375.1_ASM966537v1_genomic.fna	data/raw/photobacterium_primary_500_ncbi/ncbi_dataset/data/GCF_009665375.1/protein.faa	data/raw/photobacterium_primary_500_ncbi/ncbi_dataset/data/GCF_009665375.1/genomic.gff
GCF_009763125.1	data/raw/photobacterium_primary_500_ncbi/ncbi_dataset/data/GCF_009763125.1/GCF_009763125.1_ASM976312v1_genomic.fna	data/raw/photobacterium_primary_500_ncbi/ncbi_dataset/data/GCF_009763125.1/protein.faa	data/raw/photobacterium_primary_500_ncbi/ncbi_dataset/data/GCF_009763125.1/genomic.gff
GCF_009874335.1	data/raw/photobacterium_primary_500_ncbi/ncbi_dataset/data/GCF_009874335.1/GCF_009874335.1_ASM987433v1_genomic.fna	data/raw/photobacterium_primary_500_ncbi/ncbi_dataset/data/GCF_009874335.1/protein.faa	data/raw/photobacterium_primary_500_ncbi/ncbi_dataset/data/GCF_009874335.1/genomic.gff
GCF_009904675.1	data/raw/photobacterium_primary_500_ncbi/ncbi_dataset/data/GCF_009904675.1/GCF_009904675.1_ASM990467v1_genomic.fna	data/raw/photobacterium_primary_500_ncbi/ncbi_dataset/data/GCF_009904675.1/protein.faa	data/raw/photobacterium_primary_500_ncbi/ncbi_dataset/data/GCF_009904675.1/genomic.gff
GCF_013371045.1	data/raw/photobacterium_primary_500_ncbi/ncbi_dataset/data/GCF_013371045.1/GCF_013371045.1_ASM1337104v1_genomic.fna	data/raw/photobacterium_primary_500_ncbi/ncbi_dataset/data/GCF_013371045.1/protein.faa	data/raw/photobacterium_primary_500_ncbi/ncbi_dataset/data/GCF_013371045.1/genomic.gff
GCF_013371545.1	data/raw/photobacterium_primary_500_ncbi/ncbi_dataset/data/GCF_013371545.1/GCF_013371545.1_ASM1337154v1_genomic.fna	data/raw/photobacterium_primary_500_ncbi/ncbi_dataset/data/GCF_013371545.1/protein.faa	data/raw/photobacterium_primary_500_ncbi/ncbi_dataset/data/GCF_013371545.1/genomic.gff
GCF_013377605.1	data/raw/photobacterium_primary_500_ncbi/ncbi_dataset/data/GCF_013377605.1/GCF_013377605.1_ASM1337760v1_genomic.fna	data/raw/photobacterium_primary_500_ncbi/ncbi_dataset/data/GCF_013377605.1/protein.faa	data/raw/photobacterium_primary_500_ncbi/ncbi_dataset/data/GCF_013377605.1/genomic.gff
GCF_013377775.1	data/raw/photobacterium_primary_500_ncbi/ncbi_dataset/data/GCF_013377775.1/GCF_013377775.1_ASM1337777v1_genomic.fna	data/raw/photobacterium_primary_500_ncbi/ncbi_dataset/data/GCF_013377775.1/protein.faa	data/raw/photobacterium_primary_500_ncbi/ncbi_dataset/data/GCF_013377775.1/genomic.gff
GCF_013377875.1	data/raw/photobacterium_primary_500_ncbi/ncbi_dataset/data/GCF_013377875.1/GCF_013377875.1_ASM1337787v1_genomic.fna	data/raw/photobacterium_primary_500_ncbi/ncbi_dataset/data/GCF_013377875.1/protein.faa	data/raw/photobacterium_primary_500_ncbi/ncbi_dataset/data/GCF_013377875.1/genomic.gff
GCF_014042565.1	data/raw/photobacterium_primary_500_ncbi/ncbi_dataset/data/GCF_014042565.1/GCF_014042565.1_ASM1404256v1_genomic.fna	data/raw/photobacterium_primary_500_ncbi/ncbi_dataset/data/GCF_014042565.1/protein.faa	data/raw/photobacterium_primary_500_ncbi/ncbi_dataset/data/GCF_014042565.1/genomic.gff
GCF_014525015.1	data/raw/photobacterium_primary_500_ncbi/ncbi_dataset/data/GCF_014525015.1/GCF_014525015.1_ASM1452501v1_genomic.fna	data/raw/photobacterium_primary_500_ncbi/ncbi_dataset/data/GCF_014525015.1/protein.faa	data/raw/photobacterium_primary_500_ncbi/ncbi_dataset/data/GCF_014525015.1/genomic.gff
GCF_014525275.1	data/raw/photobacterium_primary_500_ncbi/ncbi_dataset/data/GCF_014525275.1/GCF_014525275.1_ASM1452527v1_genomic.fna	data/raw/photobacterium_primary_500_ncbi/ncbi_dataset/data/GCF_014525275.1/protein.faa	data/raw/photobacterium_primary_500_ncbi/ncbi_dataset/data/GCF_014525275.1/genomic.gff
GCF_014652075.1	data/raw/photobacterium_primary_500_ncbi/ncbi_dataset/data/GCF_014652075.1/GCF_014652075.1_ASM1465207v1_genomic.fna	data/raw/photobacterium_primary_500_ncbi/ncbi_dataset/data/GCF_014652075.1/protein.faa	data/raw/photobacterium_primary_500_ncbi/ncbi_dataset/data/GCF_014652075.1/genomic.gff
GCF_014775695.1	data/raw/photobacterium_primary_500_ncbi/ncbi_dataset/data/GCF_014775695.1/GCF_014775695.1_ASM1477569v1_genomic.fna	data/raw/photobacterium_primary_500_ncbi/ncbi_dataset/data/GCF_014775695.1/protein.faa	data/raw/photobacterium_primary_500_ncbi/ncbi_dataset/data/GCF_014775695.1/genomic.gff
GCF_014930975.1	data/raw/photobacterium_primary_500_ncbi/ncbi_dataset/data/GCF_014930975.1/GCF_014930975.1_ASM1493097v1_genomic.fna	data/raw/photobacterium_primary_500_ncbi/ncbi_dataset/data/GCF_014930975.1/protein.faa	data/raw/photobacterium_primary_500_ncbi/ncbi_dataset/data/GCF_014930975.1/genomic.gff
GCF_015602445.1	data/raw/photobacterium_primary_500_ncbi/ncbi_dataset/data/GCF_015602445.1/GCF_015602445.1_ASM1560244v1_genomic.fna	data/raw/photobacterium_primary_500_ncbi/ncbi_dataset/data/GCF_015602445.1/protein.faa	data/raw/photobacterium_primary_500_ncbi/ncbi_dataset/data/GCF_015602445.1/genomic.gff
GCF_017329545.1	data/raw/photobacterium_primary_500_ncbi/ncbi_dataset/data/GCF_017329545.1/GCF_017329545.1_ASM1732954v1_genomic.fna	data/raw/photobacterium_primary_500_ncbi/ncbi_dataset/data/GCF_017329545.1/protein.faa	data/raw/photobacterium_primary_500_ncbi/ncbi_dataset/data/GCF_017329545.1/genomic.gff
GCF_019084105.1	data/raw/photobacterium_primary_500_ncbi/ncbi_dataset/data/GCF_019084105.1/GCF_019084105.1_ASM1908410v1_genomic.fna	data/raw/photobacterium_primary_500_ncbi/ncbi_dataset/data/GCF_019084105.1/protein.faa	data/raw/photobacterium_primary_500_ncbi/ncbi_dataset/data/GCF_019084105.1/genomic.gff
GCF_019781095.1	data/raw/photobacterium_primary_500_ncbi/ncbi_dataset/data/GCF_019781095.1/GCF_019781095.1_ASM1978109v1_genomic.fna	data/raw/photobacterium_primary_500_ncbi/ncbi_dataset/data/GCF_019781095.1/protein.faa	data/raw/photobacterium_primary_500_ncbi/ncbi_dataset/data/GCF_019781095.1/genomic.gff
GCF_021236585.1	data/raw/photobacterium_primary_500_ncbi/ncbi_dataset/data/GCF_021236585.1/GCF_021236585.1_ASM2123658v1_genomic.fna	data/raw/photobacterium_primary_500_ncbi/ncbi_dataset/data/GCF_021236585.1/protein.faa	data/raw/photobacterium_primary_500_ncbi/ncbi_dataset/data/GCF_021236585.1/genomic.gff
GCF_021236605.1	data/raw/photobacterium_primary_500_ncbi/ncbi_dataset/data/GCF_021236605.1/GCF_021236605.1_ASM2123660v1_genomic.fna	data/raw/photobacterium_primary_500_ncbi/ncbi_dataset/data/GCF_021236605.1/protein.faa	data/raw/photobacterium_primary_500_ncbi/ncbi_dataset/data/GCF_021236605.1/genomic.gff
GCF_021236625.1	data/raw/photobacterium_primary_500_ncbi/ncbi_dataset/data/GCF_021236625.1/GCF_021236625.1_ASM2123662v1_genomic.fna	data/raw/photobacterium_primary_500_ncbi/ncbi_dataset/data/GCF_021236625.1/protein.faa	data/raw/photobacterium_primary_500_ncbi/ncbi_dataset/data/GCF_021236625.1/genomic.gff
GCF_021236645.1	data/raw/photobacterium_primary_500_ncbi/ncbi_dataset/data/GCF_021236645.1/GCF_021236645.1_ASM2123664v1_genomic.fna	data/raw/photobacterium_primary_500_ncbi/ncbi_dataset/data/GCF_021236645.1/protein.faa	data/raw/photobacterium_primary_500_ncbi/ncbi_dataset/data/GCF_021236645.1/genomic.gff
GCF_021236655.1	data/raw/photobacterium_primary_500_ncbi/ncbi_dataset/data/GCF_021236655.1/GCF_021236655.1_ASM2123665v1_genomic.fna	data/raw/photobacterium_primary_500_ncbi/ncbi_dataset/data/GCF_021236655.1/protein.faa	data/raw/photobacterium_primary_500_ncbi/ncbi_dataset/data/GCF_021236655.1/genomic.gff
GCF_021236685.1	data/raw/photobacterium_primary_500_ncbi/ncbi_dataset/data/GCF_021236685.1/GCF_021236685.1_ASM2123668v1_genomic.fna	data/raw/photobacterium_primary_500_ncbi/ncbi_dataset/data/GCF_021236685.1/protein.faa	data/raw/photobacterium_primary_500_ncbi/ncbi_dataset/data/GCF_021236685.1/genomic.gff
GCF_021236705.1	data/raw/photobacterium_primary_500_ncbi/ncbi_dataset/data/GCF_021236705.1/GCF_021236705.1_ASM2123670v1_genomic.fna	data/raw/photobacterium_primary_500_ncbi/ncbi_dataset/data/GCF_021236705.1/protein.faa	data/raw/photobacterium_primary_500_ncbi/ncbi_dataset/data/GCF_021236705.1/genomic.gff
GCF_021236725.1	data/raw/photobacterium_primary_500_ncbi/ncbi_dataset/data/GCF_021236725.1/GCF_021236725.1_ASM2123672v1_genomic.fna	data/raw/photobacterium_primary_500_ncbi/ncbi_dataset/data/GCF_021236725.1/protein.faa	data/raw/photobacterium_primary_500_ncbi/ncbi_dataset/data/GCF_021236725.1/genomic.gff
GCF_021236745.1	data/raw/photobacterium_primary_500_ncbi/ncbi_dataset/data/GCF_021236745.1/GCF_021236745.1_ASM2123674v1_genomic.fna	data/raw/photobacterium_primary_500_ncbi/ncbi_dataset/data/GCF_021236745.1/protein.faa	data/raw/photobacterium_primary_500_ncbi/ncbi_dataset/data/GCF_021236745.1/genomic.gff
GCF_021236765.1	data/raw/photobacterium_primary_500_ncbi/ncbi_dataset/data/GCF_021236765.1/GCF_021236765.1_ASM2123676v1_genomic.fna	data/raw/photobacterium_primary_500_ncbi/ncbi_dataset/data/GCF_021236765.1/protein.faa	data/raw/photobacterium_primary_500_ncbi/ncbi_dataset/data/GCF_021236765.1/genomic.gff
GCF_021236785.1	data/raw/photobacterium_primary_500_ncbi/ncbi_dataset/data/GCF_021236785.1/GCF_021236785.1_ASM2123678v1_genomic.fna	data/raw/photobacterium_primary_500_ncbi/ncbi_dataset/data/GCF_021236785.1/protein.faa	data/raw/photobacterium_primary_500_ncbi/ncbi_dataset/data/GCF_021236785.1/genomic.gff
GCF_021236805.1	data/raw/photobacterium_primary_500_ncbi/ncbi_dataset/data/GCF_021236805.1/GCF_021236805.1_ASM2123680v1_genomic.fna	data/raw/photobacterium_primary_500_ncbi/ncbi_dataset/data/GCF_021236805.1/protein.faa	data/raw/photobacterium_primary_500_ncbi/ncbi_dataset/data/GCF_021236805.1/genomic.gff
GCF_021236825.1	data/raw/photobacterium_primary_500_ncbi/ncbi_dataset/data/GCF_021236825.1/GCF_021236825.1_ASM2123682v1_genomic.fna	data/raw/photobacterium_primary_500_ncbi/ncbi_dataset/data/GCF_021236825.1/protein.faa	data/raw/photobacterium_primary_500_ncbi/ncbi_dataset/data/GCF_021236825.1/genomic.gff
GCF_021236845.1	data/raw/photobacterium_primary_500_ncbi/ncbi_dataset/data/GCF_021236845.1/GCF_021236845.1_ASM2123684v1_genomic.fna	data/raw/photobacterium_primary_500_ncbi/ncbi_dataset/data/GCF_021236845.1/protein.faa	data/raw/photobacterium_primary_500_ncbi/ncbi_dataset/data/GCF_021236845.1/genomic.gff
GCF_021236865.1	data/raw/photobacterium_primary_500_ncbi/ncbi_dataset/data/GCF_021236865.1/GCF_021236865.1_ASM2123686v1_genomic.fna	data/raw/photobacterium_primary_500_ncbi/ncbi_dataset/data/GCF_021236865.1/protein.faa	data/raw/photobacterium_primary_500_ncbi/ncbi_dataset/data/GCF_021236865.1/genomic.gff
GCF_021236875.1	data/raw/photobacterium_primary_500_ncbi/ncbi_dataset/data/GCF_021236875.1/GCF_021236875.1_ASM2123687v1_genomic.fna	data/raw/photobacterium_primary_500_ncbi/ncbi_dataset/data/GCF_021236875.1/protein.faa	data/raw/photobacterium_primary_500_ncbi/ncbi_dataset/data/GCF_021236875.1/genomic.gff
GCF_021236905.1	data/raw/photobacterium_primary_500_ncbi/ncbi_dataset/data/GCF_021236905.1/GCF_021236905.1_ASM2123690v1_genomic.fna	data/raw/photobacterium_primary_500_ncbi/ncbi_dataset/data/GCF_021236905.1/protein.faa	data/raw/photobacterium_primary_500_ncbi/ncbi_dataset/data/GCF_021236905.1/genomic.gff
GCF_021236925.1	data/raw/photobacterium_primary_500_ncbi/ncbi_dataset/data/GCF_021236925.1/GCF_021236925.1_ASM2123692v1_genomic.fna	data/raw/photobacterium_primary_500_ncbi/ncbi_dataset/data/GCF_021236925.1/protein.faa	data/raw/photobacterium_primary_500_ncbi/ncbi_dataset/data/GCF_021236925.1/genomic.gff
GCF_021236945.1	data/raw/photobacterium_primary_500_ncbi/ncbi_dataset/data/GCF_021236945.1/GCF_021236945.1_ASM2123694v1_genomic.fna	data/raw/photobacterium_primary_500_ncbi/ncbi_dataset/data/GCF_021236945.1/protein.faa	data/raw/photobacterium_primary_500_ncbi/ncbi_dataset/data/GCF_021236945.1/genomic.gff
GCF_021236965.1	data/raw/photobacterium_primary_500_ncbi/ncbi_dataset/data/GCF_021236965.1/GCF_021236965.1_ASM2123696v1_genomic.fna	data/raw/photobacterium_primary_500_ncbi/ncbi_dataset/data/GCF_021236965.1/protein.faa	data/raw/photobacterium_primary_500_ncbi/ncbi_dataset/data/GCF_021236965.1/genomic.gff
GCF_021236975.1	data/raw/photobacterium_primary_500_ncbi/ncbi_dataset/data/GCF_021236975.1/GCF_021236975.1_ASM2123697v1_genomic.fna	data/raw/photobacterium_primary_500_ncbi/ncbi_dataset/data/GCF_021236975.1/protein.faa	data/raw/photobacterium_primary_500_ncbi/ncbi_dataset/data/GCF_021236975.1/genomic.gff
GCF_021236985.1	data/raw/photobacterium_primary_500_ncbi/ncbi_dataset/data/GCF_021236985.1/GCF_021236985.1_ASM2123698v1_genomic.fna	data/raw/photobacterium_primary_500_ncbi/ncbi_dataset/data/GCF_021236985.1/protein.faa	data/raw/photobacterium_primary_500_ncbi/ncbi_dataset/data/GCF_021236985.1/genomic.gff
GCF_021237025.1	data/raw/photobacterium_primary_500_ncbi/ncbi_dataset/data/GCF_021237025.1/GCF_021237025.1_ASM2123702v1_genomic.fna	data/raw/photobacterium_primary_500_ncbi/ncbi_dataset/data/GCF_021237025.1/protein.faa	data/raw/photobacterium_primary_500_ncbi/ncbi_dataset/data/GCF_021237025.1/genomic.gff
GCF_021237045.1	data/raw/photobacterium_primary_500_ncbi/ncbi_dataset/data/GCF_021237045.1/GCF_021237045.1_ASM2123704v1_genomic.fna	data/raw/photobacterium_primary_500_ncbi/ncbi_dataset/data/GCF_021237045.1/protein.faa	data/raw/photobacterium_primary_500_ncbi/ncbi_dataset/data/GCF_021237045.1/genomic.gff
GCF_021237065.1	data/raw/photobacterium_primary_500_ncbi/ncbi_dataset/data/GCF_021237065.1/GCF_021237065.1_ASM2123706v1_genomic.fna	data/raw/photobacterium_primary_500_ncbi/ncbi_dataset/data/GCF_021237065.1/protein.faa	data/raw/photobacterium_primary_500_ncbi/ncbi_dataset/data/GCF_021237065.1/genomic.gff
GCF_021432065.1	data/raw/photobacterium_primary_500_ncbi/ncbi_dataset/data/GCF_021432065.1/GCF_021432065.1_ASM2143206v1_genomic.fna	data/raw/photobacterium_primary_500_ncbi/ncbi_dataset/data/GCF_021432065.1/protein.faa	data/raw/photobacterium_primary_500_ncbi/ncbi_dataset/data/GCF_021432065.1/genomic.gff
GCF_021504545.1	data/raw/photobacterium_primary_500_ncbi/ncbi_dataset/data/GCF_021504545.1/GCF_021504545.1_ASM2150454v1_genomic.fna	data/raw/photobacterium_primary_500_ncbi/ncbi_dataset/data/GCF_021504545.1/protein.faa	data/raw/photobacterium_primary_500_ncbi/ncbi_dataset/data/GCF_021504545.1/genomic.gff
GCF_021504575.1	data/raw/photobacterium_primary_500_ncbi/ncbi_dataset/data/GCF_021504575.1/GCF_021504575.1_ASM2150457v1_genomic.fna	data/raw/photobacterium_primary_500_ncbi/ncbi_dataset/data/GCF_021504575.1/protein.faa	data/raw/photobacterium_primary_500_ncbi/ncbi_dataset/data/GCF_021504575.1/genomic.gff
GCF_021504615.1	data/raw/photobacterium_primary_500_ncbi/ncbi_dataset/data/GCF_021504615.1/GCF_021504615.1_ASM2150461v1_genomic.fna	data/raw/photobacterium_primary_500_ncbi/ncbi_dataset/data/GCF_021504615.1/protein.faa	data/raw/photobacterium_primary_500_ncbi/ncbi_dataset/data/GCF_021504615.1/genomic.gff
GCF_021504635.1	data/raw/photobacterium_primary_500_ncbi/ncbi_dataset/data/GCF_021504635.1/GCF_021504635.1_ASM2150463v1_genomic.fna	data/raw/photobacterium_primary_500_ncbi/ncbi_dataset/data/GCF_021504635.1/protein.faa	data/raw/photobacterium_primary_500_ncbi/ncbi_dataset/data/GCF_021504635.1/genomic.gff
GCF_021504655.1	data/raw/photobacterium_primary_500_ncbi/ncbi_dataset/data/GCF_021504655.1/GCF_021504655.1_ASM2150465v1_genomic.fna	data/raw/photobacterium_primary_500_ncbi/ncbi_dataset/data/GCF_021504655.1/protein.faa	data/raw/photobacterium_primary_500_ncbi/ncbi_dataset/data/GCF_021504655.1/genomic.gff
GCF_021504665.1	data/raw/photobacterium_primary_500_ncbi/ncbi_dataset/data/GCF_021504665.1/GCF_021504665.1_ASM2150466v1_genomic.fna	data/raw/photobacterium_primary_500_ncbi/ncbi_dataset/data/GCF_021504665.1/protein.faa	data/raw/photobacterium_primary_500_ncbi/ncbi_dataset/data/GCF_021504665.1/genomic.gff
GCF_021504695.1	data/raw/photobacterium_primary_500_ncbi/ncbi_dataset/data/GCF_021504695.1/GCF_021504695.1_ASM2150469v1_genomic.fna	data/raw/photobacterium_primary_500_ncbi/ncbi_dataset/data/GCF_021504695.1/protein.faa	data/raw/photobacterium_primary_500_ncbi/ncbi_dataset/data/GCF_021504695.1/genomic.gff
GCF_021504715.1	data/raw/photobacterium_primary_500_ncbi/ncbi_dataset/data/GCF_021504715.1/GCF_021504715.1_ASM2150471v1_genomic.fna	data/raw/photobacterium_primary_500_ncbi/ncbi_dataset/data/GCF_021504715.1/protein.faa	data/raw/photobacterium_primary_500_ncbi/ncbi_dataset/data/GCF_021504715.1/genomic.gff
GCF_021765875.1	data/raw/photobacterium_primary_500_ncbi/ncbi_dataset/data/GCF_021765875.1/GCF_021765875.1_ASM2176587v1_genomic.fna	data/raw/photobacterium_primary_500_ncbi/ncbi_dataset/data/GCF_021765875.1/protein.faa	data/raw/photobacterium_primary_500_ncbi/ncbi_dataset/data/GCF_021765875.1/genomic.gff
GCF_021766015.1	data/raw/photobacterium_primary_500_ncbi/ncbi_dataset/data/GCF_021766015.1/GCF_021766015.1_ASM2176601v1_genomic.fna	data/raw/photobacterium_primary_500_ncbi/ncbi_dataset/data/GCF_021766015.1/protein.faa	data/raw/photobacterium_primary_500_ncbi/ncbi_dataset/data/GCF_021766015.1/genomic.gff
GCF_021768305.1	data/raw/photobacterium_primary_500_ncbi/ncbi_dataset/data/GCF_021768305.1/GCF_021768305.1_ASM2176830v1_genomic.fna	data/raw/photobacterium_primary_500_ncbi/ncbi_dataset/data/GCF_021768305.1/protein.faa	data/raw/photobacterium_primary_500_ncbi/ncbi_dataset/data/GCF_021768305.1/genomic.gff
GCF_021768345.1	data/raw/photobacterium_primary_500_ncbi/ncbi_dataset/data/GCF_021768345.1/GCF_021768345.1_ASM2176834v1_genomic.fna	data/raw/photobacterium_primary_500_ncbi/ncbi_dataset/data/GCF_021768345.1/protein.faa	data/raw/photobacterium_primary_500_ncbi/ncbi_dataset/data/GCF_021768345.1/genomic.gff
GCF_021768365.1	data/raw/photobacterium_primary_500_ncbi/ncbi_dataset/data/GCF_021768365.1/GCF_021768365.1_ASM2176836v1_genomic.fna	data/raw/photobacterium_primary_500_ncbi/ncbi_dataset/data/GCF_021768365.1/protein.faa	data/raw/photobacterium_primary_500_ncbi/ncbi_dataset/data/GCF_021768365.1/genomic.gff
GCF_021768385.1	data/raw/photobacterium_primary_500_ncbi/ncbi_dataset/data/GCF_021768385.1/GCF_021768385.1_ASM2176838v1_genomic.fna	data/raw/photobacterium_primary_500_ncbi/ncbi_dataset/data/GCF_021768385.1/protein.faa	data/raw/photobacterium_primary_500_ncbi/ncbi_dataset/data/GCF_021768385.1/genomic.gff
GCF_021768405.1	data/raw/photobacterium_primary_500_ncbi/ncbi_dataset/data/GCF_021768405.1/GCF_021768405.1_ASM2176840v1_genomic.fna	data/raw/photobacterium_primary_500_ncbi/ncbi_dataset/data/GCF_021768405.1/protein.faa	data/raw/photobacterium_primary_500_ncbi/ncbi_dataset/data/GCF_021768405.1/genomic.gff
GCF_021768425.1	data/raw/photobacterium_primary_500_ncbi/ncbi_dataset/data/GCF_021768425.1/GCF_021768425.1_ASM2176842v1_genomic.fna	data/raw/photobacterium_primary_500_ncbi/ncbi_dataset/data/GCF_021768425.1/protein.faa	data/raw/photobacterium_primary_500_ncbi/ncbi_dataset/data/GCF_021768425.1/genomic.gff
GCF_022129445.1	data/raw/photobacterium_primary_500_ncbi/ncbi_dataset/data/GCF_022129445.1/GCF_022129445.1_ASM2212944v1_genomic.fna	data/raw/photobacterium_primary_500_ncbi/ncbi_dataset/data/GCF_022129445.1/protein.faa	data/raw/photobacterium_primary_500_ncbi/ncbi_dataset/data/GCF_022129445.1/genomic.gff
GCF_022129465.1	data/raw/photobacterium_primary_500_ncbi/ncbi_dataset/data/GCF_022129465.1/GCF_022129465.1_ASM2212946v1_genomic.fna	data/raw/photobacterium_primary_500_ncbi/ncbi_dataset/data/GCF_022129465.1/protein.faa	data/raw/photobacterium_primary_500_ncbi/ncbi_dataset/data/GCF_022129465.1/genomic.gff
GCF_022129485.1	data/raw/photobacterium_primary_500_ncbi/ncbi_dataset/data/GCF_022129485.1/GCF_022129485.1_ASM2212948v1_genomic.fna	data/raw/photobacterium_primary_500_ncbi/ncbi_dataset/data/GCF_022129485.1/protein.faa	data/raw/photobacterium_primary_500_ncbi/ncbi_dataset/data/GCF_022129485.1/genomic.gff
GCF_022129505.1	data/raw/photobacterium_primary_500_ncbi/ncbi_dataset/data/GCF_022129505.1/GCF_022129505.1_ASM2212950v1_genomic.fna	data/raw/photobacterium_primary_500_ncbi/ncbi_dataset/data/GCF_022129505.1/protein.faa	data/raw/photobacterium_primary_500_ncbi/ncbi_dataset/data/GCF_022129505.1/genomic.gff
GCF_022129605.1	data/raw/photobacterium_primary_500_ncbi/ncbi_dataset/data/GCF_022129605.1/GCF_022129605.1_ASM2212960v1_genomic.fna	data/raw/photobacterium_primary_500_ncbi/ncbi_dataset/data/GCF_022129605.1/protein.faa	data/raw/photobacterium_primary_500_ncbi/ncbi_dataset/data/GCF_022129605.1/genomic.gff
GCF_022129615.1	data/raw/photobacterium_primary_500_ncbi/ncbi_dataset/data/GCF_022129615.1/GCF_022129615.1_ASM2212961v1_genomic.fna	data/raw/photobacterium_primary_500_ncbi/ncbi_dataset/data/GCF_022129615.1/protein.faa	data/raw/photobacterium_primary_500_ncbi/ncbi_dataset/data/GCF_022129615.1/genomic.gff
GCF_022129675.1	data/raw/photobacterium_primary_500_ncbi/ncbi_dataset/data/GCF_022129675.1/GCF_022129675.1_ASM2212967v1_genomic.fna	data/raw/photobacterium_primary_500_ncbi/ncbi_dataset/data/GCF_022129675.1/protein.faa	data/raw/photobacterium_primary_500_ncbi/ncbi_dataset/data/GCF_022129675.1/genomic.gff
GCF_022398535.1	data/raw/photobacterium_primary_500_ncbi/ncbi_dataset/data/GCF_022398535.1/GCF_022398535.1_ASM2239853v1_genomic.fna	data/raw/photobacterium_primary_500_ncbi/ncbi_dataset/data/GCF_022398535.1/protein.faa	data/raw/photobacterium_primary_500_ncbi/ncbi_dataset/data/GCF_022398535.1/genomic.gff
GCF_022398555.1	data/raw/photobacterium_primary_500_ncbi/ncbi_dataset/data/GCF_022398555.1/GCF_022398555.1_ASM2239855v1_genomic.fna	data/raw/photobacterium_primary_500_ncbi/ncbi_dataset/data/GCF_022398555.1/protein.faa	data/raw/photobacterium_primary_500_ncbi/ncbi_dataset/data/GCF_022398555.1/genomic.gff
GCF_023151555.2	data/raw/photobacterium_primary_500_ncbi/ncbi_dataset/data/GCF_023151555.2/GCF_023151555.2_ASM2315155v2_genomic.fna	data/raw/photobacterium_primary_500_ncbi/ncbi_dataset/data/GCF_023151555.2/protein.faa	data/raw/photobacterium_primary_500_ncbi/ncbi_dataset/data/GCF_023151555.2/genomic.gff
GCF_023973125.1	data/raw/photobacterium_primary_500_ncbi/ncbi_dataset/data/GCF_023973125.1/GCF_023973125.1_ASM2397312v1_genomic.fna	data/raw/photobacterium_primary_500_ncbi/ncbi_dataset/data/GCF_023973125.1/protein.faa	data/raw/photobacterium_primary_500_ncbi/ncbi_dataset/data/GCF_023973125.1/genomic.gff
GCF_024346675.1	data/raw/photobacterium_primary_500_ncbi/ncbi_dataset/data/GCF_024346675.1/GCF_024346675.1_ASM2434667v1_genomic.fna	data/raw/photobacterium_primary_500_ncbi/ncbi_dataset/data/GCF_024346675.1/protein.faa	data/raw/photobacterium_primary_500_ncbi/ncbi_dataset/data/GCF_024346675.1/genomic.gff
GCF_024346715.1	data/raw/photobacterium_primary_500_ncbi/ncbi_dataset/data/GCF_024346715.1/GCF_024346715.1_ASM2434671v1_genomic.fna	data/raw/photobacterium_primary_500_ncbi/ncbi_dataset/data/GCF_024346715.1/protein.faa	data/raw/photobacterium_primary_500_ncbi/ncbi_dataset/data/GCF_024346715.1/genomic.gff
GCF_024357955.1	data/raw/photobacterium_primary_500_ncbi/ncbi_dataset/data/GCF_024357955.1/GCF_024357955.1_ASM2435795v1_genomic.fna	data/raw/photobacterium_primary_500_ncbi/ncbi_dataset/data/GCF_024357955.1/protein.faa	data/raw/photobacterium_primary_500_ncbi/ncbi_dataset/data/GCF_024357955.1/genomic.gff
GCF_024380015.1	data/raw/photobacterium_primary_500_ncbi/ncbi_dataset/data/GCF_024380015.1/GCF_024380015.1_ASM2438001v1_genomic.fna	data/raw/photobacterium_primary_500_ncbi/ncbi_dataset/data/GCF_024380015.1/protein.faa	data/raw/photobacterium_primary_500_ncbi/ncbi_dataset/data/GCF_024380015.1/genomic.gff
GCF_024494545.1	data/raw/photobacterium_primary_500_ncbi/ncbi_dataset/data/GCF_024494545.1/GCF_024494545.1_ASM2449454v1_genomic.fna	data/raw/photobacterium_primary_500_ncbi/ncbi_dataset/data/GCF_024494545.1/protein.faa	data/raw/photobacterium_primary_500_ncbi/ncbi_dataset/data/GCF_024494545.1/genomic.gff
GCF_024529955.1	data/raw/photobacterium_primary_500_ncbi/ncbi_dataset/data/GCF_024529955.1/GCF_024529955.1_ASM2452995v1_genomic.fna	data/raw/photobacterium_primary_500_ncbi/ncbi_dataset/data/GCF_024529955.1/protein.faa	data/raw/photobacterium_primary_500_ncbi/ncbi_dataset/data/GCF_024529955.1/genomic.gff
GCF_025398175.1	data/raw/photobacterium_primary_500_ncbi/ncbi_dataset/data/GCF_025398175.1/GCF_025398175.1_ASM2539817v1_genomic.fna	data/raw/photobacterium_primary_500_ncbi/ncbi_dataset/data/GCF_025398175.1/protein.faa	data/raw/photobacterium_primary_500_ncbi/ncbi_dataset/data/GCF_025398175.1/genomic.gff
GCF_026001825.1	data/raw/photobacterium_primary_500_ncbi/ncbi_dataset/data/GCF_026001825.1/GCF_026001825.1_ASM2600182v1_genomic.fna	data/raw/photobacterium_primary_500_ncbi/ncbi_dataset/data/GCF_026001825.1/protein.faa	data/raw/photobacterium_primary_500_ncbi/ncbi_dataset/data/GCF_026001825.1/genomic.gff
GCF_027923345.1	data/raw/photobacterium_primary_500_ncbi/ncbi_dataset/data/GCF_027923345.1/GCF_027923345.1_ASM2792334v1_genomic.fna	data/raw/photobacterium_primary_500_ncbi/ncbi_dataset/data/GCF_027923345.1/protein.faa	data/raw/photobacterium_primary_500_ncbi/ncbi_dataset/data/GCF_027923345.1/genomic.gff
GCF_028439335.1	data/raw/photobacterium_primary_500_ncbi/ncbi_dataset/data/GCF_028439335.1/GCF_028439335.1_ASM2843933v1_genomic.fna	data/raw/photobacterium_primary_500_ncbi/ncbi_dataset/data/GCF_028439335.1/protein.faa	data/raw/photobacterium_primary_500_ncbi/ncbi_dataset/data/GCF_028439335.1/genomic.gff
GCF_028621875.1	data/raw/photobacterium_primary_500_ncbi/ncbi_dataset/data/GCF_028621875.1/GCF_028621875.1_ASM2862187v1_genomic.fna	data/raw/photobacterium_primary_500_ncbi/ncbi_dataset/data/GCF_028621875.1/protein.faa	data/raw/photobacterium_primary_500_ncbi/ncbi_dataset/data/GCF_028621875.1/genomic.gff
GCF_030168795.1	data/raw/photobacterium_primary_500_ncbi/ncbi_dataset/data/GCF_030168795.1/GCF_030168795.1_ASM3016879v1_genomic.fna	data/raw/photobacterium_primary_500_ncbi/ncbi_dataset/data/GCF_030168795.1/protein.faa	data/raw/photobacterium_primary_500_ncbi/ncbi_dataset/data/GCF_030168795.1/genomic.gff
GCF_030168835.1	data/raw/photobacterium_primary_500_ncbi/ncbi_dataset/data/GCF_030168835.1/GCF_030168835.1_ASM3016883v1_genomic.fna	data/raw/photobacterium_primary_500_ncbi/ncbi_dataset/data/GCF_030168835.1/protein.faa	data/raw/photobacterium_primary_500_ncbi/ncbi_dataset/data/GCF_030168835.1/genomic.gff
GCF_030168855.1	data/raw/photobacterium_primary_500_ncbi/ncbi_dataset/data/GCF_030168855.1/GCF_030168855.1_ASM3016885v1_genomic.fna	data/raw/photobacterium_primary_500_ncbi/ncbi_dataset/data/GCF_030168855.1/protein.faa	data/raw/photobacterium_primary_500_ncbi/ncbi_dataset/data/GCF_030168855.1/genomic.gff
GCF_030169005.1	data/raw/photobacterium_primary_500_ncbi/ncbi_dataset/data/GCF_030169005.1/GCF_030169005.1_ASM3016900v1_genomic.fna	data/raw/photobacterium_primary_500_ncbi/ncbi_dataset/data/GCF_030169005.1/protein.faa	data/raw/photobacterium_primary_500_ncbi/ncbi_dataset/data/GCF_030169005.1/genomic.gff
GCF_030169025.1	data/raw/photobacterium_primary_500_ncbi/ncbi_dataset/data/GCF_030169025.1/GCF_030169025.1_ASM3016902v1_genomic.fna	data/raw/photobacterium_primary_500_ncbi/ncbi_dataset/data/GCF_030169025.1/protein.faa	data/raw/photobacterium_primary_500_ncbi/ncbi_dataset/data/GCF_030169025.1/genomic.gff
GCF_030169045.1	data/raw/photobacterium_primary_500_ncbi/ncbi_dataset/data/GCF_030169045.1/GCF_030169045.1_ASM3016904v1_genomic.fna	data/raw/photobacterium_primary_500_ncbi/ncbi_dataset/data/GCF_030169045.1/protein.faa	data/raw/photobacterium_primary_500_ncbi/ncbi_dataset/data/GCF_030169045.1/genomic.gff
GCF_030547045.1	data/raw/photobacterium_primary_500_ncbi/ncbi_dataset/data/GCF_030547045.1/GCF_030547045.1_ASM3054704v1_genomic.fna	data/raw/photobacterium_primary_500_ncbi/ncbi_dataset/data/GCF_030547045.1/protein.faa	data/raw/photobacterium_primary_500_ncbi/ncbi_dataset/data/GCF_030547045.1/genomic.gff
GCF_030547825.1	data/raw/photobacterium_primary_500_ncbi/ncbi_dataset/data/GCF_030547825.1/GCF_030547825.1_ASM3054782v1_genomic.fna	data/raw/photobacterium_primary_500_ncbi/ncbi_dataset/data/GCF_030547825.1/protein.faa	data/raw/photobacterium_primary_500_ncbi/ncbi_dataset/data/GCF_030547825.1/genomic.gff
GCF_030685295.1	data/raw/photobacterium_primary_500_ncbi/ncbi_dataset/data/GCF_030685295.1/GCF_030685295.1_ASM3068529v1_genomic.fna	data/raw/photobacterium_primary_500_ncbi/ncbi_dataset/data/GCF_030685295.1/protein.faa	data/raw/photobacterium_primary_500_ncbi/ncbi_dataset/data/GCF_030685295.1/genomic.gff
GCF_030685315.1	data/raw/photobacterium_primary_500_ncbi/ncbi_dataset/data/GCF_030685315.1/GCF_030685315.1_ASM3068531v1_genomic.fna	data/raw/photobacterium_primary_500_ncbi/ncbi_dataset/data/GCF_030685315.1/protein.faa	data/raw/photobacterium_primary_500_ncbi/ncbi_dataset/data/GCF_030685315.1/genomic.gff
GCF_030685335.1	data/raw/photobacterium_primary_500_ncbi/ncbi_dataset/data/GCF_030685335.1/GCF_030685335.1_ASM3068533v1_genomic.fna	data/raw/photobacterium_primary_500_ncbi/ncbi_dataset/data/GCF_030685335.1/protein.faa	data/raw/photobacterium_primary_500_ncbi/ncbi_dataset/data/GCF_030685335.1/genomic.gff
GCF_030685355.1	data/raw/photobacterium_primary_500_ncbi/ncbi_dataset/data/GCF_030685355.1/GCF_030685355.1_ASM3068535v1_genomic.fna	data/raw/photobacterium_primary_500_ncbi/ncbi_dataset/data/GCF_030685355.1/protein.faa	data/raw/photobacterium_primary_500_ncbi/ncbi_dataset/data/GCF_030685355.1/genomic.gff
GCF_030685375.1	data/raw/photobacterium_primary_500_ncbi/ncbi_dataset/data/GCF_030685375.1/GCF_030685375.1_ASM3068537v1_genomic.fna	data/raw/photobacterium_primary_500_ncbi/ncbi_dataset/data/GCF_030685375.1/protein.faa	data/raw/photobacterium_primary_500_ncbi/ncbi_dataset/data/GCF_030685375.1/genomic.gff
GCF_030685395.1	data/raw/photobacterium_primary_500_ncbi/ncbi_dataset/data/GCF_030685395.1/GCF_030685395.1_ASM3068539v1_genomic.fna	data/raw/photobacterium_primary_500_ncbi/ncbi_dataset/data/GCF_030685395.1/protein.faa	data/raw/photobacterium_primary_500_ncbi/ncbi_dataset/data/GCF_030685395.1/genomic.gff
GCF_030685415.1	data/raw/photobacterium_primary_500_ncbi/ncbi_dataset/data/GCF_030685415.1/GCF_030685415.1_ASM3068541v1_genomic.fna	data/raw/photobacterium_primary_500_ncbi/ncbi_dataset/data/GCF_030685415.1/protein.faa	data/raw/photobacterium_primary_500_ncbi/ncbi_dataset/data/GCF_030685415.1/genomic.gff
GCF_030685435.1	data/raw/photobacterium_primary_500_ncbi/ncbi_dataset/data/GCF_030685435.1/GCF_030685435.1_ASM3068543v1_genomic.fna	data/raw/photobacterium_primary_500_ncbi/ncbi_dataset/data/GCF_030685435.1/protein.faa	data/raw/photobacterium_primary_500_ncbi/ncbi_dataset/data/GCF_030685435.1/genomic.gff
GCF_030685455.1	data/raw/photobacterium_primary_500_ncbi/ncbi_dataset/data/GCF_030685455.1/GCF_030685455.1_ASM3068545v1_genomic.fna	data/raw/photobacterium_primary_500_ncbi/ncbi_dataset/data/GCF_030685455.1/protein.faa	data/raw/photobacterium_primary_500_ncbi/ncbi_dataset/data/GCF_030685455.1/genomic.gff
GCF_030685475.1	data/raw/photobacterium_primary_500_ncbi/ncbi_dataset/data/GCF_030685475.1/GCF_030685475.1_ASM3068547v1_genomic.fna	data/raw/photobacterium_primary_500_ncbi/ncbi_dataset/data/GCF_030685475.1/protein.faa	data/raw/photobacterium_primary_500_ncbi/ncbi_dataset/data/GCF_030685475.1/genomic.gff
GCF_030685515.1	data/raw/photobacterium_primary_500_ncbi/ncbi_dataset/data/GCF_030685515.1/GCF_030685515.1_ASM3068551v1_genomic.fna	data/raw/photobacterium_primary_500_ncbi/ncbi_dataset/data/GCF_030685515.1/protein.faa	data/raw/photobacterium_primary_500_ncbi/ncbi_dataset/data/GCF_030685515.1/genomic.gff
GCF_030685535.1	data/raw/photobacterium_primary_500_ncbi/ncbi_dataset/data/GCF_030685535.1/GCF_030685535.1_ASM3068553v1_genomic.fna	data/raw/photobacterium_primary_500_ncbi/ncbi_dataset/data/GCF_030685535.1/protein.faa	data/raw/photobacterium_primary_500_ncbi/ncbi_dataset/data/GCF_030685535.1/genomic.gff
GCF_030685555.1	data/raw/photobacterium_primary_500_ncbi/ncbi_dataset/data/GCF_030685555.1/GCF_030685555.1_ASM3068555v1_genomic.fna	data/raw/photobacterium_primary_500_ncbi/ncbi_dataset/data/GCF_030685555.1/protein.faa	data/raw/photobacterium_primary_500_ncbi/ncbi_dataset/data/GCF_030685555.1/genomic.gff
GCF_030685575.1	data/raw/photobacterium_primary_500_ncbi/ncbi_dataset/data/GCF_030685575.1/GCF_030685575.1_ASM3068557v1_genomic.fna	data/raw/photobacterium_primary_500_ncbi/ncbi_dataset/data/GCF_030685575.1/protein.faa	data/raw/photobacterium_primary_500_ncbi/ncbi_dataset/data/GCF_030685575.1/genomic.gff
GCF_030716725.1	data/raw/photobacterium_primary_500_ncbi/ncbi_dataset/data/GCF_030716725.1/GCF_030716725.1_ASM3071672v1_genomic.fna	data/raw/photobacterium_primary_500_ncbi/ncbi_dataset/data/GCF_030716725.1/protein.faa	data/raw/photobacterium_primary_500_ncbi/ncbi_dataset/data/GCF_030716725.1/genomic.gff
GCF_030716765.1	data/raw/photobacterium_primary_500_ncbi/ncbi_dataset/data/GCF_030716765.1/GCF_030716765.1_ASM3071676v1_genomic.fna	data/raw/photobacterium_primary_500_ncbi/ncbi_dataset/data/GCF_030716765.1/protein.faa	data/raw/photobacterium_primary_500_ncbi/ncbi_dataset/data/GCF_030716765.1/genomic.gff
GCF_030716825.1	data/raw/photobacterium_primary_500_ncbi/ncbi_dataset/data/GCF_030716825.1/GCF_030716825.1_ASM3071682v1_genomic.fna	data/raw/photobacterium_primary_500_ncbi/ncbi_dataset/data/GCF_030716825.1/protein.faa	data/raw/photobacterium_primary_500_ncbi/ncbi_dataset/data/GCF_030716825.1/genomic.gff
GCF_030716845.1	data/raw/photobacterium_primary_500_ncbi/ncbi_dataset/data/GCF_030716845.1/GCF_030716845.1_ASM3071684v1_genomic.fna	data/raw/photobacterium_primary_500_ncbi/ncbi_dataset/data/GCF_030716845.1/protein.faa	data/raw/photobacterium_primary_500_ncbi/ncbi_dataset/data/GCF_030716845.1/genomic.gff
GCF_030716865.1	data/raw/photobacterium_primary_500_ncbi/ncbi_dataset/data/GCF_030716865.1/GCF_030716865.1_ASM3071686v1_genomic.fna	data/raw/photobacterium_primary_500_ncbi/ncbi_dataset/data/GCF_030716865.1/protein.faa	data/raw/photobacterium_primary_500_ncbi/ncbi_dataset/data/GCF_030716865.1/genomic.gff
GCF_030716875.1	data/raw/photobacterium_primary_500_ncbi/ncbi_dataset/data/GCF_030716875.1/GCF_030716875.1_ASM3071687v1_genomic.fna	data/raw/photobacterium_primary_500_ncbi/ncbi_dataset/data/GCF_030716875.1/protein.faa	data/raw/photobacterium_primary_500_ncbi/ncbi_dataset/data/GCF_030716875.1/genomic.gff
GCF_030716925.1	data/raw/photobacterium_primary_500_ncbi/ncbi_dataset/data/GCF_030716925.1/GCF_030716925.1_ASM3071692v1_genomic.fna	data/raw/photobacterium_primary_500_ncbi/ncbi_dataset/data/GCF_030716925.1/protein.faa	data/raw/photobacterium_primary_500_ncbi/ncbi_dataset/data/GCF_030716925.1/genomic.gff
GCF_030716945.1	data/raw/photobacterium_primary_500_ncbi/ncbi_dataset/data/GCF_030716945.1/GCF_030716945.1_ASM3071694v1_genomic.fna	data/raw/photobacterium_primary_500_ncbi/ncbi_dataset/data/GCF_030716945.1/protein.faa	data/raw/photobacterium_primary_500_ncbi/ncbi_dataset/data/GCF_030716945.1/genomic.gff
GCF_030716965.1	data/raw/photobacterium_primary_500_ncbi/ncbi_dataset/data/GCF_030716965.1/GCF_030716965.1_ASM3071696v1_genomic.fna	data/raw/photobacterium_primary_500_ncbi/ncbi_dataset/data/GCF_030716965.1/protein.faa	data/raw/photobacterium_primary_500_ncbi/ncbi_dataset/data/GCF_030716965.1/genomic.gff
GCF_030716975.1	data/raw/photobacterium_primary_500_ncbi/ncbi_dataset/data/GCF_030716975.1/GCF_030716975.1_ASM3071697v1_genomic.fna	data/raw/photobacterium_primary_500_ncbi/ncbi_dataset/data/GCF_030716975.1/protein.faa	data/raw/photobacterium_primary_500_ncbi/ncbi_dataset/data/GCF_030716975.1/genomic.gff
GCF_030716995.1	data/raw/photobacterium_primary_500_ncbi/ncbi_dataset/data/GCF_030716995.1/GCF_030716995.1_ASM3071699v1_genomic.fna	data/raw/photobacterium_primary_500_ncbi/ncbi_dataset/data/GCF_030716995.1/protein.faa	data/raw/photobacterium_primary_500_ncbi/ncbi_dataset/data/GCF_030716995.1/genomic.gff
GCF_030717005.1	data/raw/photobacterium_primary_500_ncbi/ncbi_dataset/data/GCF_030717005.1/GCF_030717005.1_ASM3071700v1_genomic.fna	data/raw/photobacterium_primary_500_ncbi/ncbi_dataset/data/GCF_030717005.1/protein.faa	data/raw/photobacterium_primary_500_ncbi/ncbi_dataset/data/GCF_030717005.1/genomic.gff
GCF_033446985.1	data/raw/photobacterium_primary_500_ncbi/ncbi_dataset/data/GCF_033446985.1/GCF_033446985.1_ASM3344698v1_genomic.fna	data/raw/photobacterium_primary_500_ncbi/ncbi_dataset/data/GCF_033446985.1/protein.faa	data/raw/photobacterium_primary_500_ncbi/ncbi_dataset/data/GCF_033446985.1/genomic.gff
GCF_033447015.1	data/raw/photobacterium_primary_500_ncbi/ncbi_dataset/data/GCF_033447015.1/GCF_033447015.1_ASM3344701v1_genomic.fna	data/raw/photobacterium_primary_500_ncbi/ncbi_dataset/data/GCF_033447015.1/protein.faa	data/raw/photobacterium_primary_500_ncbi/ncbi_dataset/data/GCF_033447015.1/genomic.gff
GCF_033447345.1	data/raw/photobacterium_primary_500_ncbi/ncbi_dataset/data/GCF_033447345.1/GCF_033447345.1_ASM3344734v1_genomic.fna	data/raw/photobacterium_primary_500_ncbi/ncbi_dataset/data/GCF_033447345.1/protein.faa	data/raw/photobacterium_primary_500_ncbi/ncbi_dataset/data/GCF_033447345.1/genomic.gff
GCF_033447365.1	data/raw/photobacterium_primary_500_ncbi/ncbi_dataset/data/GCF_033447365.1/GCF_033447365.1_ASM3344736v1_genomic.fna	data/raw/photobacterium_primary_500_ncbi/ncbi_dataset/data/GCF_033447365.1/protein.faa	data/raw/photobacterium_primary_500_ncbi/ncbi_dataset/data/GCF_033447365.1/genomic.gff
GCF_033447385.1	data/raw/photobacterium_primary_500_ncbi/ncbi_dataset/data/GCF_033447385.1/GCF_033447385.1_ASM3344738v1_genomic.fna	data/raw/photobacterium_primary_500_ncbi/ncbi_dataset/data/GCF_033447385.1/protein.faa	data/raw/photobacterium_primary_500_ncbi/ncbi_dataset/data/GCF_033447385.1/genomic.gff
GCF_033447395.1	data/raw/photobacterium_primary_500_ncbi/ncbi_dataset/data/GCF_033447395.1/GCF_033447395.1_ASM3344739v1_genomic.fna	data/raw/photobacterium_primary_500_ncbi/ncbi_dataset/data/GCF_033447395.1/protein.faa	data/raw/photobacterium_primary_500_ncbi/ncbi_dataset/data/GCF_033447395.1/genomic.gff
GCF_033447415.1	data/raw/photobacterium_primary_500_ncbi/ncbi_dataset/data/GCF_033447415.1/GCF_033447415.1_ASM3344741v1_genomic.fna	data/raw/photobacterium_primary_500_ncbi/ncbi_dataset/data/GCF_033447415.1/protein.faa	data/raw/photobacterium_primary_500_ncbi/ncbi_dataset/data/GCF_033447415.1/genomic.gff
GCF_033447445.1	data/raw/photobacterium_primary_500_ncbi/ncbi_dataset/data/GCF_033447445.1/GCF_033447445.1_ASM3344744v1_genomic.fna	data/raw/photobacterium_primary_500_ncbi/ncbi_dataset/data/GCF_033447445.1/protein.faa	data/raw/photobacterium_primary_500_ncbi/ncbi_dataset/data/GCF_033447445.1/genomic.gff
GCF_033447465.1	data/raw/photobacterium_primary_500_ncbi/ncbi_dataset/data/GCF_033447465.1/GCF_033447465.1_ASM3344746v1_genomic.fna	data/raw/photobacterium_primary_500_ncbi/ncbi_dataset/data/GCF_033447465.1/protein.faa	data/raw/photobacterium_primary_500_ncbi/ncbi_dataset/data/GCF_033447465.1/genomic.gff
GCF_033447495.1	data/raw/photobacterium_primary_500_ncbi/ncbi_dataset/data/GCF_033447495.1/GCF_033447495.1_ASM3344749v1_genomic.fna	data/raw/photobacterium_primary_500_ncbi/ncbi_dataset/data/GCF_033447495.1/protein.faa	data/raw/photobacterium_primary_500_ncbi/ncbi_dataset/data/GCF_033447495.1/genomic.gff
GCF_033447505.1	data/raw/photobacterium_primary_500_ncbi/ncbi_dataset/data/GCF_033447505.1/GCF_033447505.1_ASM3344750v1_genomic.fna	data/raw/photobacterium_primary_500_ncbi/ncbi_dataset/data/GCF_033447505.1/protein.faa	data/raw/photobacterium_primary_500_ncbi/ncbi_dataset/data/GCF_033447505.1/genomic.gff
GCF_033447565.1	data/raw/photobacterium_primary_500_ncbi/ncbi_dataset/data/GCF_033447565.1/GCF_033447565.1_ASM3344756v1_genomic.fna	data/raw/photobacterium_primary_500_ncbi/ncbi_dataset/data/GCF_033447565.1/protein.faa	data/raw/photobacterium_primary_500_ncbi/ncbi_dataset/data/GCF_033447565.1/genomic.gff
GCF_033447605.1	data/raw/photobacterium_primary_500_ncbi/ncbi_dataset/data/GCF_033447605.1/GCF_033447605.1_ASM3344760v1_genomic.fna	data/raw/photobacterium_primary_500_ncbi/ncbi_dataset/data/GCF_033447605.1/protein.faa	data/raw/photobacterium_primary_500_ncbi/ncbi_dataset/data/GCF_033447605.1/genomic.gff
GCF_033447645.1	data/raw/photobacterium_primary_500_ncbi/ncbi_dataset/data/GCF_033447645.1/GCF_033447645.1_ASM3344764v1_genomic.fna	data/raw/photobacterium_primary_500_ncbi/ncbi_dataset/data/GCF_033447645.1/protein.faa	data/raw/photobacterium_primary_500_ncbi/ncbi_dataset/data/GCF_033447645.1/genomic.gff
GCF_033447665.1	data/raw/photobacterium_primary_500_ncbi/ncbi_dataset/data/GCF_033447665.1/GCF_033447665.1_ASM3344766v1_genomic.fna	data/raw/photobacterium_primary_500_ncbi/ncbi_dataset/data/GCF_033447665.1/protein.faa	data/raw/photobacterium_primary_500_ncbi/ncbi_dataset/data/GCF_033447665.1/genomic.gff
GCF_033447685.1	data/raw/photobacterium_primary_500_ncbi/ncbi_dataset/data/GCF_033447685.1/GCF_033447685.1_ASM3344768v1_genomic.fna	data/raw/photobacterium_primary_500_ncbi/ncbi_dataset/data/GCF_033447685.1/protein.faa	data/raw/photobacterium_primary_500_ncbi/ncbi_dataset/data/GCF_033447685.1/genomic.gff
GCF_033447695.1	data/raw/photobacterium_primary_500_ncbi/ncbi_dataset/data/GCF_033447695.1/GCF_033447695.1_ASM3344769v1_genomic.fna	data/raw/photobacterium_primary_500_ncbi/ncbi_dataset/data/GCF_033447695.1/protein.faa	data/raw/photobacterium_primary_500_ncbi/ncbi_dataset/data/GCF_033447695.1/genomic.gff
GCF_033447745.1	data/raw/photobacterium_primary_500_ncbi/ncbi_dataset/data/GCF_033447745.1/GCF_033447745.1_ASM3344774v1_genomic.fna	data/raw/photobacterium_primary_500_ncbi/ncbi_dataset/data/GCF_033447745.1/protein.faa	data/raw/photobacterium_primary_500_ncbi/ncbi_dataset/data/GCF_033447745.1/genomic.gff
GCF_033447755.1	data/raw/photobacterium_primary_500_ncbi/ncbi_dataset/data/GCF_033447755.1/GCF_033447755.1_ASM3344775v1_genomic.fna	data/raw/photobacterium_primary_500_ncbi/ncbi_dataset/data/GCF_033447755.1/protein.faa	data/raw/photobacterium_primary_500_ncbi/ncbi_dataset/data/GCF_033447755.1/genomic.gff
GCF_033447825.1	data/raw/photobacterium_primary_500_ncbi/ncbi_dataset/data/GCF_033447825.1/GCF_033447825.1_ASM3344782v1_genomic.fna	data/raw/photobacterium_primary_500_ncbi/ncbi_dataset/data/GCF_033447825.1/protein.faa	data/raw/photobacterium_primary_500_ncbi/ncbi_dataset/data/GCF_033447825.1/genomic.gff
GCF_033447845.1	data/raw/photobacterium_primary_500_ncbi/ncbi_dataset/data/GCF_033447845.1/GCF_033447845.1_ASM3344784v1_genomic.fna	data/raw/photobacterium_primary_500_ncbi/ncbi_dataset/data/GCF_033447845.1/protein.faa	data/raw/photobacterium_primary_500_ncbi/ncbi_dataset/data/GCF_033447845.1/genomic.gff
GCF_033447865.1	data/raw/photobacterium_primary_500_ncbi/ncbi_dataset/data/GCF_033447865.1/GCF_033447865.1_ASM3344786v1_genomic.fna	data/raw/photobacterium_primary_500_ncbi/ncbi_dataset/data/GCF_033447865.1/protein.faa	data/raw/photobacterium_primary_500_ncbi/ncbi_dataset/data/GCF_033447865.1/genomic.gff
GCF_033447905.1	data/raw/photobacterium_primary_500_ncbi/ncbi_dataset/data/GCF_033447905.1/GCF_033447905.1_ASM3344790v1_genomic.fna	data/raw/photobacterium_primary_500_ncbi/ncbi_dataset/data/GCF_033447905.1/protein.faa	data/raw/photobacterium_primary_500_ncbi/ncbi_dataset/data/GCF_033447905.1/genomic.gff
GCF_033447925.1	data/raw/photobacterium_primary_500_ncbi/ncbi_dataset/data/GCF_033447925.1/GCF_033447925.1_ASM3344792v1_genomic.fna	data/raw/photobacterium_primary_500_ncbi/ncbi_dataset/data/GCF_033447925.1/protein.faa	data/raw/photobacterium_primary_500_ncbi/ncbi_dataset/data/GCF_033447925.1/genomic.gff
GCF_033447945.1	data/raw/photobacterium_primary_500_ncbi/ncbi_dataset/data/GCF_033447945.1/GCF_033447945.1_ASM3344794v1_genomic.fna	data/raw/photobacterium_primary_500_ncbi/ncbi_dataset/data/GCF_033447945.1/protein.faa	data/raw/photobacterium_primary_500_ncbi/ncbi_dataset/data/GCF_033447945.1/genomic.gff
GCF_033447965.1	data/raw/photobacterium_primary_500_ncbi/ncbi_dataset/data/GCF_033447965.1/GCF_033447965.1_ASM3344796v1_genomic.fna	data/raw/photobacterium_primary_500_ncbi/ncbi_dataset/data/GCF_033447965.1/protein.faa	data/raw/photobacterium_primary_500_ncbi/ncbi_dataset/data/GCF_033447965.1/genomic.gff
GCF_033447985.1	data/raw/photobacterium_primary_500_ncbi/ncbi_dataset/data/GCF_033447985.1/GCF_033447985.1_ASM3344798v1_genomic.fna	data/raw/photobacterium_primary_500_ncbi/ncbi_dataset/data/GCF_033447985.1/protein.faa	data/raw/photobacterium_primary_500_ncbi/ncbi_dataset/data/GCF_033447985.1/genomic.gff
GCF_033448005.1	data/raw/photobacterium_primary_500_ncbi/ncbi_dataset/data/GCF_033448005.1/GCF_033448005.1_ASM3344800v1_genomic.fna	data/raw/photobacterium_primary_500_ncbi/ncbi_dataset/data/GCF_033448005.1/protein.faa	data/raw/photobacterium_primary_500_ncbi/ncbi_dataset/data/GCF_033448005.1/genomic.gff
GCF_033448025.1	data/raw/photobacterium_primary_500_ncbi/ncbi_dataset/data/GCF_033448025.1/GCF_033448025.1_ASM3344802v1_genomic.fna	data/raw/photobacterium_primary_500_ncbi/ncbi_dataset/data/GCF_033448025.1/protein.faa	data/raw/photobacterium_primary_500_ncbi/ncbi_dataset/data/GCF_033448025.1/genomic.gff
GCF_033448045.1	data/raw/photobacterium_primary_500_ncbi/ncbi_dataset/data/GCF_033448045.1/GCF_033448045.1_ASM3344804v1_genomic.fna	data/raw/photobacterium_primary_500_ncbi/ncbi_dataset/data/GCF_033448045.1/protein.faa	data/raw/photobacterium_primary_500_ncbi/ncbi_dataset/data/GCF_033448045.1/genomic.gff
GCF_033448065.1	data/raw/photobacterium_primary_500_ncbi/ncbi_dataset/data/GCF_033448065.1/GCF_033448065.1_ASM3344806v1_genomic.fna	data/raw/photobacterium_primary_500_ncbi/ncbi_dataset/data/GCF_033448065.1/protein.faa	data/raw/photobacterium_primary_500_ncbi/ncbi_dataset/data/GCF_033448065.1/genomic.gff
GCF_033448085.1	data/raw/photobacterium_primary_500_ncbi/ncbi_dataset/data/GCF_033448085.1/GCF_033448085.1_ASM3344808v1_genomic.fna	data/raw/photobacterium_primary_500_ncbi/ncbi_dataset/data/GCF_033448085.1/protein.faa	data/raw/photobacterium_primary_500_ncbi/ncbi_dataset/data/GCF_033448085.1/genomic.gff
GCF_033448105.1	data/raw/photobacterium_primary_500_ncbi/ncbi_dataset/data/GCF_033448105.1/GCF_033448105.1_ASM3344810v1_genomic.fna	data/raw/photobacterium_primary_500_ncbi/ncbi_dataset/data/GCF_033448105.1/protein.faa	data/raw/photobacterium_primary_500_ncbi/ncbi_dataset/data/GCF_033448105.1/genomic.gff
GCF_033448125.1	data/raw/photobacterium_primary_500_ncbi/ncbi_dataset/data/GCF_033448125.1/GCF_033448125.1_ASM3344812v1_genomic.fna	data/raw/photobacterium_primary_500_ncbi/ncbi_dataset/data/GCF_033448125.1/protein.faa	data/raw/photobacterium_primary_500_ncbi/ncbi_dataset/data/GCF_033448125.1/genomic.gff
GCF_033448145.1	data/raw/photobacterium_primary_500_ncbi/ncbi_dataset/data/GCF_033448145.1/GCF_033448145.1_ASM3344814v1_genomic.fna	data/raw/photobacterium_primary_500_ncbi/ncbi_dataset/data/GCF_033448145.1/protein.faa	data/raw/photobacterium_primary_500_ncbi/ncbi_dataset/data/GCF_033448145.1/genomic.gff
GCF_033448165.1	data/raw/photobacterium_primary_500_ncbi/ncbi_dataset/data/GCF_033448165.1/GCF_033448165.1_ASM3344816v1_genomic.fna	data/raw/photobacterium_primary_500_ncbi/ncbi_dataset/data/GCF_033448165.1/protein.faa	data/raw/photobacterium_primary_500_ncbi/ncbi_dataset/data/GCF_033448165.1/genomic.gff
GCF_033448185.1	data/raw/photobacterium_primary_500_ncbi/ncbi_dataset/data/GCF_033448185.1/GCF_033448185.1_ASM3344818v1_genomic.fna	data/raw/photobacterium_primary_500_ncbi/ncbi_dataset/data/GCF_033448185.1/protein.faa	data/raw/photobacterium_primary_500_ncbi/ncbi_dataset/data/GCF_033448185.1/genomic.gff
GCF_033448215.1	data/raw/photobacterium_primary_500_ncbi/ncbi_dataset/data/GCF_033448215.1/GCF_033448215.1_ASM3344821v1_genomic.fna	data/raw/photobacterium_primary_500_ncbi/ncbi_dataset/data/GCF_033448215.1/protein.faa	data/raw/photobacterium_primary_500_ncbi/ncbi_dataset/data/GCF_033448215.1/genomic.gff
GCF_033448245.1	data/raw/photobacterium_primary_500_ncbi/ncbi_dataset/data/GCF_033448245.1/GCF_033448245.1_ASM3344824v1_genomic.fna	data/raw/photobacterium_primary_500_ncbi/ncbi_dataset/data/GCF_033448245.1/protein.faa	data/raw/photobacterium_primary_500_ncbi/ncbi_dataset/data/GCF_033448245.1/genomic.gff
GCF_033448265.1	data/raw/photobacterium_primary_500_ncbi/ncbi_dataset/data/GCF_033448265.1/GCF_033448265.1_ASM3344826v1_genomic.fna	data/raw/photobacterium_primary_500_ncbi/ncbi_dataset/data/GCF_033448265.1/protein.faa	data/raw/photobacterium_primary_500_ncbi/ncbi_dataset/data/GCF_033448265.1/genomic.gff
GCF_033448285.1	data/raw/photobacterium_primary_500_ncbi/ncbi_dataset/data/GCF_033448285.1/GCF_033448285.1_ASM3344828v1_genomic.fna	data/raw/photobacterium_primary_500_ncbi/ncbi_dataset/data/GCF_033448285.1/protein.faa	data/raw/photobacterium_primary_500_ncbi/ncbi_dataset/data/GCF_033448285.1/genomic.gff
GCF_033448305.1	data/raw/photobacterium_primary_500_ncbi/ncbi_dataset/data/GCF_033448305.1/GCF_033448305.1_ASM3344830v1_genomic.fna	data/raw/photobacterium_primary_500_ncbi/ncbi_dataset/data/GCF_033448305.1/protein.faa	data/raw/photobacterium_primary_500_ncbi/ncbi_dataset/data/GCF_033448305.1/genomic.gff
GCF_033448325.1	data/raw/photobacterium_primary_500_ncbi/ncbi_dataset/data/GCF_033448325.1/GCF_033448325.1_ASM3344832v1_genomic.fna	data/raw/photobacterium_primary_500_ncbi/ncbi_dataset/data/GCF_033448325.1/protein.faa	data/raw/photobacterium_primary_500_ncbi/ncbi_dataset/data/GCF_033448325.1/genomic.gff
GCF_033448345.1	data/raw/photobacterium_primary_500_ncbi/ncbi_dataset/data/GCF_033448345.1/GCF_033448345.1_ASM3344834v1_genomic.fna	data/raw/photobacterium_primary_500_ncbi/ncbi_dataset/data/GCF_033448345.1/protein.faa	data/raw/photobacterium_primary_500_ncbi/ncbi_dataset/data/GCF_033448345.1/genomic.gff
GCF_033448365.1	data/raw/photobacterium_primary_500_ncbi/ncbi_dataset/data/GCF_033448365.1/GCF_033448365.1_ASM3344836v1_genomic.fna	data/raw/photobacterium_primary_500_ncbi/ncbi_dataset/data/GCF_033448365.1/protein.faa	data/raw/photobacterium_primary_500_ncbi/ncbi_dataset/data/GCF_033448365.1/genomic.gff
GCF_033448385.1	data/raw/photobacterium_primary_500_ncbi/ncbi_dataset/data/GCF_033448385.1/GCF_033448385.1_ASM3344838v1_genomic.fna	data/raw/photobacterium_primary_500_ncbi/ncbi_dataset/data/GCF_033448385.1/protein.faa	data/raw/photobacterium_primary_500_ncbi/ncbi_dataset/data/GCF_033448385.1/genomic.gff
GCF_033448405.1	data/raw/photobacterium_primary_500_ncbi/ncbi_dataset/data/GCF_033448405.1/GCF_033448405.1_ASM3344840v1_genomic.fna	data/raw/photobacterium_primary_500_ncbi/ncbi_dataset/data/GCF_033448405.1/protein.faa	data/raw/photobacterium_primary_500_ncbi/ncbi_dataset/data/GCF_033448405.1/genomic.gff
GCF_033448425.1	data/raw/photobacterium_primary_500_ncbi/ncbi_dataset/data/GCF_033448425.1/GCF_033448425.1_ASM3344842v1_genomic.fna	data/raw/photobacterium_primary_500_ncbi/ncbi_dataset/data/GCF_033448425.1/protein.faa	data/raw/photobacterium_primary_500_ncbi/ncbi_dataset/data/GCF_033448425.1/genomic.gff
GCF_033448445.1	data/raw/photobacterium_primary_500_ncbi/ncbi_dataset/data/GCF_033448445.1/GCF_033448445.1_ASM3344844v1_genomic.fna	data/raw/photobacterium_primary_500_ncbi/ncbi_dataset/data/GCF_033448445.1/protein.faa	data/raw/photobacterium_primary_500_ncbi/ncbi_dataset/data/GCF_033448445.1/genomic.gff
GCF_033448465.1	data/raw/photobacterium_primary_500_ncbi/ncbi_dataset/data/GCF_033448465.1/GCF_033448465.1_ASM3344846v1_genomic.fna	data/raw/photobacterium_primary_500_ncbi/ncbi_dataset/data/GCF_033448465.1/protein.faa	data/raw/photobacterium_primary_500_ncbi/ncbi_dataset/data/GCF_033448465.1/genomic.gff
GCF_033448485.1	data/raw/photobacterium_primary_500_ncbi/ncbi_dataset/data/GCF_033448485.1/GCF_033448485.1_ASM3344848v1_genomic.fna	data/raw/photobacterium_primary_500_ncbi/ncbi_dataset/data/GCF_033448485.1/protein.faa	data/raw/photobacterium_primary_500_ncbi/ncbi_dataset/data/GCF_033448485.1/genomic.gff
GCF_033448505.1	data/raw/photobacterium_primary_500_ncbi/ncbi_dataset/data/GCF_033448505.1/GCF_033448505.1_ASM3344850v1_genomic.fna	data/raw/photobacterium_primary_500_ncbi/ncbi_dataset/data/GCF_033448505.1/protein.faa	data/raw/photobacterium_primary_500_ncbi/ncbi_dataset/data/GCF_033448505.1/genomic.gff
GCF_033448525.1	data/raw/photobacterium_primary_500_ncbi/ncbi_dataset/data/GCF_033448525.1/GCF_033448525.1_ASM3344852v1_genomic.fna	data/raw/photobacterium_primary_500_ncbi/ncbi_dataset/data/GCF_033448525.1/protein.faa	data/raw/photobacterium_primary_500_ncbi/ncbi_dataset/data/GCF_033448525.1/genomic.gff
GCF_033448545.1	data/raw/photobacterium_primary_500_ncbi/ncbi_dataset/data/GCF_033448545.1/GCF_033448545.1_ASM3344854v1_genomic.fna	data/raw/photobacterium_primary_500_ncbi/ncbi_dataset/data/GCF_033448545.1/protein.faa	data/raw/photobacterium_primary_500_ncbi/ncbi_dataset/data/GCF_033448545.1/genomic.gff
GCF_033448555.1	data/raw/photobacterium_primary_500_ncbi/ncbi_dataset/data/GCF_033448555.1/GCF_033448555.1_ASM3344855v1_genomic.fna	data/raw/photobacterium_primary_500_ncbi/ncbi_dataset/data/GCF_033448555.1/protein.faa	data/raw/photobacterium_primary_500_ncbi/ncbi_dataset/data/GCF_033448555.1/genomic.gff
GCF_033448585.1	data/raw/photobacterium_primary_500_ncbi/ncbi_dataset/data/GCF_033448585.1/GCF_033448585.1_ASM3344858v1_genomic.fna	data/raw/photobacterium_primary_500_ncbi/ncbi_dataset/data/GCF_033448585.1/protein.faa	data/raw/photobacterium_primary_500_ncbi/ncbi_dataset/data/GCF_033448585.1/genomic.gff
GCF_033448605.1	data/raw/photobacterium_primary_500_ncbi/ncbi_dataset/data/GCF_033448605.1/GCF_033448605.1_ASM3344860v1_genomic.fna	data/raw/photobacterium_primary_500_ncbi/ncbi_dataset/data/GCF_033448605.1/protein.faa	data/raw/photobacterium_primary_500_ncbi/ncbi_dataset/data/GCF_033448605.1/genomic.gff
GCF_033448625.1	data/raw/photobacterium_primary_500_ncbi/ncbi_dataset/data/GCF_033448625.1/GCF_033448625.1_ASM3344862v1_genomic.fna	data/raw/photobacterium_primary_500_ncbi/ncbi_dataset/data/GCF_033448625.1/protein.faa	data/raw/photobacterium_primary_500_ncbi/ncbi_dataset/data/GCF_033448625.1/genomic.gff
GCF_033448645.1	data/raw/photobacterium_primary_500_ncbi/ncbi_dataset/data/GCF_033448645.1/GCF_033448645.1_ASM3344864v1_genomic.fna	data/raw/photobacterium_primary_500_ncbi/ncbi_dataset/data/GCF_033448645.1/protein.faa	data/raw/photobacterium_primary_500_ncbi/ncbi_dataset/data/GCF_033448645.1/genomic.gff
GCF_033448665.1	data/raw/photobacterium_primary_500_ncbi/ncbi_dataset/data/GCF_033448665.1/GCF_033448665.1_ASM3344866v1_genomic.fna	data/raw/photobacterium_primary_500_ncbi/ncbi_dataset/data/GCF_033448665.1/protein.faa	data/raw/photobacterium_primary_500_ncbi/ncbi_dataset/data/GCF_033448665.1/genomic.gff
GCF_033448685.1	data/raw/photobacterium_primary_500_ncbi/ncbi_dataset/data/GCF_033448685.1/GCF_033448685.1_ASM3344868v1_genomic.fna	data/raw/photobacterium_primary_500_ncbi/ncbi_dataset/data/GCF_033448685.1/protein.faa	data/raw/photobacterium_primary_500_ncbi/ncbi_dataset/data/GCF_033448685.1/genomic.gff
GCF_033448705.1	data/raw/photobacterium_primary_500_ncbi/ncbi_dataset/data/GCF_033448705.1/GCF_033448705.1_ASM3344870v1_genomic.fna	data/raw/photobacterium_primary_500_ncbi/ncbi_dataset/data/GCF_033448705.1/protein.faa	data/raw/photobacterium_primary_500_ncbi/ncbi_dataset/data/GCF_033448705.1/genomic.gff
GCF_033458845.1	data/raw/photobacterium_primary_500_ncbi/ncbi_dataset/data/GCF_033458845.1/GCF_033458845.1_ASM3345884v1_genomic.fna	data/raw/photobacterium_primary_500_ncbi/ncbi_dataset/data/GCF_033458845.1/protein.faa	data/raw/photobacterium_primary_500_ncbi/ncbi_dataset/data/GCF_033458845.1/genomic.gff
GCF_033458905.1	data/raw/photobacterium_primary_500_ncbi/ncbi_dataset/data/GCF_033458905.1/GCF_033458905.1_ASM3345890v1_genomic.fna	data/raw/photobacterium_primary_500_ncbi/ncbi_dataset/data/GCF_033458905.1/protein.faa	data/raw/photobacterium_primary_500_ncbi/ncbi_dataset/data/GCF_033458905.1/genomic.gff
GCF_036040035.1	data/raw/photobacterium_primary_500_ncbi/ncbi_dataset/data/GCF_036040035.1/GCF_036040035.1_ASM3604003v1_genomic.fna	data/raw/photobacterium_primary_500_ncbi/ncbi_dataset/data/GCF_036040035.1/protein.faa	data/raw/photobacterium_primary_500_ncbi/ncbi_dataset/data/GCF_036040035.1/genomic.gff
GCF_036040095.1	data/raw/photobacterium_primary_500_ncbi/ncbi_dataset/data/GCF_036040095.1/GCF_036040095.1_ASM3604009v1_genomic.fna	data/raw/photobacterium_primary_500_ncbi/ncbi_dataset/data/GCF_036040095.1/protein.faa	data/raw/photobacterium_primary_500_ncbi/ncbi_dataset/data/GCF_036040095.1/genomic.gff
GCF_036040135.1	data/raw/photobacterium_primary_500_ncbi/ncbi_dataset/data/GCF_036040135.1/GCF_036040135.1_ASM3604013v1_genomic.fna	data/raw/photobacterium_primary_500_ncbi/ncbi_dataset/data/GCF_036040135.1/protein.faa	data/raw/photobacterium_primary_500_ncbi/ncbi_dataset/data/GCF_036040135.1/genomic.gff
GCF_036040195.1	data/raw/photobacterium_primary_500_ncbi/ncbi_dataset/data/GCF_036040195.1/GCF_036040195.1_ASM3604019v1_genomic.fna	data/raw/photobacterium_primary_500_ncbi/ncbi_dataset/data/GCF_036040195.1/protein.faa	data/raw/photobacterium_primary_500_ncbi/ncbi_dataset/data/GCF_036040195.1/genomic.gff
GCF_036040205.1	data/raw/photobacterium_primary_500_ncbi/ncbi_dataset/data/GCF_036040205.1/GCF_036040205.1_ASM3604020v1_genomic.fna	data/raw/photobacterium_primary_500_ncbi/ncbi_dataset/data/GCF_036040205.1/protein.faa	data/raw/photobacterium_primary_500_ncbi/ncbi_dataset/data/GCF_036040205.1/genomic.gff
GCF_036040255.1	data/raw/photobacterium_primary_500_ncbi/ncbi_dataset/data/GCF_036040255.1/GCF_036040255.1_ASM3604025v1_genomic.fna	data/raw/photobacterium_primary_500_ncbi/ncbi_dataset/data/GCF_036040255.1/protein.faa	data/raw/photobacterium_primary_500_ncbi/ncbi_dataset/data/GCF_036040255.1/genomic.gff
GCF_036040395.1	data/raw/photobacterium_primary_500_ncbi/ncbi_dataset/data/GCF_036040395.1/GCF_036040395.1_ASM3604039v1_genomic.fna	data/raw/photobacterium_primary_500_ncbi/ncbi_dataset/data/GCF_036040395.1/protein.faa	data/raw/photobacterium_primary_500_ncbi/ncbi_dataset/data/GCF_036040395.1/genomic.gff
GCF_036409375.1	data/raw/photobacterium_primary_500_ncbi/ncbi_dataset/data/GCF_036409375.1/GCF_036409375.1_ASM3640937v1_genomic.fna	data/raw/photobacterium_primary_500_ncbi/ncbi_dataset/data/GCF_036409375.1/protein.faa	data/raw/photobacterium_primary_500_ncbi/ncbi_dataset/data/GCF_036409375.1/genomic.gff
GCF_037389125.1	data/raw/photobacterium_primary_500_ncbi/ncbi_dataset/data/GCF_037389125.1/GCF_037389125.1_ASM3738912v1_genomic.fna	data/raw/photobacterium_primary_500_ncbi/ncbi_dataset/data/GCF_037389125.1/protein.faa	data/raw/photobacterium_primary_500_ncbi/ncbi_dataset/data/GCF_037389125.1/genomic.gff
GCF_037997135.1	data/raw/photobacterium_primary_500_ncbi/ncbi_dataset/data/GCF_037997135.1/GCF_037997135.1_ASM3799713v1_genomic.fna	data/raw/photobacterium_primary_500_ncbi/ncbi_dataset/data/GCF_037997135.1/protein.faa	data/raw/photobacterium_primary_500_ncbi/ncbi_dataset/data/GCF_037997135.1/genomic.gff
GCF_038086615.1	data/raw/photobacterium_primary_500_ncbi/ncbi_dataset/data/GCF_038086615.1/GCF_038086615.1_ASM3808661v1_genomic.fna	data/raw/photobacterium_primary_500_ncbi/ncbi_dataset/data/GCF_038086615.1/protein.faa	data/raw/photobacterium_primary_500_ncbi/ncbi_dataset/data/GCF_038086615.1/genomic.gff
GCF_038086725.1	data/raw/photobacterium_primary_500_ncbi/ncbi_dataset/data/GCF_038086725.1/GCF_038086725.1_ASM3808672v1_genomic.fna	data/raw/photobacterium_primary_500_ncbi/ncbi_dataset/data/GCF_038086725.1/protein.faa	data/raw/photobacterium_primary_500_ncbi/ncbi_dataset/data/GCF_038086725.1/genomic.gff
GCF_038086915.1	data/raw/photobacterium_primary_500_ncbi/ncbi_dataset/data/GCF_038086915.1/GCF_038086915.1_ASM3808691v1_genomic.fna	data/raw/photobacterium_primary_500_ncbi/ncbi_dataset/data/GCF_038086915.1/protein.faa	data/raw/photobacterium_primary_500_ncbi/ncbi_dataset/data/GCF_038086915.1/genomic.gff
GCF_038519165.1	data/raw/photobacterium_primary_500_ncbi/ncbi_dataset/data/GCF_038519165.1/GCF_038519165.1_ASM3851916v1_genomic.fna	data/raw/photobacterium_primary_500_ncbi/ncbi_dataset/data/GCF_038519165.1/protein.faa	data/raw/photobacterium_primary_500_ncbi/ncbi_dataset/data/GCF_038519165.1/genomic.gff
GCF_041439435.1	data/raw/photobacterium_primary_500_ncbi/ncbi_dataset/data/GCF_041439435.1/GCF_041439435.1_ASM4143943v1_genomic.fna	data/raw/photobacterium_primary_500_ncbi/ncbi_dataset/data/GCF_041439435.1/protein.faa	data/raw/photobacterium_primary_500_ncbi/ncbi_dataset/data/GCF_041439435.1/genomic.gff
GCF_041466445.1	data/raw/photobacterium_primary_500_ncbi/ncbi_dataset/data/GCF_041466445.1/GCF_041466445.1_ASM4146644v1_genomic.fna	data/raw/photobacterium_primary_500_ncbi/ncbi_dataset/data/GCF_041466445.1/protein.faa	data/raw/photobacterium_primary_500_ncbi/ncbi_dataset/data/GCF_041466445.1/genomic.gff
GCF_042430005.1	data/raw/photobacterium_primary_500_ncbi/ncbi_dataset/data/GCF_042430005.1/GCF_042430005.1_ASM4243000v1_genomic.fna	data/raw/photobacterium_primary_500_ncbi/ncbi_dataset/data/GCF_042430005.1/protein.faa	data/raw/photobacterium_primary_500_ncbi/ncbi_dataset/data/GCF_042430005.1/genomic.gff
GCF_043105905.1	data/raw/photobacterium_primary_500_ncbi/ncbi_dataset/data/GCF_043105905.1/GCF_043105905.1_ASM4310590v1_genomic.fna	data/raw/photobacterium_primary_500_ncbi/ncbi_dataset/data/GCF_043105905.1/protein.faa	data/raw/photobacterium_primary_500_ncbi/ncbi_dataset/data/GCF_043105905.1/genomic.gff
GCF_043106595.1	data/raw/photobacterium_primary_500_ncbi/ncbi_dataset/data/GCF_043106595.1/GCF_043106595.1_ASM4310659v1_genomic.fna	data/raw/photobacterium_primary_500_ncbi/ncbi_dataset/data/GCF_043106595.1/protein.faa	data/raw/photobacterium_primary_500_ncbi/ncbi_dataset/data/GCF_043106595.1/genomic.gff
GCF_043419485.1	data/raw/photobacterium_primary_500_ncbi/ncbi_dataset/data/GCF_043419485.1/GCF_043419485.1_ASM4341948v1_genomic.fna	data/raw/photobacterium_primary_500_ncbi/ncbi_dataset/data/GCF_043419485.1/protein.faa	data/raw/photobacterium_primary_500_ncbi/ncbi_dataset/data/GCF_043419485.1/genomic.gff
GCF_043641185.1	data/raw/photobacterium_primary_500_ncbi/ncbi_dataset/data/GCF_043641185.1/GCF_043641185.1_ASM4364118v1_genomic.fna	data/raw/photobacterium_primary_500_ncbi/ncbi_dataset/data/GCF_043641185.1/protein.faa	data/raw/photobacterium_primary_500_ncbi/ncbi_dataset/data/GCF_043641185.1/genomic.gff
GCF_046058925.1	data/raw/photobacterium_primary_500_ncbi/ncbi_dataset/data/GCF_046058925.1/GCF_046058925.1_ASM4605892v1_genomic.fna	data/raw/photobacterium_primary_500_ncbi/ncbi_dataset/data/GCF_046058925.1/protein.faa	data/raw/photobacterium_primary_500_ncbi/ncbi_dataset/data/GCF_046058925.1/genomic.gff
GCF_048537445.1	data/raw/photobacterium_primary_500_ncbi/ncbi_dataset/data/GCF_048537445.1/GCF_048537445.1_Sr1.18_genomic.fna	data/raw/photobacterium_primary_500_ncbi/ncbi_dataset/data/GCF_048537445.1/protein.faa	data/raw/photobacterium_primary_500_ncbi/ncbi_dataset/data/GCF_048537445.1/genomic.gff
GCF_048537455.1	data/raw/photobacterium_primary_500_ncbi/ncbi_dataset/data/GCF_048537455.1/GCF_048537455.1_Sc9.10a_genomic.fna	data/raw/photobacterium_primary_500_ncbi/ncbi_dataset/data/GCF_048537455.1/protein.faa	data/raw/photobacterium_primary_500_ncbi/ncbi_dataset/data/GCF_048537455.1/genomic.gff
GCF_048537465.1	data/raw/photobacterium_primary_500_ncbi/ncbi_dataset/data/GCF_048537465.1/GCF_048537465.1_Sc16.3_genomic.fna	data/raw/photobacterium_primary_500_ncbi/ncbi_dataset/data/GCF_048537465.1/protein.faa	data/raw/photobacterium_primary_500_ncbi/ncbi_dataset/data/GCF_048537465.1/genomic.gff
GCF_048537505.1	data/raw/photobacterium_primary_500_ncbi/ncbi_dataset/data/GCF_048537505.1/GCF_048537505.1_Sr3.10_genomic.fna	data/raw/photobacterium_primary_500_ncbi/ncbi_dataset/data/GCF_048537505.1/protein.faa	data/raw/photobacterium_primary_500_ncbi/ncbi_dataset/data/GCF_048537505.1/genomic.gff
GCF_048537515.1	data/raw/photobacterium_primary_500_ncbi/ncbi_dataset/data/GCF_048537515.1/GCF_048537515.1_Sr2.36_genomic.fna	data/raw/photobacterium_primary_500_ncbi/ncbi_dataset/data/GCF_048537515.1/protein.faa	data/raw/photobacterium_primary_500_ncbi/ncbi_dataset/data/GCF_048537515.1/genomic.gff
GCF_048537525.1	data/raw/photobacterium_primary_500_ncbi/ncbi_dataset/data/GCF_048537525.1/GCF_048537525.1_Sr3.21_genomic.fna	data/raw/photobacterium_primary_500_ncbi/ncbi_dataset/data/GCF_048537525.1/protein.faa	data/raw/photobacterium_primary_500_ncbi/ncbi_dataset/data/GCF_048537525.1/genomic.gff
GCF_048835935.1	data/raw/photobacterium_primary_500_ncbi/ncbi_dataset/data/GCF_048835935.1/GCF_048835935.1_ASM4883593v1_genomic.fna	data/raw/photobacterium_primary_500_ncbi/ncbi_dataset/data/GCF_048835935.1/protein.faa	data/raw/photobacterium_primary_500_ncbi/ncbi_dataset/data/GCF_048835935.1/genomic.gff
GCF_049315015.1	data/raw/photobacterium_primary_500_ncbi/ncbi_dataset/data/GCF_049315015.1/GCF_049315015.1_Sc2.50_genomic.fna	data/raw/photobacterium_primary_500_ncbi/ncbi_dataset/data/GCF_049315015.1/protein.faa	data/raw/photobacterium_primary_500_ncbi/ncbi_dataset/data/GCF_049315015.1/genomic.gff
GCF_049563835.1	data/raw/photobacterium_primary_500_ncbi/ncbi_dataset/data/GCF_049563835.1/GCF_049563835.1_ASM4956383v1_genomic.fna	data/raw/photobacterium_primary_500_ncbi/ncbi_dataset/data/GCF_049563835.1/protein.faa	data/raw/photobacterium_primary_500_ncbi/ncbi_dataset/data/GCF_049563835.1/genomic.gff
GCF_050336695.1	data/raw/photobacterium_primary_500_ncbi/ncbi_dataset/data/GCF_050336695.1/GCF_050336695.1_ASM5033669v1_genomic.fna	data/raw/photobacterium_primary_500_ncbi/ncbi_dataset/data/GCF_050336695.1/protein.faa	data/raw/photobacterium_primary_500_ncbi/ncbi_dataset/data/GCF_050336695.1/genomic.gff
GCF_050336715.1	data/raw/photobacterium_primary_500_ncbi/ncbi_dataset/data/GCF_050336715.1/GCF_050336715.1_ASM5033671v1_genomic.fna	data/raw/photobacterium_primary_500_ncbi/ncbi_dataset/data/GCF_050336715.1/protein.faa	data/raw/photobacterium_primary_500_ncbi/ncbi_dataset/data/GCF_050336715.1/genomic.gff
GCF_050336815.1	data/raw/photobacterium_primary_500_ncbi/ncbi_dataset/data/GCF_050336815.1/GCF_050336815.1_ASM5033681v1_genomic.fna	data/raw/photobacterium_primary_500_ncbi/ncbi_dataset/data/GCF_050336815.1/protein.faa	data/raw/photobacterium_primary_500_ncbi/ncbi_dataset/data/GCF_050336815.1/genomic.gff
GCF_050337005.1	data/raw/photobacterium_primary_500_ncbi/ncbi_dataset/data/GCF_050337005.1/GCF_050337005.1_ASM5033700v1_genomic.fna	data/raw/photobacterium_primary_500_ncbi/ncbi_dataset/data/GCF_050337005.1/protein.faa	data/raw/photobacterium_primary_500_ncbi/ncbi_dataset/data/GCF_050337005.1/genomic.gff
GCF_050337045.1	data/raw/photobacterium_primary_500_ncbi/ncbi_dataset/data/GCF_050337045.1/GCF_050337045.1_ASM5033704v1_genomic.fna	data/raw/photobacterium_primary_500_ncbi/ncbi_dataset/data/GCF_050337045.1/protein.faa	data/raw/photobacterium_primary_500_ncbi/ncbi_dataset/data/GCF_050337045.1/genomic.gff
GCF_050337655.1	data/raw/photobacterium_primary_500_ncbi/ncbi_dataset/data/GCF_050337655.1/GCF_050337655.1_ASM5033765v1_genomic.fna	data/raw/photobacterium_primary_500_ncbi/ncbi_dataset/data/GCF_050337655.1/protein.faa	data/raw/photobacterium_primary_500_ncbi/ncbi_dataset/data/GCF_050337655.1/genomic.gff
GCF_050337795.1	data/raw/photobacterium_primary_500_ncbi/ncbi_dataset/data/GCF_050337795.1/GCF_050337795.1_ASM5033779v1_genomic.fna	data/raw/photobacterium_primary_500_ncbi/ncbi_dataset/data/GCF_050337795.1/protein.faa	data/raw/photobacterium_primary_500_ncbi/ncbi_dataset/data/GCF_050337795.1/genomic.gff
GCF_050337985.1	data/raw/photobacterium_primary_500_ncbi/ncbi_dataset/data/GCF_050337985.1/GCF_050337985.1_ASM5033798v1_genomic.fna	data/raw/photobacterium_primary_500_ncbi/ncbi_dataset/data/GCF_050337985.1/protein.faa	data/raw/photobacterium_primary_500_ncbi/ncbi_dataset/data/GCF_050337985.1/genomic.gff
GCF_050338095.1	data/raw/photobacterium_primary_500_ncbi/ncbi_dataset/data/GCF_050338095.1/GCF_050338095.1_ASM5033809v1_genomic.fna	data/raw/photobacterium_primary_500_ncbi/ncbi_dataset/data/GCF_050338095.1/protein.faa	data/raw/photobacterium_primary_500_ncbi/ncbi_dataset/data/GCF_050338095.1/genomic.gff
GCF_050338335.1	data/raw/photobacterium_primary_500_ncbi/ncbi_dataset/data/GCF_050338335.1/GCF_050338335.1_ASM5033833v1_genomic.fna	data/raw/photobacterium_primary_500_ncbi/ncbi_dataset/data/GCF_050338335.1/protein.faa	data/raw/photobacterium_primary_500_ncbi/ncbi_dataset/data/GCF_050338335.1/genomic.gff
GCF_050338375.1	data/raw/photobacterium_primary_500_ncbi/ncbi_dataset/data/GCF_050338375.1/GCF_050338375.1_ASM5033837v1_genomic.fna	data/raw/photobacterium_primary_500_ncbi/ncbi_dataset/data/GCF_050338375.1/protein.faa	data/raw/photobacterium_primary_500_ncbi/ncbi_dataset/data/GCF_050338375.1/genomic.gff
GCF_050338475.1	data/raw/photobacterium_primary_500_ncbi/ncbi_dataset/data/GCF_050338475.1/GCF_050338475.1_ASM5033847v1_genomic.fna	data/raw/photobacterium_primary_500_ncbi/ncbi_dataset/data/GCF_050338475.1/protein.faa	data/raw/photobacterium_primary_500_ncbi/ncbi_dataset/data/GCF_050338475.1/genomic.gff
GCF_050338655.1	data/raw/photobacterium_primary_500_ncbi/ncbi_dataset/data/GCF_050338655.1/GCF_050338655.1_ASM5033865v1_genomic.fna	data/raw/photobacterium_primary_500_ncbi/ncbi_dataset/data/GCF_050338655.1/protein.faa	data/raw/photobacterium_primary_500_ncbi/ncbi_dataset/data/GCF_050338655.1/genomic.gff
GCF_050338715.1	data/raw/photobacterium_primary_500_ncbi/ncbi_dataset/data/GCF_050338715.1/GCF_050338715.1_ASM5033871v1_genomic.fna	data/raw/photobacterium_primary_500_ncbi/ncbi_dataset/data/GCF_050338715.1/protein.faa	data/raw/photobacterium_primary_500_ncbi/ncbi_dataset/data/GCF_050338715.1/genomic.gff
GCF_050875365.1	data/raw/photobacterium_primary_500_ncbi/ncbi_dataset/data/GCF_050875365.1/GCF_050875365.1_ASM5087536v1_genomic.fna	data/raw/photobacterium_primary_500_ncbi/ncbi_dataset/data/GCF_050875365.1/protein.faa	data/raw/photobacterium_primary_500_ncbi/ncbi_dataset/data/GCF_050875365.1/genomic.gff
GCF_051046865.1	data/raw/photobacterium_primary_500_ncbi/ncbi_dataset/data/GCF_051046865.1/GCF_051046865.1_StP14.24_genomic.fna	data/raw/photobacterium_primary_500_ncbi/ncbi_dataset/data/GCF_051046865.1/protein.faa	data/raw/photobacterium_primary_500_ncbi/ncbi_dataset/data/GCF_051046865.1/genomic.gff
GCF_051046875.1	data/raw/photobacterium_primary_500_ncbi/ncbi_dataset/data/GCF_051046875.1/GCF_051046875.1_StP18.12_genomic.fna	data/raw/photobacterium_primary_500_ncbi/ncbi_dataset/data/GCF_051046875.1/protein.faa	data/raw/photobacterium_primary_500_ncbi/ncbi_dataset/data/GCF_051046875.1/genomic.gff
GCF_052805155.1	data/raw/photobacterium_primary_500_ncbi/ncbi_dataset/data/GCF_052805155.1/GCF_052805155.1_ASM5280515v1_genomic.fna	data/raw/photobacterium_primary_500_ncbi/ncbi_dataset/data/GCF_052805155.1/protein.faa	data/raw/photobacterium_primary_500_ncbi/ncbi_dataset/data/GCF_052805155.1/genomic.gff
GCF_052873695.1	data/raw/photobacterium_primary_500_ncbi/ncbi_dataset/data/GCF_052873695.1/GCF_052873695.1_ASM5287369v1_genomic.fna	data/raw/photobacterium_primary_500_ncbi/ncbi_dataset/data/GCF_052873695.1/protein.faa	data/raw/photobacterium_primary_500_ncbi/ncbi_dataset/data/GCF_052873695.1/genomic.gff
GCF_052873755.1	data/raw/photobacterium_primary_500_ncbi/ncbi_dataset/data/GCF_052873755.1/GCF_052873755.1_ASM5287375v1_genomic.fna	data/raw/photobacterium_primary_500_ncbi/ncbi_dataset/data/GCF_052873755.1/protein.faa	data/raw/photobacterium_primary_500_ncbi/ncbi_dataset/data/GCF_052873755.1/genomic.gff
GCF_052873815.1	data/raw/photobacterium_primary_500_ncbi/ncbi_dataset/data/GCF_052873815.1/GCF_052873815.1_ASM5287381v1_genomic.fna	data/raw/photobacterium_primary_500_ncbi/ncbi_dataset/data/GCF_052873815.1/protein.faa	data/raw/photobacterium_primary_500_ncbi/ncbi_dataset/data/GCF_052873815.1/genomic.gff
GCF_052873895.1	data/raw/photobacterium_primary_500_ncbi/ncbi_dataset/data/GCF_052873895.1/GCF_052873895.1_ASM5287389v1_genomic.fna	data/raw/photobacterium_primary_500_ncbi/ncbi_dataset/data/GCF_052873895.1/protein.faa	data/raw/photobacterium_primary_500_ncbi/ncbi_dataset/data/GCF_052873895.1/genomic.gff
GCF_052877355.1	data/raw/photobacterium_primary_500_ncbi/ncbi_dataset/data/GCF_052877355.1/GCF_052877355.1_ASM5287735v1_genomic.fna	data/raw/photobacterium_primary_500_ncbi/ncbi_dataset/data/GCF_052877355.1/protein.faa	data/raw/photobacterium_primary_500_ncbi/ncbi_dataset/data/GCF_052877355.1/genomic.gff
GCF_052877375.1	data/raw/photobacterium_primary_500_ncbi/ncbi_dataset/data/GCF_052877375.1/GCF_052877375.1_ASM5287737v1_genomic.fna	data/raw/photobacterium_primary_500_ncbi/ncbi_dataset/data/GCF_052877375.1/protein.faa	data/raw/photobacterium_primary_500_ncbi/ncbi_dataset/data/GCF_052877375.1/genomic.gff
GCF_052877475.1	data/raw/photobacterium_primary_500_ncbi/ncbi_dataset/data/GCF_052877475.1/GCF_052877475.1_ASM5287747v1_genomic.fna	data/raw/photobacterium_primary_500_ncbi/ncbi_dataset/data/GCF_052877475.1/protein.faa	data/raw/photobacterium_primary_500_ncbi/ncbi_dataset/data/GCF_052877475.1/genomic.gff
GCF_052877815.1	data/raw/photobacterium_primary_500_ncbi/ncbi_dataset/data/GCF_052877815.1/GCF_052877815.1_ASM5287781v1_genomic.fna	data/raw/photobacterium_primary_500_ncbi/ncbi_dataset/data/GCF_052877815.1/protein.faa	data/raw/photobacterium_primary_500_ncbi/ncbi_dataset/data/GCF_052877815.1/genomic.gff
GCF_052877935.1	data/raw/photobacterium_primary_500_ncbi/ncbi_dataset/data/GCF_052877935.1/GCF_052877935.1_ASM5287793v1_genomic.fna	data/raw/photobacterium_primary_500_ncbi/ncbi_dataset/data/GCF_052877935.1/protein.faa	data/raw/photobacterium_primary_500_ncbi/ncbi_dataset/data/GCF_052877935.1/genomic.gff
GCF_052878195.1	data/raw/photobacterium_primary_500_ncbi/ncbi_dataset/data/GCF_052878195.1/GCF_052878195.1_ASM5287819v1_genomic.fna	data/raw/photobacterium_primary_500_ncbi/ncbi_dataset/data/GCF_052878195.1/protein.faa	data/raw/photobacterium_primary_500_ncbi/ncbi_dataset/data/GCF_052878195.1/genomic.gff
GCF_052878215.1	data/raw/photobacterium_primary_500_ncbi/ncbi_dataset/data/GCF_052878215.1/GCF_052878215.1_ASM5287821v1_genomic.fna	data/raw/photobacterium_primary_500_ncbi/ncbi_dataset/data/GCF_052878215.1/protein.faa	data/raw/photobacterium_primary_500_ncbi/ncbi_dataset/data/GCF_052878215.1/genomic.gff
GCF_052878295.1	data/raw/photobacterium_primary_500_ncbi/ncbi_dataset/data/GCF_052878295.1/GCF_052878295.1_ASM5287829v1_genomic.fna	data/raw/photobacterium_primary_500_ncbi/ncbi_dataset/data/GCF_052878295.1/protein.faa	data/raw/photobacterium_primary_500_ncbi/ncbi_dataset/data/GCF_052878295.1/genomic.gff
GCF_052878335.1	data/raw/photobacterium_primary_500_ncbi/ncbi_dataset/data/GCF_052878335.1/GCF_052878335.1_ASM5287833v1_genomic.fna	data/raw/photobacterium_primary_500_ncbi/ncbi_dataset/data/GCF_052878335.1/protein.faa	data/raw/photobacterium_primary_500_ncbi/ncbi_dataset/data/GCF_052878335.1/genomic.gff
GCF_052878375.1	data/raw/photobacterium_primary_500_ncbi/ncbi_dataset/data/GCF_052878375.1/GCF_052878375.1_ASM5287837v1_genomic.fna	data/raw/photobacterium_primary_500_ncbi/ncbi_dataset/data/GCF_052878375.1/protein.faa	data/raw/photobacterium_primary_500_ncbi/ncbi_dataset/data/GCF_052878375.1/genomic.gff
GCF_052878815.1	data/raw/photobacterium_primary_500_ncbi/ncbi_dataset/data/GCF_052878815.1/GCF_052878815.1_ASM5287881v1_genomic.fna	data/raw/photobacterium_primary_500_ncbi/ncbi_dataset/data/GCF_052878815.1/protein.faa	data/raw/photobacterium_primary_500_ncbi/ncbi_dataset/data/GCF_052878815.1/genomic.gff
GCF_052879315.1	data/raw/photobacterium_primary_500_ncbi/ncbi_dataset/data/GCF_052879315.1/GCF_052879315.1_ASM5287931v1_genomic.fna	data/raw/photobacterium_primary_500_ncbi/ncbi_dataset/data/GCF_052879315.1/protein.faa	data/raw/photobacterium_primary_500_ncbi/ncbi_dataset/data/GCF_052879315.1/genomic.gff
GCF_053005025.1	data/raw/photobacterium_primary_500_ncbi/ncbi_dataset/data/GCF_053005025.1/GCF_053005025.1_ASM5300502v1_genomic.fna	data/raw/photobacterium_primary_500_ncbi/ncbi_dataset/data/GCF_053005025.1/protein.faa	data/raw/photobacterium_primary_500_ncbi/ncbi_dataset/data/GCF_053005025.1/genomic.gff
GCF_053202905.1	data/raw/photobacterium_primary_500_ncbi/ncbi_dataset/data/GCF_053202905.1/GCF_053202905.1_ASM5320290v1_genomic.fna	data/raw/photobacterium_primary_500_ncbi/ncbi_dataset/data/GCF_053202905.1/protein.faa	data/raw/photobacterium_primary_500_ncbi/ncbi_dataset/data/GCF_053202905.1/genomic.gff
GCF_053850225.1	data/raw/photobacterium_primary_500_ncbi/ncbi_dataset/data/GCF_053850225.1/GCF_053850225.1_ASM5385022v1_genomic.fna	data/raw/photobacterium_primary_500_ncbi/ncbi_dataset/data/GCF_053850225.1/protein.faa	data/raw/photobacterium_primary_500_ncbi/ncbi_dataset/data/GCF_053850225.1/genomic.gff
GCF_054486505.1	data/raw/photobacterium_primary_500_ncbi/ncbi_dataset/data/GCF_054486505.1/GCF_054486505.1_ASM5448650v1_genomic.fna	data/raw/photobacterium_primary_500_ncbi/ncbi_dataset/data/GCF_054486505.1/protein.faa	data/raw/photobacterium_primary_500_ncbi/ncbi_dataset/data/GCF_054486505.1/genomic.gff
GCF_054486525.1	data/raw/photobacterium_primary_500_ncbi/ncbi_dataset/data/GCF_054486525.1/GCF_054486525.1_ASM5448652v1_genomic.fna	data/raw/photobacterium_primary_500_ncbi/ncbi_dataset/data/GCF_054486525.1/protein.faa	data/raw/photobacterium_primary_500_ncbi/ncbi_dataset/data/GCF_054486525.1/genomic.gff
GCF_054486545.1	data/raw/photobacterium_primary_500_ncbi/ncbi_dataset/data/GCF_054486545.1/GCF_054486545.1_ASM5448654v1_genomic.fna	data/raw/photobacterium_primary_500_ncbi/ncbi_dataset/data/GCF_054486545.1/protein.faa	data/raw/photobacterium_primary_500_ncbi/ncbi_dataset/data/GCF_054486545.1/genomic.gff
GCF_055456455.1	data/raw/photobacterium_primary_500_ncbi/ncbi_dataset/data/GCF_055456455.1/GCF_055456455.1_ASM5545645v1_genomic.fna	data/raw/photobacterium_primary_500_ncbi/ncbi_dataset/data/GCF_055456455.1/protein.faa	data/raw/photobacterium_primary_500_ncbi/ncbi_dataset/data/GCF_055456455.1/genomic.gff
GCF_056234105.1	data/raw/photobacterium_primary_500_ncbi/ncbi_dataset/data/GCF_056234105.1/GCF_056234105.1_ASM5623410v1_genomic.fna	data/raw/photobacterium_primary_500_ncbi/ncbi_dataset/data/GCF_056234105.1/protein.faa	data/raw/photobacterium_primary_500_ncbi/ncbi_dataset/data/GCF_056234105.1/genomic.gff
GCF_056234175.1	data/raw/photobacterium_primary_500_ncbi/ncbi_dataset/data/GCF_056234175.1/GCF_056234175.1_ASM5623417v1_genomic.fna	data/raw/photobacterium_primary_500_ncbi/ncbi_dataset/data/GCF_056234175.1/protein.faa	data/raw/photobacterium_primary_500_ncbi/ncbi_dataset/data/GCF_056234175.1/genomic.gff
GCF_056643155.1	data/raw/photobacterium_primary_500_ncbi/ncbi_dataset/data/GCF_056643155.1/GCF_056643155.1_ASM5664315v1_genomic.fna	data/raw/photobacterium_primary_500_ncbi/ncbi_dataset/data/GCF_056643155.1/protein.faa	data/raw/photobacterium_primary_500_ncbi/ncbi_dataset/data/GCF_056643155.1/genomic.gff
GCF_056675655.1	data/raw/photobacterium_primary_500_ncbi/ncbi_dataset/data/GCF_056675655.1/GCF_056675655.1_ASM5667565v1_genomic.fna	data/raw/photobacterium_primary_500_ncbi/ncbi_dataset/data/GCF_056675655.1/protein.faa	data/raw/photobacterium_primary_500_ncbi/ncbi_dataset/data/GCF_056675655.1/genomic.gff
GCF_056836685.1	data/raw/photobacterium_primary_500_ncbi/ncbi_dataset/data/GCF_056836685.1/GCF_056836685.1_ASM5683668v1_genomic.fna	data/raw/photobacterium_primary_500_ncbi/ncbi_dataset/data/GCF_056836685.1/protein.faa	data/raw/photobacterium_primary_500_ncbi/ncbi_dataset/data/GCF_056836685.1/genomic.gff
GCF_057063665.1	data/raw/photobacterium_primary_500_ncbi/ncbi_dataset/data/GCF_057063665.1/GCF_057063665.1_ASM5706366v1_genomic.fna	data/raw/photobacterium_primary_500_ncbi/ncbi_dataset/data/GCF_057063665.1/protein.faa	data/raw/photobacterium_primary_500_ncbi/ncbi_dataset/data/GCF_057063665.1/genomic.gff
GCF_057922655.1	data/raw/photobacterium_primary_500_ncbi/ncbi_dataset/data/GCF_057922655.1/GCF_057922655.1_ASM5792265v1_genomic.fna	data/raw/photobacterium_primary_500_ncbi/ncbi_dataset/data/GCF_057922655.1/protein.faa	data/raw/photobacterium_primary_500_ncbi/ncbi_dataset/data/GCF_057922655.1/genomic.gff
GCF_057922685.1	data/raw/photobacterium_primary_500_ncbi/ncbi_dataset/data/GCF_057922685.1/GCF_057922685.1_ASM5792268v1_genomic.fna	data/raw/photobacterium_primary_500_ncbi/ncbi_dataset/data/GCF_057922685.1/protein.faa	data/raw/photobacterium_primary_500_ncbi/ncbi_dataset/data/GCF_057922685.1/genomic.gff
GCF_058072825.1	data/raw/photobacterium_primary_500_ncbi/ncbi_dataset/data/GCF_058072825.1/GCF_058072825.1_ASM5807282v1_genomic.fna	data/raw/photobacterium_primary_500_ncbi/ncbi_dataset/data/GCF_058072825.1/protein.faa	data/raw/photobacterium_primary_500_ncbi/ncbi_dataset/data/GCF_058072825.1/genomic.gff
GCF_058072835.1	data/raw/photobacterium_primary_500_ncbi/ncbi_dataset/data/GCF_058072835.1/GCF_058072835.1_ASM5807283v1_genomic.fna	data/raw/photobacterium_primary_500_ncbi/ncbi_dataset/data/GCF_058072835.1/protein.faa	data/raw/photobacterium_primary_500_ncbi/ncbi_dataset/data/GCF_058072835.1/genomic.gff
GCF_058072865.1	data/raw/photobacterium_primary_500_ncbi/ncbi_dataset/data/GCF_058072865.1/GCF_058072865.1_ASM5807286v1_genomic.fna	data/raw/photobacterium_primary_500_ncbi/ncbi_dataset/data/GCF_058072865.1/protein.faa	data/raw/photobacterium_primary_500_ncbi/ncbi_dataset/data/GCF_058072865.1/genomic.gff
GCF_058072885.1	data/raw/photobacterium_primary_500_ncbi/ncbi_dataset/data/GCF_058072885.1/GCF_058072885.1_ASM5807288v1_genomic.fna	data/raw/photobacterium_primary_500_ncbi/ncbi_dataset/data/GCF_058072885.1/protein.faa	data/raw/photobacterium_primary_500_ncbi/ncbi_dataset/data/GCF_058072885.1/genomic.gff
GCF_058072895.1	data/raw/photobacterium_primary_500_ncbi/ncbi_dataset/data/GCF_058072895.1/GCF_058072895.1_ASM5807289v1_genomic.fna	data/raw/photobacterium_primary_500_ncbi/ncbi_dataset/data/GCF_058072895.1/protein.faa	data/raw/photobacterium_primary_500_ncbi/ncbi_dataset/data/GCF_058072895.1/genomic.gff
GCF_058072915.1	data/raw/photobacterium_primary_500_ncbi/ncbi_dataset/data/GCF_058072915.1/GCF_058072915.1_ASM5807291v1_genomic.fna	data/raw/photobacterium_primary_500_ncbi/ncbi_dataset/data/GCF_058072915.1/protein.faa	data/raw/photobacterium_primary_500_ncbi/ncbi_dataset/data/GCF_058072915.1/genomic.gff
GCF_058072945.1	data/raw/photobacterium_primary_500_ncbi/ncbi_dataset/data/GCF_058072945.1/GCF_058072945.1_ASM5807294v1_genomic.fna	data/raw/photobacterium_primary_500_ncbi/ncbi_dataset/data/GCF_058072945.1/protein.faa	data/raw/photobacterium_primary_500_ncbi/ncbi_dataset/data/GCF_058072945.1/genomic.gff
GCF_058072955.1	data/raw/photobacterium_primary_500_ncbi/ncbi_dataset/data/GCF_058072955.1/GCF_058072955.1_ASM5807295v1_genomic.fna	data/raw/photobacterium_primary_500_ncbi/ncbi_dataset/data/GCF_058072955.1/protein.faa	data/raw/photobacterium_primary_500_ncbi/ncbi_dataset/data/GCF_058072955.1/genomic.gff
GCF_058073005.1	data/raw/photobacterium_primary_500_ncbi/ncbi_dataset/data/GCF_058073005.1/GCF_058073005.1_ASM5807300v1_genomic.fna	data/raw/photobacterium_primary_500_ncbi/ncbi_dataset/data/GCF_058073005.1/protein.faa	data/raw/photobacterium_primary_500_ncbi/ncbi_dataset/data/GCF_058073005.1/genomic.gff
GCF_058273185.1	data/raw/photobacterium_primary_500_ncbi/ncbi_dataset/data/GCF_058273185.1/GCF_058273185.1_ASM5827318v1_genomic.fna	data/raw/photobacterium_primary_500_ncbi/ncbi_dataset/data/GCF_058273185.1/protein.faa	data/raw/photobacterium_primary_500_ncbi/ncbi_dataset/data/GCF_058273185.1/genomic.gff
GCF_058410825.1	data/raw/photobacterium_primary_500_ncbi/ncbi_dataset/data/GCF_058410825.1/GCF_058410825.1_ASM5841082v1_genomic.fna	data/raw/photobacterium_primary_500_ncbi/ncbi_dataset/data/GCF_058410825.1/protein.faa	data/raw/photobacterium_primary_500_ncbi/ncbi_dataset/data/GCF_058410825.1/genomic.gff
GCF_059492265.1	data/raw/photobacterium_primary_500_ncbi/ncbi_dataset/data/GCF_059492265.1/GCF_059492265.1_ASM5949226v1_genomic.fna	data/raw/photobacterium_primary_500_ncbi/ncbi_dataset/data/GCF_059492265.1/protein.faa	data/raw/photobacterium_primary_500_ncbi/ncbi_dataset/data/GCF_059492265.1/genomic.gff
GCF_059623475.1	data/raw/photobacterium_primary_500_ncbi/ncbi_dataset/data/GCF_059623475.1/GCF_059623475.1_ASM5962347v1_genomic.fna	data/raw/photobacterium_primary_500_ncbi/ncbi_dataset/data/GCF_059623475.1/protein.faa	data/raw/photobacterium_primary_500_ncbi/ncbi_dataset/data/GCF_059623475.1/genomic.gff
GCF_059727865.1	data/raw/photobacterium_primary_500_ncbi/ncbi_dataset/data/GCF_059727865.1/GCF_059727865.1_ASM5972786v1_genomic.fna	data/raw/photobacterium_primary_500_ncbi/ncbi_dataset/data/GCF_059727865.1/protein.faa	data/raw/photobacterium_primary_500_ncbi/ncbi_dataset/data/GCF_059727865.1/genomic.gff
GCF_059727875.1	data/raw/photobacterium_primary_500_ncbi/ncbi_dataset/data/GCF_059727875.1/GCF_059727875.1_ASM5972787v1_genomic.fna	data/raw/photobacterium_primary_500_ncbi/ncbi_dataset/data/GCF_059727875.1/protein.faa	data/raw/photobacterium_primary_500_ncbi/ncbi_dataset/data/GCF_059727875.1/genomic.gff
GCF_059727885.1	data/raw/photobacterium_primary_500_ncbi/ncbi_dataset/data/GCF_059727885.1/GCF_059727885.1_ASM5972788v1_genomic.fna	data/raw/photobacterium_primary_500_ncbi/ncbi_dataset/data/GCF_059727885.1/protein.faa	data/raw/photobacterium_primary_500_ncbi/ncbi_dataset/data/GCF_059727885.1/genomic.gff
GCF_059727895.1	data/raw/photobacterium_primary_500_ncbi/ncbi_dataset/data/GCF_059727895.1/GCF_059727895.1_ASM5972789v1_genomic.fna	data/raw/photobacterium_primary_500_ncbi/ncbi_dataset/data/GCF_059727895.1/protein.faa	data/raw/photobacterium_primary_500_ncbi/ncbi_dataset/data/GCF_059727895.1/genomic.gff
GCF_059735745.1	data/raw/photobacterium_primary_500_ncbi/ncbi_dataset/data/GCF_059735745.1/GCF_059735745.1_ASM5973574v1_genomic.fna	data/raw/photobacterium_primary_500_ncbi/ncbi_dataset/data/GCF_059735745.1/protein.faa	data/raw/photobacterium_primary_500_ncbi/ncbi_dataset/data/GCF_059735745.1/genomic.gff
GCF_059740845.1	data/raw/photobacterium_primary_500_ncbi/ncbi_dataset/data/GCF_059740845.1/GCF_059740845.1_ASM5974084v1_genomic.fna	data/raw/photobacterium_primary_500_ncbi/ncbi_dataset/data/GCF_059740845.1/protein.faa	data/raw/photobacterium_primary_500_ncbi/ncbi_dataset/data/GCF_059740845.1/genomic.gff
GCF_059740915.1	data/raw/photobacterium_primary_500_ncbi/ncbi_dataset/data/GCF_059740915.1/GCF_059740915.1_ASM5974091v1_genomic.fna	data/raw/photobacterium_primary_500_ncbi/ncbi_dataset/data/GCF_059740915.1/protein.faa	data/raw/photobacterium_primary_500_ncbi/ncbi_dataset/data/GCF_059740915.1/genomic.gff
GCF_059740945.1	data/raw/photobacterium_primary_500_ncbi/ncbi_dataset/data/GCF_059740945.1/GCF_059740945.1_ASM5974094v1_genomic.fna	data/raw/photobacterium_primary_500_ncbi/ncbi_dataset/data/GCF_059740945.1/protein.faa	data/raw/photobacterium_primary_500_ncbi/ncbi_dataset/data/GCF_059740945.1/genomic.gff
GCF_059749295.1	data/raw/photobacterium_primary_500_ncbi/ncbi_dataset/data/GCF_059749295.1/GCF_059749295.1_ASM5974929v1_genomic.fna	data/raw/photobacterium_primary_500_ncbi/ncbi_dataset/data/GCF_059749295.1/protein.faa	data/raw/photobacterium_primary_500_ncbi/ncbi_dataset/data/GCF_059749295.1/genomic.gff
GCF_059749375.1	data/raw/photobacterium_primary_500_ncbi/ncbi_dataset/data/GCF_059749375.1/GCF_059749375.1_ASM5974937v1_genomic.fna	data/raw/photobacterium_primary_500_ncbi/ncbi_dataset/data/GCF_059749375.1/protein.faa	data/raw/photobacterium_primary_500_ncbi/ncbi_dataset/data/GCF_059749375.1/genomic.gff
GCF_059749395.1	data/raw/photobacterium_primary_500_ncbi/ncbi_dataset/data/GCF_059749395.1/GCF_059749395.1_ASM5974939v1_genomic.fna	data/raw/photobacterium_primary_500_ncbi/ncbi_dataset/data/GCF_059749395.1/protein.faa	data/raw/photobacterium_primary_500_ncbi/ncbi_dataset/data/GCF_059749395.1/genomic.gff
GCF_059761285.1	data/raw/photobacterium_primary_500_ncbi/ncbi_dataset/data/GCF_059761285.1/GCF_059761285.1_ASM5976128v1_genomic.fna	data/raw/photobacterium_primary_500_ncbi/ncbi_dataset/data/GCF_059761285.1/protein.faa	data/raw/photobacterium_primary_500_ncbi/ncbi_dataset/data/GCF_059761285.1/genomic.gff
GCF_059761325.1	data/raw/photobacterium_primary_500_ncbi/ncbi_dataset/data/GCF_059761325.1/GCF_059761325.1_ASM5976132v1_genomic.fna	data/raw/photobacterium_primary_500_ncbi/ncbi_dataset/data/GCF_059761325.1/protein.faa	data/raw/photobacterium_primary_500_ncbi/ncbi_dataset/data/GCF_059761325.1/genomic.gff
GCF_059761345.1	data/raw/photobacterium_primary_500_ncbi/ncbi_dataset/data/GCF_059761345.1/GCF_059761345.1_ASM5976134v1_genomic.fna	data/raw/photobacterium_primary_500_ncbi/ncbi_dataset/data/GCF_059761345.1/protein.faa	data/raw/photobacterium_primary_500_ncbi/ncbi_dataset/data/GCF_059761345.1/genomic.gff
GCF_059761365.1	data/raw/photobacterium_primary_500_ncbi/ncbi_dataset/data/GCF_059761365.1/GCF_059761365.1_ASM5976136v1_genomic.fna	data/raw/photobacterium_primary_500_ncbi/ncbi_dataset/data/GCF_059761365.1/protein.faa	data/raw/photobacterium_primary_500_ncbi/ncbi_dataset/data/GCF_059761365.1/genomic.gff
GCF_059761385.1	data/raw/photobacterium_primary_500_ncbi/ncbi_dataset/data/GCF_059761385.1/GCF_059761385.1_ASM5976138v1_genomic.fna	data/raw/photobacterium_primary_500_ncbi/ncbi_dataset/data/GCF_059761385.1/protein.faa	data/raw/photobacterium_primary_500_ncbi/ncbi_dataset/data/GCF_059761385.1/genomic.gff
GCF_059761395.1	data/raw/photobacterium_primary_500_ncbi/ncbi_dataset/data/GCF_059761395.1/GCF_059761395.1_ASM5976139v1_genomic.fna	data/raw/photobacterium_primary_500_ncbi/ncbi_dataset/data/GCF_059761395.1/protein.faa	data/raw/photobacterium_primary_500_ncbi/ncbi_dataset/data/GCF_059761395.1/genomic.gff
GCF_059761425.1	data/raw/photobacterium_primary_500_ncbi/ncbi_dataset/data/GCF_059761425.1/GCF_059761425.1_ASM5976142v1_genomic.fna	data/raw/photobacterium_primary_500_ncbi/ncbi_dataset/data/GCF_059761425.1/protein.faa	data/raw/photobacterium_primary_500_ncbi/ncbi_dataset/data/GCF_059761425.1/genomic.gff
GCF_059761445.1	data/raw/photobacterium_primary_500_ncbi/ncbi_dataset/data/GCF_059761445.1/GCF_059761445.1_ASM5976144v1_genomic.fna	data/raw/photobacterium_primary_500_ncbi/ncbi_dataset/data/GCF_059761445.1/protein.faa	data/raw/photobacterium_primary_500_ncbi/ncbi_dataset/data/GCF_059761445.1/genomic.gff
GCF_059761455.1	data/raw/photobacterium_primary_500_ncbi/ncbi_dataset/data/GCF_059761455.1/GCF_059761455.1_ASM5976145v1_genomic.fna	data/raw/photobacterium_primary_500_ncbi/ncbi_dataset/data/GCF_059761455.1/protein.faa	data/raw/photobacterium_primary_500_ncbi/ncbi_dataset/data/GCF_059761455.1/genomic.gff
GCF_059761485.1	data/raw/photobacterium_primary_500_ncbi/ncbi_dataset/data/GCF_059761485.1/GCF_059761485.1_ASM5976148v1_genomic.fna	data/raw/photobacterium_primary_500_ncbi/ncbi_dataset/data/GCF_059761485.1/protein.faa	data/raw/photobacterium_primary_500_ncbi/ncbi_dataset/data/GCF_059761485.1/genomic.gff
GCF_059761505.1	data/raw/photobacterium_primary_500_ncbi/ncbi_dataset/data/GCF_059761505.1/GCF_059761505.1_ASM5976150v1_genomic.fna	data/raw/photobacterium_primary_500_ncbi/ncbi_dataset/data/GCF_059761505.1/protein.faa	data/raw/photobacterium_primary_500_ncbi/ncbi_dataset/data/GCF_059761505.1/genomic.gff
GCF_059761525.1	data/raw/photobacterium_primary_500_ncbi/ncbi_dataset/data/GCF_059761525.1/GCF_059761525.1_ASM5976152v1_genomic.fna	data/raw/photobacterium_primary_500_ncbi/ncbi_dataset/data/GCF_059761525.1/protein.faa	data/raw/photobacterium_primary_500_ncbi/ncbi_dataset/data/GCF_059761525.1/genomic.gff
GCF_059761545.1	data/raw/photobacterium_primary_500_ncbi/ncbi_dataset/data/GCF_059761545.1/GCF_059761545.1_ASM5976154v1_genomic.fna	data/raw/photobacterium_primary_500_ncbi/ncbi_dataset/data/GCF_059761545.1/protein.faa	data/raw/photobacterium_primary_500_ncbi/ncbi_dataset/data/GCF_059761545.1/genomic.gff
GCF_059761565.1	data/raw/photobacterium_primary_500_ncbi/ncbi_dataset/data/GCF_059761565.1/GCF_059761565.1_ASM5976156v1_genomic.fna	data/raw/photobacterium_primary_500_ncbi/ncbi_dataset/data/GCF_059761565.1/protein.faa	data/raw/photobacterium_primary_500_ncbi/ncbi_dataset/data/GCF_059761565.1/genomic.gff
GCF_059761585.1	data/raw/photobacterium_primary_500_ncbi/ncbi_dataset/data/GCF_059761585.1/GCF_059761585.1_ASM5976158v1_genomic.fna	data/raw/photobacterium_primary_500_ncbi/ncbi_dataset/data/GCF_059761585.1/protein.faa	data/raw/photobacterium_primary_500_ncbi/ncbi_dataset/data/GCF_059761585.1/genomic.gff
GCF_059761605.1	data/raw/photobacterium_primary_500_ncbi/ncbi_dataset/data/GCF_059761605.1/GCF_059761605.1_ASM5976160v1_genomic.fna	data/raw/photobacterium_primary_500_ncbi/ncbi_dataset/data/GCF_059761605.1/protein.faa	data/raw/photobacterium_primary_500_ncbi/ncbi_dataset/data/GCF_059761605.1/genomic.gff
GCF_059761625.1	data/raw/photobacterium_primary_500_ncbi/ncbi_dataset/data/GCF_059761625.1/GCF_059761625.1_ASM5976162v1_genomic.fna	data/raw/photobacterium_primary_500_ncbi/ncbi_dataset/data/GCF_059761625.1/protein.faa	data/raw/photobacterium_primary_500_ncbi/ncbi_dataset/data/GCF_059761625.1/genomic.gff
GCF_059761645.1	data/raw/photobacterium_primary_500_ncbi/ncbi_dataset/data/GCF_059761645.1/GCF_059761645.1_ASM5976164v1_genomic.fna	data/raw/photobacterium_primary_500_ncbi/ncbi_dataset/data/GCF_059761645.1/protein.faa	data/raw/photobacterium_primary_500_ncbi/ncbi_dataset/data/GCF_059761645.1/genomic.gff
GCF_059761665.1	data/raw/photobacterium_primary_500_ncbi/ncbi_dataset/data/GCF_059761665.1/GCF_059761665.1_ASM5976166v1_genomic.fna	data/raw/photobacterium_primary_500_ncbi/ncbi_dataset/data/GCF_059761665.1/protein.faa	data/raw/photobacterium_primary_500_ncbi/ncbi_dataset/data/GCF_059761665.1/genomic.gff
GCF_059761705.1	data/raw/photobacterium_primary_500_ncbi/ncbi_dataset/data/GCF_059761705.1/GCF_059761705.1_ASM5976170v1_genomic.fna	data/raw/photobacterium_primary_500_ncbi/ncbi_dataset/data/GCF_059761705.1/protein.faa	data/raw/photobacterium_primary_500_ncbi/ncbi_dataset/data/GCF_059761705.1/genomic.gff
GCF_059761725.1	data/raw/photobacterium_primary_500_ncbi/ncbi_dataset/data/GCF_059761725.1/GCF_059761725.1_ASM5976172v1_genomic.fna	data/raw/photobacterium_primary_500_ncbi/ncbi_dataset/data/GCF_059761725.1/protein.faa	data/raw/photobacterium_primary_500_ncbi/ncbi_dataset/data/GCF_059761725.1/genomic.gff
GCF_059761745.1	data/raw/photobacterium_primary_500_ncbi/ncbi_dataset/data/GCF_059761745.1/GCF_059761745.1_ASM5976174v1_genomic.fna	data/raw/photobacterium_primary_500_ncbi/ncbi_dataset/data/GCF_059761745.1/protein.faa	data/raw/photobacterium_primary_500_ncbi/ncbi_dataset/data/GCF_059761745.1/genomic.gff
GCF_059761755.1	data/raw/photobacterium_primary_500_ncbi/ncbi_dataset/data/GCF_059761755.1/GCF_059761755.1_ASM5976175v1_genomic.fna	data/raw/photobacterium_primary_500_ncbi/ncbi_dataset/data/GCF_059761755.1/protein.faa	data/raw/photobacterium_primary_500_ncbi/ncbi_dataset/data/GCF_059761755.1/genomic.gff
GCF_059761785.1	data/raw/photobacterium_primary_500_ncbi/ncbi_dataset/data/GCF_059761785.1/GCF_059761785.1_ASM5976178v1_genomic.fna	data/raw/photobacterium_primary_500_ncbi/ncbi_dataset/data/GCF_059761785.1/protein.faa	data/raw/photobacterium_primary_500_ncbi/ncbi_dataset/data/GCF_059761785.1/genomic.gff
GCF_059761805.1	data/raw/photobacterium_primary_500_ncbi/ncbi_dataset/data/GCF_059761805.1/GCF_059761805.1_ASM5976180v1_genomic.fna	data/raw/photobacterium_primary_500_ncbi/ncbi_dataset/data/GCF_059761805.1/protein.faa	data/raw/photobacterium_primary_500_ncbi/ncbi_dataset/data/GCF_059761805.1/genomic.gff
GCF_059761825.1	data/raw/photobacterium_primary_500_ncbi/ncbi_dataset/data/GCF_059761825.1/GCF_059761825.1_ASM5976182v1_genomic.fna	data/raw/photobacterium_primary_500_ncbi/ncbi_dataset/data/GCF_059761825.1/protein.faa	data/raw/photobacterium_primary_500_ncbi/ncbi_dataset/data/GCF_059761825.1/genomic.gff
GCF_059761845.1	data/raw/photobacterium_primary_500_ncbi/ncbi_dataset/data/GCF_059761845.1/GCF_059761845.1_ASM5976184v1_genomic.fna	data/raw/photobacterium_primary_500_ncbi/ncbi_dataset/data/GCF_059761845.1/protein.faa	data/raw/photobacterium_primary_500_ncbi/ncbi_dataset/data/GCF_059761845.1/genomic.gff
GCF_059761855.1	data/raw/photobacterium_primary_500_ncbi/ncbi_dataset/data/GCF_059761855.1/GCF_059761855.1_ASM5976185v1_genomic.fna	data/raw/photobacterium_primary_500_ncbi/ncbi_dataset/data/GCF_059761855.1/protein.faa	data/raw/photobacterium_primary_500_ncbi/ncbi_dataset/data/GCF_059761855.1/genomic.gff
GCF_059761885.1	data/raw/photobacterium_primary_500_ncbi/ncbi_dataset/data/GCF_059761885.1/GCF_059761885.1_ASM5976188v1_genomic.fna	data/raw/photobacterium_primary_500_ncbi/ncbi_dataset/data/GCF_059761885.1/protein.faa	data/raw/photobacterium_primary_500_ncbi/ncbi_dataset/data/GCF_059761885.1/genomic.gff
GCF_059761905.1	data/raw/photobacterium_primary_500_ncbi/ncbi_dataset/data/GCF_059761905.1/GCF_059761905.1_ASM5976190v1_genomic.fna	data/raw/photobacterium_primary_500_ncbi/ncbi_dataset/data/GCF_059761905.1/protein.faa	data/raw/photobacterium_primary_500_ncbi/ncbi_dataset/data/GCF_059761905.1/genomic.gff
GCF_059761915.1	data/raw/photobacterium_primary_500_ncbi/ncbi_dataset/data/GCF_059761915.1/GCF_059761915.1_ASM5976191v1_genomic.fna	data/raw/photobacterium_primary_500_ncbi/ncbi_dataset/data/GCF_059761915.1/protein.faa	data/raw/photobacterium_primary_500_ncbi/ncbi_dataset/data/GCF_059761915.1/genomic.gff
GCF_059784805.1	data/raw/photobacterium_primary_500_ncbi/ncbi_dataset/data/GCF_059784805.1/GCF_059784805.1_ASM5978480v1_genomic.fna	data/raw/photobacterium_primary_500_ncbi/ncbi_dataset/data/GCF_059784805.1/protein.faa	data/raw/photobacterium_primary_500_ncbi/ncbi_dataset/data/GCF_059784805.1/genomic.gff
GCF_059833865.1	data/raw/photobacterium_primary_500_ncbi/ncbi_dataset/data/GCF_059833865.1/GCF_059833865.1_ASM5983386v1_genomic.fna	data/raw/photobacterium_primary_500_ncbi/ncbi_dataset/data/GCF_059833865.1/protein.faa	data/raw/photobacterium_primary_500_ncbi/ncbi_dataset/data/GCF_059833865.1/genomic.gff
GCF_059920555.1	data/raw/photobacterium_primary_500_ncbi/ncbi_dataset/data/GCF_059920555.1/GCF_059920555.1_ASM5992055v1_genomic.fna	data/raw/photobacterium_primary_500_ncbi/ncbi_dataset/data/GCF_059920555.1/protein.faa	data/raw/photobacterium_primary_500_ncbi/ncbi_dataset/data/GCF_059920555.1/genomic.gff
GCF_059941365.1	data/raw/photobacterium_primary_500_ncbi/ncbi_dataset/data/GCF_059941365.1/GCF_059941365.1_ASM5994136v1_genomic.fna	data/raw/photobacterium_primary_500_ncbi/ncbi_dataset/data/GCF_059941365.1/protein.faa	data/raw/photobacterium_primary_500_ncbi/ncbi_dataset/data/GCF_059941365.1/genomic.gff
GCF_060143805.1	data/raw/photobacterium_primary_500_ncbi/ncbi_dataset/data/GCF_060143805.1/GCF_060143805.1_ASM6014380v1_genomic.fna	data/raw/photobacterium_primary_500_ncbi/ncbi_dataset/data/GCF_060143805.1/protein.faa	data/raw/photobacterium_primary_500_ncbi/ncbi_dataset/data/GCF_060143805.1/genomic.gff
GCF_900166965.1	data/raw/photobacterium_primary_500_ncbi/ncbi_dataset/data/GCF_900166965.1/GCF_900166965.1_P.piscicola_NCCB100098T_SPAdes_Prokka_EMBL_genomic.fna	data/raw/photobacterium_primary_500_ncbi/ncbi_dataset/data/GCF_900166965.1/protein.faa	data/raw/photobacterium_primary_500_ncbi/ncbi_dataset/data/GCF_900166965.1/genomic.gff
GCF_900166975.1	data/raw/photobacterium_primary_500_ncbi/ncbi_dataset/data/GCF_900166975.1/GCF_900166975.1_P.torugnensis_CECT9189T_SPAdes_Prokka_EMBL.gz_genomic.fna	data/raw/photobacterium_primary_500_ncbi/ncbi_dataset/data/GCF_900166975.1/protein.faa	data/raw/photobacterium_primary_500_ncbi/ncbi_dataset/data/GCF_900166975.1/genomic.gff
GCF_900185565.1	data/raw/photobacterium_primary_500_ncbi/ncbi_dataset/data/GCF_900185565.1/GCF_900185565.1_P.aquimaris_CECT9191_Spades_Prokka_EMBL_genomic.fna	data/raw/photobacterium_primary_500_ncbi/ncbi_dataset/data/GCF_900185565.1/protein.faa	data/raw/photobacterium_primary_500_ncbi/ncbi_dataset/data/GCF_900185565.1/genomic.gff
GCF_900185615.1	data/raw/photobacterium_primary_500_ncbi/ncbi_dataset/data/GCF_900185615.1/GCF_900185615.1_P.malacitana_CECT9190T_SPAdes_Prokka_EMBL_genomic.fna	data/raw/photobacterium_primary_500_ncbi/ncbi_dataset/data/GCF_900185615.1/protein.faa	data/raw/photobacterium_primary_500_ncbi/ncbi_dataset/data/GCF_900185615.1/genomic.gff
GCF_900185625.1	data/raw/photobacterium_primary_500_ncbi/ncbi_dataset/data/GCF_900185625.1/GCF_900185625.1_P.andalusiensis_CECT9192T_SPAdes_Prokka_EMBL_genomic.fna	data/raw/photobacterium_primary_500_ncbi/ncbi_dataset/data/GCF_900185625.1/protein.faa	data/raw/photobacterium_primary_500_ncbi/ncbi_dataset/data/GCF_900185625.1/genomic.gff
GCF_900454585.1	data/raw/photobacterium_primary_500_ncbi/ncbi_dataset/data/GCF_900454585.1/GCF_900454585.1_49950_G01_genomic.fna	data/raw/photobacterium_primary_500_ncbi/ncbi_dataset/data/GCF_900454585.1/protein.faa	data/raw/photobacterium_primary_500_ncbi/ncbi_dataset/data/GCF_900454585.1/genomic.gff
GCF_900454595.1	data/raw/photobacterium_primary_500_ncbi/ncbi_dataset/data/GCF_900454595.1/GCF_900454595.1_58798_A01_genomic.fna	data/raw/photobacterium_primary_500_ncbi/ncbi_dataset/data/GCF_900454595.1/protein.faa	data/raw/photobacterium_primary_500_ncbi/ncbi_dataset/data/GCF_900454595.1/genomic.gff
GCF_900454675.1	data/raw/photobacterium_primary_500_ncbi/ncbi_dataset/data/GCF_900454675.1/GCF_900454675.1_58225_B01_genomic.fna	data/raw/photobacterium_primary_500_ncbi/ncbi_dataset/data/GCF_900454675.1/protein.faa	data/raw/photobacterium_primary_500_ncbi/ncbi_dataset/data/GCF_900454675.1/genomic.gff
GCF_900537155.1	data/raw/photobacterium_primary_500_ncbi/ncbi_dataset/data/GCF_900537155.1/GCF_900537155.1_ASM90053715v1_genomic.fna	data/raw/photobacterium_primary_500_ncbi/ncbi_dataset/data/GCF_900537155.1/protein.faa	data/raw/photobacterium_primary_500_ncbi/ncbi_dataset/data/GCF_900537155.1/genomic.gff
GCF_947498665.1	data/raw/photobacterium_primary_500_ncbi/ncbi_dataset/data/GCF_947498665.1/GCF_947498665.1_459.fasta_genomic.fna	data/raw/photobacterium_primary_500_ncbi/ncbi_dataset/data/GCF_947498665.1/protein.faa	data/raw/photobacterium_primary_500_ncbi/ncbi_dataset/data/GCF_947498665.1/genomic.gff
GCF_949787665.1	data/raw/photobacterium_primary_500_ncbi/ncbi_dataset/data/GCF_949787665.1/GCF_949787665.1_MIP2473_genome_genomic.fna	data/raw/photobacterium_primary_500_ncbi/ncbi_dataset/data/GCF_949787665.1/protein.faa	data/raw/photobacterium_primary_500_ncbi/ncbi_dataset/data/GCF_949787665.1/genomic.gff
GCF_963886165.1	data/raw/photobacterium_primary_500_ncbi/ncbi_dataset/data/GCF_963886165.1/GCF_963886165.1_ena-yuan-GCF_009874335.1_genomic.fna	data/raw/photobacterium_primary_500_ncbi/ncbi_dataset/data/GCF_963886165.1/protein.faa	data/raw/photobacterium_primary_500_ncbi/ncbi_dataset/data/GCF_963886165.1/genomic.gff
GCF_965118505.1	data/raw/photobacterium_primary_500_ncbi/ncbi_dataset/data/GCF_965118505.1/GCF_965118505.1_SF1731_S91_genomic.fna	data/raw/photobacterium_primary_500_ncbi/ncbi_dataset/data/GCF_965118505.1/protein.faa	data/raw/photobacterium_primary_500_ncbi/ncbi_dataset/data/GCF_965118505.1/genomic.gff
GCF_965118525.1	data/raw/photobacterium_primary_500_ncbi/ncbi_dataset/data/GCF_965118525.1/GCF_965118525.1_SF661-B_S23_genomic.fna	data/raw/photobacterium_primary_500_ncbi/ncbi_dataset/data/GCF_965118525.1/protein.faa	data/raw/photobacterium_primary_500_ncbi/ncbi_dataset/data/GCF_965118525.1/genomic.gff
GCF_965119175.1	data/raw/photobacterium_primary_500_ncbi/ncbi_dataset/data/GCF_965119175.1/GCF_965119175.1_MIP2569_S47_genomic.fna	data/raw/photobacterium_primary_500_ncbi/ncbi_dataset/data/GCF_965119175.1/protein.faa	data/raw/photobacterium_primary_500_ncbi/ncbi_dataset/data/GCF_965119175.1/genomic.gff
GCF_965119195.1	data/raw/photobacterium_primary_500_ncbi/ncbi_dataset/data/GCF_965119195.1/GCF_965119195.1_MIP2586_S51_genomic.fna	data/raw/photobacterium_primary_500_ncbi/ncbi_dataset/data/GCF_965119195.1/protein.faa	data/raw/photobacterium_primary_500_ncbi/ncbi_dataset/data/GCF_965119195.1/genomic.gff
