Assembly Accession	Source Database	Organism Name	Organism Taxonomic ID	Organism Infraspecific Names Strain	Organism Infraspecific Names Isolate	Assembly Level	Assembly Status	Assembly Refseq Category	Assembly Paired Assembly Accession	Assembly BioProject Accession	Assembly BioSample Accession	Assembly BioSample Strain	Assembly BioSample Isolate	Assembly BioSample Isolation source	Assembly BioSample Host	Assembly BioSample Geographic location	Assembly BioSample Collection date	Assembly Release Date	Assembly Submitter	Assembly Stats Total Sequence Length	Assembly Stats Number of Contigs	Assembly Stats Number of Scaffolds	Assembly Stats Contig N50	Assembly Stats Scaffold N50	Assembly Stats GC Percent	CheckM completeness	CheckM contamination	Assembly Pair Key
GCF_000153265.1	SOURCE_DATABASE_REFSEQ	Photobacterium angustum S14	314292	S14		Scaffold	current		GCA_000153265.1	PRJNA13567	SAMN02436086	S14						2006-06-29	The Gordon and Betty Moore Foundation Marine Microbiology Initiative	5181543	45	25	404679	1753991	39.5	99.11	0.09	GCA_000153265.1|GCF_000153265.1
GCF_000153325.1	SOURCE_DATABASE_REFSEQ	Photobacterium sp. SKA34	121723	SKA34		Scaffold	current		GCA_000153325.1	PRJNA13566	SAMN02436115	SKA34						2006-05-02	The Gordon and Betty Moore Foundation Marine Microbiology Initiative	4992772	88	18	106312	920720	39.5	98.89		GCA_000153325.1|GCF_000153325.1
GCF_000153425.1	SOURCE_DATABASE_REFSEQ	Photobacterium profundum 3TCK	314280	3TCK		Scaffold	current	reference genome	GCA_000153425.1	PRJNA13563	SAMN02436087	3TCK						2006-05-02	The Gordon and Betty Moore Foundation Marine Microbiology Initiative	6186325	82	11	119278	1929118	41.5	98.33		GCA_000153425.1|GCF_000153425.1
GCF_000176795.1	SOURCE_DATABASE_REFSEQ	Photobacterium damselae subsp. damselae CIP 102761	675817	CIP 102761		Scaffold	current		GCA_000176795.1	PRJNA40485	SAMN02393816	CIP 102761						2009-11-13	Los Alamos National Laboratory (LANL), National Microbial Pathogen Data Resource (NMPDR)	5046328	9	8	3236779	3236779	40.5	99.27	0.54	GCA_000176795.1|GCF_000176795.1
GCF_000196255.1	SOURCE_DATABASE_REFSEQ	Photobacterium profundum SS9	298386	SS9		Complete Genome	current		GCA_000196255.1	PRJNA13128	SAMEA3138336	SS9						2004-05-17	University of Padova, Italy	6403280	3	3	4085304	4085304	41.5	97.98	1.03	GCA_000196255.1|GCF_000196255.1
GCF_000211495.1	SOURCE_DATABASE_REFSEQ	Photobacterium leiognathi subsp. mandapamensis svers.1.1.	1001530	svers.1.1.	svers.1.1.	Scaffold	current		GCA_000211495.1	PRJDA64795	SAMD00036551	svers.1.1.						2011-04-07	University of Miyazaki	4598918	31	11	446308	1477894	41	99.37		GCA_000211495.1|GCF_000211495.1
GCF_000300355.2	SOURCE_DATABASE_REFSEQ	Photobacterium damselae subsp. piscicida DI21	1200302	DI21		Scaffold	current		GCA_000300355.4	PRJNA168653	SAMN02471934	DI21		liver of fish with pasteurellosis	gilthead seabream	Spain	1990	2015-07-15	University of Santiago de Compostela	4838269	491	56	14118	2829736	41	90.66	0.85	GCA_000300355.4|GCF_000300355.2
GCF_000331515.1	SOURCE_DATABASE_REFSEQ	Photobacterium marinum	1056511	AK15		Contig	current	reference genome	GCA_000331515.1	PRJNA176474	SAMN02469996	AK15		sediment		India:Palk Bay		2013-01-11	Institute of Microbial Technology	5536962	83	83	179358	179358	46	94.85	5.41	GCA_000331515.1|GCF_000331515.1
GCF_000425165.1	SOURCE_DATABASE_REFSEQ	Photobacterium halotolerans DSM 18316	1122959	DSM 18316		Scaffold	current	reference genome	GCA_000425165.1	PRJNA188804	SAMN02441155	DSM 18316				Spain		2013-07-11	DOE Joint Genome Institute	4690166	62	53	218614	264367	51	90.11	3.81	GCA_000425165.1|GCF_000425165.1
GCF_000509205.1	SOURCE_DATABASE_REFSEQ	Photobacterium leiognathi lrivu.4.1	1248232	lrivu.4.1		Scaffold	current		GCA_000509205.1	PRJDB701	SAMD00036651	lrivu.4.1						2013-08-20	University of Miyazaki	5268214	184	20	56367	979827	41	95.93	0.6	GCA_000509205.1|GCF_000509205.1
GCF_000613045.3	SOURCE_DATABASE_REFSEQ	Photobacterium kishitanii	318456	ANT-2200		Scaffold	current	reference genome	GCA_000613045.3	PRJEB5262	SAMEA3138989	ANT-2200						2015-04-22	GENOSCOPE CEA	5100497	10	5	1661466	3293680	39	97.66	2.3	GCA_000613045.3|GCF_000613045.3
GCF_000695255.1	SOURCE_DATABASE_REFSEQ	Photobacterium galatheae	1654360	S2753		Contig	current		GCA_000695255.1	PRJNA242743	SAMN02729099	S2753		surface of a mussel		Solomon Islands	2006-12-30	2014-05-20	Technical University of Denmark	4533138	80	80	141239	141239	49.5	72.07	4.7	GCA_000695255.1|GCF_000695255.1
GCF_000730475.1	SOURCE_DATABASE_REFSEQ	Photobacterium sanctipauli	1342794	A-394		Contig	current		GCA_000730475.1	PRJNA241370	SAMN02689500	A-394			Madracis decactis	Atlantic Ocean: Brazil, St Paul's rocks	2010-11-22	2014-07-17	UFRJ	5689593	1636	1636	5900	5900	48	92.17	5.47	GCA_000730475.1|GCF_000730475.1
GCA_000755345.1	SOURCE_DATABASE_GENBANK	Photobacterium aphoticum	754436	JCM 19237		Contig	current			PRJDB1674	SAMD00017309	JCM 19237				not applicable	not applicable	2014-09-11	The University of Tokyo	5412298	56	56	217077	217077	49.5	57.47	3.14	GCA_000755345.1
GCF_000808615.1	SOURCE_DATABASE_REFSEQ	Photobacterium gaetbulicola	1295392	AD005a		Contig	current		GCA_000808615.1	PRJNA269560	SAMN03254454	AD005a		Coastal marine water		Malaysia: Port Dickson	2014-01-01	2014-12-29	University of Malaya	5950119	230	230	66246	66246	50	97.13	4.54	GCA_000808615.1|GCF_000808615.1
GCA_000940995.1	SOURCE_DATABASE_GENBANK	Photobacterium gaetbulicola Gung47	658445	Gung47		Complete Genome	current		GCF_000940995.1	PRJNA189839	SAMN03379852	Gung47						2015-03-04	National Fisheries Research and Development Institute	5909413	2	2	3856884	3856884	49.5	97.03	5.16	GCA_000940995.1|GCF_000940995.1
GCF_000949935.1	SOURCE_DATABASE_REFSEQ	Photobacterium iliopiscarium	56192	ATCC 51761		Contig	current		GCA_000949935.1	PRJNA243331	SAMN03295478	ATCC 51761		salmon pyloric ceca, salmo salar	missing	Norway	missing	2015-03-10	FDA/CFSAN	4486051	289	289	77616	77616	39	93.65	1.2	GCA_000949935.1|GCF_000949935.1
GCF_000949955.1	SOURCE_DATABASE_REFSEQ	Photobacterium phosphoreum	659	ATCC 11040		Contig	current		GCA_000949955.1	PRJNA243331	SAMN03295486	ATCC 11040		missing		missing	missing	2015-03-10	FDA/CFSAN	4475676	164	164	83930	83930	39.5	91.01	0.72	GCA_000949955.1|GCF_000949955.1
GCF_000949965.1	SOURCE_DATABASE_REFSEQ	Photobacterium kishitanii	318456	GCSL-A1-3		Contig	current		GCA_000949965.1	PRJNA243331	SAMN03295467	GCSL-A1-3		albacore tuna-anal vent	Thunnus alalunga	USA:HI	2013-08-23	2015-03-10	FDA/CFSAN	5125805	102	102	145424	145424	38.5	94	2.19	GCA_000949965.1|GCF_000949965.1
GCF_000950005.1	SOURCE_DATABASE_REFSEQ	Photobacterium angustum	661	ATCC 25915		Contig	current		GCA_000950005.1	PRJNA243331	SAMN03295481	ATCC 25915		sea water		missing	missing	2015-03-10	FDA/CFSAN	4935352	166	166	183096	183096	39.5	94.79	0.39	GCA_000950005.1|GCF_000950005.1
GCF_000950015.1	SOURCE_DATABASE_REFSEQ	Photobacterium angustum	661	ATCC 33977		Contig	current		GCA_000950015.1	PRJNA243331	SAMN03295482	ATCC 33977		sea water		USA:HI	missing	2015-03-10	FDA/CFSAN	4772091	105	105	270976	270976	39.5	95.53	0.21	GCA_000950015.1|GCF_000950015.1
GCF_000950025.1	SOURCE_DATABASE_REFSEQ	Photobacterium angustum	661	GCSL-A10-1		Contig	current		GCA_000950025.1	PRJNA243331	SAMN03295475	GCSL-A10-1		yellowfin tuna anal vent	Thunnus albacares	USA:Hi	2013-08-23	2015-03-10	FDA/CFSAN	4769116	70	70	196065	196065	39.5	96.82	0.06	GCA_000950025.1|GCF_000950025.1
GCF_000950075.1	SOURCE_DATABASE_REFSEQ	Photobacterium kishitanii	318456	GCSL-A1-2		Contig	current		GCA_000950075.1	PRJNA243331	SAMN03295466	GCSL-A1-2		albacore tuna-anal vent	Thunnus alalunga	USA:HI	2013-08-23	2015-03-10	FDA/CFSAN	5123882	107	107	145422	145422	38.5	92.42	2.27	GCA_000950075.1|GCF_000950075.1
GCF_000950085.1	SOURCE_DATABASE_REFSEQ	Photobacterium angustum	661	GCSL-A2-2		Contig	current		GCA_000950085.1	PRJNA243331	SAMN03295470	GCSL-A2-2		albacore tuna anal vent	Thunnus alalunga	USA:HI	2013-08-23	2015-03-10	FDA/CFSAN	4855267	57	57	213230	213230	39.5	93.1	0.03	GCA_000950085.1|GCF_000950085.1
GCF_000950095.1	SOURCE_DATABASE_REFSEQ	Photobacterium kishitanii	318456	ATCC BAA-1194		Contig	current		GCA_000950095.1	PRJNA243331	SAMN03295480	ATCC BAA-1194		marine fish	missing	missing	missing	2015-03-10	FDA/CFSAN	4709666	117	117	174214	174214	39	95.62	1.68	GCA_000950095.1|GCF_000950095.1
GCF_000950135.1	SOURCE_DATABASE_REFSEQ	Photobacterium kishitanii	318456	GCSL-A1-1		Contig	current		GCA_000950135.1	PRJNA243331	SAMN03295465	GCSL-A1-1		albacore tuna-anal vent	Thunnus alalunga	USA:HI	2013-08-23	2015-03-10	FDA/CFSAN	5125874	109	109	134517	134517	38.5	90.44	2.07	GCA_000950135.1|GCF_000950135.1
GCF_000950155.1	SOURCE_DATABASE_REFSEQ	Photobacterium angustum	661	GCSL-A6		Contig	current		GCA_000950155.1	PRJNA243331	SAMN03295473	GCSL-A6		albacore tuna anal vent	Thunnus alalunga	USA:HI	2013-08-23	2015-03-10	FDA/CFSAN	4930387	50	50	208574	208574	39.5	94.78	0.88	GCA_000950155.1|GCF_000950155.1
GCF_000950185.1	SOURCE_DATABASE_REFSEQ	Photobacterium angustum	661	GCSL-A10-3		Contig	current		GCA_000950185.1	PRJNA243331	SAMN03295477	GCSL-A10-3		yellowfin tuna anal vent	Thunnus albacares	USA:HI	2013-08-23	2015-03-10	FDA/CFSAN	4772554	72	72	176486	176486	39.5	95.72	0.06	GCA_000950185.1|GCF_000950185.1
GCF_000950215.1	SOURCE_DATABASE_REFSEQ	Photobacterium angustum	661	GCSL-A9		Contig	current		GCA_000950215.1	PRJNA243331	SAMN03295474	GCSL-A9		yellowfin tuna anal vent	Thunnus albacares	USA:HI	2013-08-23	2015-03-10	FDA/CFSAN	4802739	63	63	170840	170840	39.5	96.77	0.03	GCA_000950215.1|GCF_000950215.1
GCF_000950225.1	SOURCE_DATABASE_REFSEQ	Photobacterium angustum	661	GCSL-A10-2		Contig	current		GCA_000950225.1	PRJNA243331	SAMN03295476	GCSL-A10-2		yellowfin tuna anal vent	Thunnus albacares	USA:HI	2013-08-23	2015-03-10	FDA/CFSAN	4766199	77	77	179406	179406	39.5	96.31	0.36	GCA_000950225.1|GCF_000950225.1
GCF_000950255.1	SOURCE_DATABASE_REFSEQ	Photobacterium angustum	661	ATCC 33975		Contig	current		GCA_000950255.1	PRJNA243331	SAMN03295483	ATCC 33975		sea water		USA:HI	missing	2015-03-10	FDA/CFSAN	4909977	139	139	150154	150154	39.5	92.89	0.49	GCA_000950255.1|GCF_000950255.1
GCA_000950265.1	SOURCE_DATABASE_GENBANK	Photobacterium iliopiscarium	56192	ATCC 51760		Contig	current		GCF_000950265.1	PRJNA243331	SAMN03295479	ATCC 51760		herring pyloric ceca	missing	Norway	missing	2015-03-10	FDA/CFSAN	4262179	140	140	118952	118952	39	84.03	1.39	GCA_000950265.1|GCF_000950265.1
GCF_000950275.1	SOURCE_DATABASE_REFSEQ	Photobacterium angustum	661	GCSL-A2-4		Contig	current		GCA_000950275.1	PRJNA243331	SAMN03295472	GCSL-A2-4		albacore tuna anal vent	Thunnus alalunga	USA:HI	2013-08-23	2015-03-10	FDA/CFSAN	4856945	57	57	213250	213250	39.5	93.33	0.18	GCA_000950275.1|GCF_000950275.1
GCF_000950335.1	SOURCE_DATABASE_REFSEQ	Photobacterium kishitanii	318456	GCSL-A1-4		Contig	current		GCA_000950335.1	PRJNA243331	SAMN03295468	GCSL-A1-4		albacore tuna-anal vent	Thunnus alalunga	USA:HI	2013-08-23	2015-03-10	FDA/CFSAN	5124627	118	118	107755	107755	38.5	93.28	2.1	GCA_000950335.1|GCF_000950335.1
GCF_000950355.1	SOURCE_DATABASE_REFSEQ	Photobacterium angustum	661	GCSL-A2-1		Contig	current		GCA_000950355.1	PRJNA243331	SAMN03295469	GCSL-A2-1		albacore tuna anal vent	Thunnus alalunga	USA:HI	2013-08-23	2015-03-10	FDA/CFSAN	4857446	57	57	213254	213254	39.5	90.09	0.2	GCA_000950355.1|GCF_000950355.1
GCF_000950375.1	SOURCE_DATABASE_REFSEQ	Photobacterium angustum	661	GCSL-A2-3		Contig	current		GCA_000950375.1	PRJNA243331	SAMN03295471	GCSL-A2-3		albacore tuna anal vent	Thunnus alalunga	USA:HI	2013-08-23	2015-03-10	FDA/CFSAN	4858130	58	58	204787	204787	39.5	91.95	0.2	GCA_000950375.1|GCF_000950375.1
GCF_000950415.1	SOURCE_DATABASE_REFSEQ	Photobacterium leiognathi	553611	ATCC 25521		Contig	current		GCA_000950415.1	PRJNA243331	SAMN03295485	ATCC 25521		fish in the family leiognathidae		missing	missing	2015-03-10	FDA/CFSAN	4607317	144	144	87333	87333	41	93.19	0.8	GCA_000950415.1|GCF_000950415.1
GCF_000950435.1	SOURCE_DATABASE_REFSEQ	Photobacterium leiognathi	553611	ATCC 33979		Contig	current		GCA_000950435.1	PRJNA243331	SAMN03295484	ATCC 33979		missing		missing	missing	2015-03-10	FDA/CFSAN	4839812	275	275	90801	90801	41.5	94.11	0.84	GCA_000950435.1|GCF_000950435.1
GCF_000972145.1	SOURCE_DATABASE_REFSEQ	Photobacterium halotolerans	265726	MELD1		Scaffold	current		GCA_000972145.1	PRJNA260129	SAMN03263086	MELD1		roots	Phragmites australis	Taiwan: Tainan, An-Shun	2011	2015-04-15	National Chung Hsing University	4758027	62	57	181897	181897	51	90.82	3.05	GCA_000972145.1|GCF_000972145.1
GCF_001029435.1	SOURCE_DATABASE_REFSEQ	Photobacterium aphoticum	754436	DSM 25995		Contig	current	reference genome	GCA_001029435.1	PRJNA242743	SAMN03702598	DSM 25995				Spain: Valencia, Malvarrosa Beach	2008-07	2015-06-18	Technical University of Denmark	5266181	121	121	144155	144155	49.5	96.31	3.61	GCA_001029435.1|GCF_001029435.1
GCF_001029445.1	SOURCE_DATABASE_REFSEQ	Photobacterium aquae	1195763	CGMCC 1.12159		Contig	current	reference genome	GCA_001029445.1	PRJNA242743	SAMN03702590	CGMCC 1.12159				China: Tianjin	2012-07	2015-06-18	Technical University of Denmark	5078735	112	112	183567	183567	49	96.94	3.84	GCA_001029445.1|GCF_001029445.1
GCF_001029455.1	SOURCE_DATABASE_REFSEQ	Photobacterium ganghwense	320778	DSM 22954		Contig	current		GCA_001029455.1	PRJNA242743	SAMN03702592	DSM 22954				South Korea: Ganghwa Island	2005	2015-06-18	Technical University of Denmark	5536932	120	120	301012	301012	50.5	94.72	4.58	GCA_001029455.1|GCF_001029455.1
GCF_001077885.1	SOURCE_DATABASE_REFSEQ	Photobacterium swingsii	680026	CAIM 1393		Contig	current		GCA_001077885.1	PRJNA286212	SAMN03766180	CAIM 1393		hemolymph	Maja brachydactyla	Spain: Canary Islands	2006-11-30	2015-07-14	CIAD, A.C.	5523519	98	98	175448	175448	43.5	79.81	2.84	GCA_001077885.1|GCF_001077885.1
GCA_001310455.1	SOURCE_DATABASE_GENBANK	Photobacterium sp. JCM 19050	1460644	JCM 19050		Contig	current		GCF_001310455.1	PRJDB1622	SAMD00000381	JCM 19050				missing	missing	2015-10-02	Microbe Division/JCM, RIKEN BioResource Center	5443264	116	116	97993	97993	50	61.05	5.22	GCA_001310455.1|GCF_001310455.1
GCF_001455895.1	SOURCE_DATABASE_REFSEQ	Photobacterium kishitanii	318456	201212X		Contig	current		GCA_001455895.1	PRJNA302718	SAMN04277301	201212X		not collected	not applicable	Japan: Southern Kyushuu	not collected	2015-12-03	University of Cambridge	5000359	115	115	290581	290581	39	97.67	2.43	GCA_001455895.1|GCF_001455895.1
GCF_001557755.1	SOURCE_DATABASE_REFSEQ	Photobacterium leiognathi	553611	CUB1		Contig	current		GCA_001557755.1	PRJNA302718	SAMN04279315	CUB1		Shore seawater	not applicable	Cuba: Varadero	2014-02-15	2016-02-10	University of Cambridge	4629225	90	90	165852	165852	41	99.37	0.1	GCA_001557755.1|GCF_001557755.1
GCF_001558075.1	SOURCE_DATABASE_REFSEQ	Photobacterium leiognathi subsp. mandapamensis	48408	CUB3		Contig	current		GCA_001558075.1	PRJNA302718	SAMN04279317	CUB3		Shore seawater	not applicable	Cuba: Varadero	2014-02-15	2016-02-10	University of Cambridge	4588395	95	95	221847	221847	41	99.29	0.56	GCA_001558075.1|GCF_001558075.1
GCF_001558115.1	SOURCE_DATABASE_REFSEQ	Photobacterium aquimaris	512643	NCCB 100386		Contig	current		GCA_001558115.1	PRJNA302718	SAMN04279319	NCCB 100386		not collected	not applicable	not collected	not collected	2016-02-10	University of Cambridge	4306882	123	123	149272	149272	39.5	96.31	0.83	GCA_001558115.1|GCF_001558115.1
GCF_001563765.1	SOURCE_DATABASE_REFSEQ	Photobacterium sanguinicancri	875932	ME15		Contig	current		GCA_001563765.1	PRJNA301601	SAMN04262200	ME15		missing	Mytilus edulis	Netherlands: Oosterscheldt	2014	2016-02-18	CIAD, A.C.	5310194	93	93	170121	170121	43.5	74.58	2.66	GCA_001563765.1|GCF_001563765.1
GCF_001650345.1	SOURCE_DATABASE_REFSEQ	Photobacterium jeanii	858640	R-40508		Contig	current		GCA_001650345.1	PRJNA315906	SAMN04571864	R-40508		mucus	Palythoa caribaeorum	Brazil: Preta Beach, Sao Sebastiao	2006	2016-05-24	Yantai Institute of Coastal Zone Research,Chinese Academy of Sciences	5047042	33	33	501841	501841	45	96.06	2.84	GCA_001650345.1|GCF_001650345.1
GCF_001655635.1	SOURCE_DATABASE_REFSEQ	Photobacterium sp. J15	265901	J15		Contig	current		GCA_001655635.1	PRJNA311139	SAMN04479200	J15		Deep marine		Malaysia: Tanjung Pelepas, Johor	2014-01-10	2016-06-03	Enzyme and Microbial Technology Research Centre (EMTech), Faculty of Biotechnology and Biomolecular Sciences, Universiti Putra Malaysia	5684538	3	3	3750962	3750962	46.5	95	6.01	GCA_001655635.1|GCF_001655635.1
GCF_001676065.1	SOURCE_DATABASE_REFSEQ	Photobacterium aquimaris	512643	BS-2		Contig	current		GCA_001676065.1	PRJNA243331	SAMN04507560	BS-2		missing		missing	2012	2016-06-24	FDA/CFSAN	4661648	108	108	163056	163056	39.5	94.03	1.47	GCA_001676065.1|GCF_001676065.1
GCF_001676075.1	SOURCE_DATABASE_REFSEQ	Photobacterium aquimaris	512643	BS-1		Contig	current		GCA_001676075.1	PRJNA243331	SAMN04507559	BS-1		missing		missing	2012	2016-06-24	FDA/CFSAN	4382175	84	84	177782	177782	40	93.37	0.74	GCA_001676075.1|GCF_001676075.1
GCF_001676085.1	SOURCE_DATABASE_REFSEQ	Photobacterium aquimaris	512643	DSM 23343		Contig	current		GCA_001676085.1	PRJNA243331	SAMN04507561	DSM 23343		sea water		Japan	2005-07	2016-06-24	FDA/CFSAN	4470989	113	113	123541	123541	39.5	95.67	1.23	GCA_001676085.1|GCF_001676085.1
GCF_001676135.1	SOURCE_DATABASE_REFSEQ	Photobacterium phosphoreum	659	AK-3		Contig	current		GCA_001676135.1	PRJNA243331	SAMN04507564	AK-3		skin king salmon	king salmon	USA:AK	1991	2016-06-24	FDA/CFSAN	4597115	89	89	165964	165964	39.5	94.45	1.51	GCA_001676135.1|GCF_001676135.1
GCF_001676145.1	SOURCE_DATABASE_REFSEQ	Photobacterium damselae	38293	BT-6		Contig	current		GCA_001676145.1	PRJNA243331	SAMN04507567	BT-6		aquarium sea water		USA	2008	2016-06-24	FDA/CFSAN	4457113	69	69	176840	176840	40.5	97.08	0.66	GCA_001676145.1|GCF_001676145.1
GCF_001676195.1	SOURCE_DATABASE_REFSEQ	Photobacterium phosphoreum	659	FS1_1		Contig	current		GCA_001676195.1	PRJNA243331	SAMN04507565	FS1_1		skin milkfish	milkfish	USA:MA	2003	2016-06-24	FDA/CFSAN	4579771	86	86	139254	139254	39.5	92.53	1.36	GCA_001676195.1|GCF_001676195.1
GCF_001676215.1	SOURCE_DATABASE_REFSEQ	Photobacterium kishitanii	318456	DSM 2167		Contig	current		GCA_001676215.1	PRJNA243331	SAMN04507562	DSM 2167		skin of merluccius capensi	Merluccius capensis	South Africa	1958	2016-06-24	FDA/CFSAN	4836949	79	79	170811	170811	39	93.5	1.53	GCA_001676215.1|GCF_001676215.1
GCF_001676235.1	SOURCE_DATABASE_REFSEQ	Photobacterium kishitanii	318456	calba1_1		Contig	current		GCA_001676235.1	PRJNA243331	SAMN04507563	calba1_1		perirectal light organ		Japan	2004-02	2016-06-24	FDA/CFSAN	5098958	88	88	168352	168352	38.5	93.19	1.89	GCA_001676235.1|GCF_001676235.1
GCF_001676275.1	SOURCE_DATABASE_REFSEQ	Photobacterium phosphoreum	659	FS3_1		Contig	current		GCA_001676275.1	PRJNA243331	SAMN04507566	FS3_1		skin cod	cod	USA:AK	2003	2016-06-24	FDA/CFSAN	4882271	121	121	188701	188701	39	92	2.59	GCA_001676275.1|GCF_001676275.1
GCF_001707815.1	SOURCE_DATABASE_REFSEQ	Photobacterium damselae subsp. damselae	85581	LD-07		Scaffold	current		GCA_001707815.1	PRJNA314300	SAMN04531897	LD-07		Fish farm	Sparus aurata	Spain:Huelva	1991	2016-08-18	Universidade de Santiago de Compostela	4321079	79	77	200017	200017	40.5	98.96	0.6	GCA_001707815.1|GCF_001707815.1
GCF_001708035.2	SOURCE_DATABASE_REFSEQ	Photobacterium damselae subsp. damselae	85581	RM-71		Complete Genome	current		GCA_001708035.2	PRJNA314299	SAMN04531896	RM-71		Turbot fish farm		Spain: Galicia	1988	2021-03-02	Universidade de Santiago de Compostela	4594553	3	3	3163175	3163175	41	98.98	0.61	GCA_001708035.2|GCF_001708035.2
GCA_001715165.3	SOURCE_DATABASE_GENBANK	Photobacterium damselae subsp. piscicida	38294	L091106-03H		Scaffold	current		GCF_001715165.3	PRJNA335703	SAMN05450422	L091106-03H		liver of a moribound Senegalese sole	Senegalese sole	Spain: Southwest, Atlantic coast	2006-07	2017-01-09	Universidad de Santiago de Compostela	4324838	510	16	13913	2356202	41	90.93	0.56	GCA_001715165.3|GCF_001715165.3
GCF_001729115.1	SOURCE_DATABASE_REFSEQ	Photobacterium damselae subsp. damselae	85581	A-162		Contig	current		GCA_001729115.1	PRJNA323423	SAMN05178634	A-162		eel	Anguilla anguilla	Belgium	1991	2016-09-15	Universidade de Santiago de Compostela	4272996	203	203	125222	125222	41	98.65	0.47	GCA_001729115.1|GCF_001729115.1
GCF_001939735.1	SOURCE_DATABASE_REFSEQ	Photobacterium proteolyticum	1903952	13-12		Scaffold	current	reference genome	GCA_001939735.1	PRJNA343696	SAMN05792409	13-12		Ocean sediment of Laizhou Bay		China: Laizhou Bay, Bohai Sea	2013	2017-01-09	Yantai Institute of Coastal Zone Research,Chinese Academy of Sciences	6484429	104	101	172679	174031	48	95.75	7.7	GCA_001939735.1|GCF_001939735.1
GCF_002142615.1	SOURCE_DATABASE_REFSEQ	Photobacterium damselae subsp. damselae	85581	KC-Na-1		Complete Genome	current		GCA_002142615.1	PRJNA385756	SAMN06909323	KC-Na-1		anal swab	Neophocaena asiaeorientalis	South Korea: South sea	2017-01	2017-05-16	Korea Research Institute of Bioscience & Biotechnology	4544586	6	6	3134662	3134662	41	97.31	0.89	GCA_002142615.1|GCF_002142615.1
GCF_002157645.1	SOURCE_DATABASE_REFSEQ	Photobacterium damselae subsp. piscicida	38294	OT-51443		Contig	current		GCA_002157645.1	PRJDB5578	SAMD00076069	missing			Seriola quinqueradiata	Japan:Oita	missing	2017-04-07	University of Miyazaki Faculty of Agriculture	4547251	7	7	3132149	3132149	41.5	91.38	1.15	GCA_002157645.1|GCF_002157645.1
GCF_002265265.1	SOURCE_DATABASE_REFSEQ	Photobacterium sanguinicancri	875932	CAIM 1827		Scaffold	current		GCA_002265265.1	PRJNA301601	SAMN04252530	CAIM 1827		Hemolymph	Maja brachydactyla	Spain: Ria a Coruna	2005-12-06	2017-08-22	CIAD, A.C.	5475421	575	569	23137	23660	43.5	96	3.3	GCA_002265265.1|GCF_002265265.1
GCF_002356235.1	SOURCE_DATABASE_REFSEQ	Photobacterium damselae subsp. piscicida	38294	91-197		Complete Genome	current		GCA_002356235.1	PRJDB5709	SAMD00078763	91-197			Morone chrysops x Morone saxatilis	USA	missing	2017-05-15	University of Miyazaki Faculty of Agriculture	4293175	4	4	3172118	3172118	41	92.72	1.47	GCA_002356235.1|GCF_002356235.1
GCA_002631085.2	SOURCE_DATABASE_GENBANK	Photobacterium leiognathi	553611	JS01		Contig	current		GCF_002631085.1	PRJNA413640	SAMN07759749	JS01			Loligo sp.	Singapore	2017-03-21	2017-11-02	National University of Singapore and Genome Institute of Singapore	4874529	3	3	3251164	3251164	41	59.84	0.58	GCA_002631085.2|GCF_002631085.1
GCF_002849605.1	SOURCE_DATABASE_REFSEQ	Photobacterium carnosum	2023717	TMW 2.2021		Contig	current		GCA_002849605.1	PRJNA396668	SAMN07431175	TMW 2.2021		poultry meat		Germany	2017-06-12	2018-01-02	Technische Universitaet Muenchen	4559543	75	75	124814	124814	38.5	94.23	2.1	GCA_002849605.1|GCF_002849605.1
GCF_002954455.1	SOURCE_DATABASE_REFSEQ	Photobacterium aquimaris	512643	LC2-065		Scaffold	current	reference genome	GCA_002954455.1	PRJNA357118	SAMN06133338	LC2-065		seawater		Japan: Sagami Bay Station P	2005-07-01	2018-02-27	Atmosphere and Ocean Research Institute, The University of Tokyo	4525475	73	10	129079	2500396	39.5	96.41	1.19	GCA_002954455.1|GCF_002954455.1
GCF_002954615.1	SOURCE_DATABASE_REFSEQ	Photobacterium angustum	661	LC1-200		Scaffold	current		GCA_002954615.1	PRJNA357131	SAMN06133353	LC1-200		seawater		Japan: Sagami Bay Station P	2005-06-25	2018-02-27	Atmosphere and Ocean Research Institute, The University of Tokyo	4885981	4	4	2977068	2977068	40	98.5	0.64	GCA_002954615.1|GCF_002954615.1
GCF_002954725.1	SOURCE_DATABASE_REFSEQ	Photobacterium phosphoreum	659	JCM 21184		Scaffold	current	reference genome	GCA_002954725.1	PRJNA357162	SAMN06134493	JCM 21184		marine fish skin		missing	missing	2018-02-27	Atmosphere and Ocean Research Institute, The University of Tokyo	4550107	75	5	138548	2738378	39.5	97.29	1.02	GCA_002954725.1|GCF_002954725.1
GCF_003004505.1	SOURCE_DATABASE_REFSEQ	Photobacterium damselae subsp. damselae	85581	940804-1/2		Contig	current		GCA_003004505.1	PRJNA434090	SAMN08536174	940804-1/2		kidney of farmed rainbow trout	rainbow trout (Oncorhynchus mykiss)	Denmark	1994	2018-03-15	Universidade de Santiago de Compostela	4494653	123	123	77147	77147	40.5	99.57	0.32	GCA_003004505.1|GCF_003004505.1
GCF_003004585.1	SOURCE_DATABASE_REFSEQ	Photobacterium damselae subsp. damselae	85581	940804-1/1		Contig	current		GCA_003004585.1	PRJNA434088	SAMN08536167	940804-1/1		kidney of farmed rainbow trout	rainbow trout (Oncorhynchus mykiss)	Denmark	1994	2018-03-15	Universidade de Santiago de Compostela	4360322	116	116	90804	90804	40.5	99.27	0.61	GCA_003004585.1|GCF_003004585.1
GCF_003004595.1	SOURCE_DATABASE_REFSEQ	Photobacterium damselae subsp. damselae	85581	206328-2		Contig	current		GCA_003004595.1	PRJNA434091	SAMN08536175	206328-2		kidney of farmed rainbow trout	rainbow trout (Oncorhynchus mykiss)	Denmark	2009	2018-03-15	Universidade de Santiago de Compostela	4479365	119	119	77149	77149	40.5	99.42	0.61	GCA_003004595.1|GCF_003004595.1
GCF_003004605.1	SOURCE_DATABASE_REFSEQ	Photobacterium damselae subsp. damselae	85581	206317-1		Contig	current		GCA_003004605.1	PRJNA434092	SAMN08536176	206317-1		kidney of farmed rainbow trout	rainbow trout (Oncorhynchus mykiss)	Denmark	2009	2018-03-15	Universidade de Santiago de Compostela	4616326	187	187	46883	46883	40.5	98.96	1.64	GCA_003004605.1|GCF_003004605.1
GCF_003025415.1	SOURCE_DATABASE_REFSEQ	Photobacterium aquimaris	512643	DSM 23343		Contig	current		GCA_003025415.1	PRJNA243331	SAMN07327745	DSM 23343		sea water		Japan	2005-07	2018-03-31	FDA/CFSAN	4465356	113	113	84155	84155	39.5	96.04	1.19	GCA_003025415.1|GCF_003025415.1
GCF_003025425.1	SOURCE_DATABASE_REFSEQ	Photobacterium iliopiscarium	56192	NCIMB 13478		Contig	current		GCA_003025425.1	PRJNA243331	SAMN07327744	NCIMB 13478		spoiled cod fillet	missing	Denmark	1991-02	2018-03-31	FDA/CFSAN	4387987	57	57	182293	182293	39	96.37	0.79	GCA_003025425.1|GCF_003025425.1
GCF_003025455.1	SOURCE_DATABASE_REFSEQ	Photobacterium iliopiscarium	56192	NCIMB 13355		Contig	current		GCA_003025455.1	PRJNA243331	SAMN07327741	NCIMB 13355		Intesting, Herring	missing	Norway	1995	2018-03-31	FDA/CFSAN	4307939	64	64	195656	195656	39	96.37	1.19	GCA_003025455.1|GCF_003025455.1
GCF_003025475.1	SOURCE_DATABASE_REFSEQ	Photobacterium sp. NCIMB 13483	2022103	NCIMB 13483		Contig	current		GCA_003025475.1	PRJNA243331	SAMN07327742	NCIMB 13483		cod fish	missing	Denmark	1997	2018-03-31	FDA/CFSAN	4375077	73	73	138961	138961	39	95.45	0.85	GCA_003025475.1|GCF_003025475.1
GCF_003025495.1	SOURCE_DATABASE_REFSEQ	Photobacterium jeanii	858640	DSM 100339		Contig	current	reference genome	GCA_003025495.1	PRJNA243331	SAMN07327751	DSM 100339		mucus of apparently healthy coral zoanthid (Palythoa caribaeorum)	missing	Brazil	2010	2018-03-31	FDA/CFSAN	5060288	44	44	1220094	1220094	45	96.11	3.02	GCA_003025495.1|GCF_003025495.1
GCF_003025515.1	SOURCE_DATABASE_REFSEQ	Photobacterium gaetbulicola	1295392	DSM 26887		Contig	current	reference genome	GCA_003025515.1	PRJNA243331	SAMN07327752	DSM 26887		tidal flat sediment		South Korea	2010	2018-03-31	FDA/CFSAN	5876222	81	81	159703	159703	49.5	97.03	5.16	GCA_003025515.1|GCF_003025515.1
GCF_003025535.1	SOURCE_DATABASE_REFSEQ	Photobacterium kishitanii	318456	DSMZ 2167		Contig	current		GCA_003025535.1	PRJNA243331	SAMN07327754	DSMZ 2167		skin of merluccius capensi	missing	South Africa	2007	2018-03-31	FDA/CFSAN	4735095	89	89	126786	126786	39	95.58	1.57	GCA_003025535.1|GCF_003025535.1
GCF_003025555.1	SOURCE_DATABASE_REFSEQ	Photobacterium lutimaris	388278	JCM 13586		Contig	current	reference genome	GCA_003025555.1	PRJNA243331	SAMN07327755	JCM 13586		tidal flat sediment		South Korea	2006	2018-03-31	FDA/CFSAN	5967087	51	51	330217	330217	47.5	97.15	4.2	GCA_003025555.1|GCF_003025555.1
GCF_003025575.1	SOURCE_DATABASE_REFSEQ	Photobacterium aphoticum	754436	DSM 25995		Contig	current		GCA_003025575.1	PRJNA243331	SAMN07327753	DSM 25995		Surface seawater	missing	Spain	2011	2018-03-31	FDA/CFSAN	5240783	246	246	66367	66367	49.5	95.39	3.77	GCA_003025575.1|GCF_003025575.1
GCF_003025595.1	SOURCE_DATABASE_REFSEQ	Photobacterium ganghwense	320778	JCM 12487		Contig	current		GCA_003025595.1	PRJNA243331	SAMN07327756	JCM 12487		sea water		South Korea	2004	2018-03-31	FDA/CFSAN	5533005	39	39	877351	877351	50.5	94.72	4.58	GCA_003025595.1|GCF_003025595.1
GCF_003025615.1	SOURCE_DATABASE_REFSEQ	Photobacterium frigidiphilum	264736	JCM 12947		Contig	current	reference genome	GCA_003025615.1	PRJNA243331	SAMN07327714	JCM 12947		deep sea sediment		missing	2005	2018-03-31	FDA/CFSAN	6446463	157	157	124641	124641	41.5	99.2	2.39	GCA_003025615.1|GCF_003025615.1
GCF_003025625.1	SOURCE_DATABASE_REFSEQ	Photobacterium aquimaris	512643	BS2		Contig	current		GCA_003025625.1	PRJNA243331	SAMN07327679	BS2		sea water		Turkey	1991	2018-03-31	FDA/CFSAN	4672542	79	79	185046	185046	40	97.4	1.49	GCA_003025625.1|GCF_003025625.1
GCF_003025655.1	SOURCE_DATABASE_REFSEQ	Photobacterium phosphoreum	659	FS-6.2		Contig	current		GCA_003025655.1	PRJNA243331	SAMN07327693	FS-6.2		skin salmon	missing	missing	2003	2018-03-31	FDA/CFSAN	4771167	81	81	146233	146233	39.5	97.04	1.52	GCA_003025655.1|GCF_003025655.1
GCF_003025675.1	SOURCE_DATABASE_REFSEQ	Photobacterium damselae	38293	BT-6		Contig	current		GCA_003025675.1	PRJNA243331	SAMN07327681	BT-6		aquarium sea water		USA	2008	2018-03-31	FDA/CFSAN	4467799	43	43	242489	242489	40.5	98.94	1.06	GCA_003025675.1|GCF_003025675.1
GCF_003025695.1	SOURCE_DATABASE_REFSEQ	Photobacterium phosphoreum	659	FS-6.3		Contig	current		GCA_003025695.1	PRJNA243331	SAMN07327692	FS-6.3		skin salmon	missing	missing	2003	2018-03-31	FDA/CFSAN	4767293	105	105	126323	126323	39.5	97.04	1.52	GCA_003025695.1|GCF_003025695.1
GCF_003025715.1	SOURCE_DATABASE_REFSEQ	Photobacterium phosphoreum	659	FS-6.1		Contig	current		GCA_003025715.1	PRJNA243331	SAMN07327694	FS-6.1		skin salmon	missing	missing	2003	2018-03-31	FDA/CFSAN	4771574	71	71	182801	182801	39.5	97.04	1.52	GCA_003025715.1|GCF_003025715.1
GCF_003025735.1	SOURCE_DATABASE_REFSEQ	Photobacterium phosphoreum	659	FS-4.1		Contig	current		GCA_003025735.1	PRJNA243331	SAMN07327699	FS-4.1		skin salmon	missing	USA:CA	2003	2018-03-31	FDA/CFSAN	4526515	138	138	77617	77617	39.5	97.35	1.49	GCA_003025735.1|GCF_003025735.1
GCF_003025755.1	SOURCE_DATABASE_REFSEQ	Photobacterium phosphoreum	659	FS-5.2		Contig	current		GCA_003025755.1	PRJNA243331	SAMN07327695	FS-5.2		skin haddock	missing	missing	2003	2018-03-31	FDA/CFSAN	4475701	176	176	72622	72622	39.5	97.65	1.27	GCA_003025755.1|GCF_003025755.1
GCF_003025775.1	SOURCE_DATABASE_REFSEQ	Photobacterium phosphoreum	659	FS-4.2		Contig	current		GCA_003025775.1	PRJNA243331	SAMN07327698	FS-4.2		skin salmon	missing	USA:CA	2003	2018-03-31	FDA/CFSAN	4545936	83	83	128030	128030	39.5	97.65	1.61	GCA_003025775.1|GCF_003025775.1
GCF_003025795.1	SOURCE_DATABASE_REFSEQ	Photobacterium phosphoreum	659	FS-2.1		Contig	current		GCA_003025795.1	PRJNA243331	SAMN07327705	FS-2.1		salmon	missing	USA:CA	2003	2018-03-31	FDA/CFSAN	4701582	117	117	77411	77411	39.5	97.35	1.2	GCA_003025795.1|GCF_003025795.1
GCF_003025815.1	SOURCE_DATABASE_REFSEQ	Photobacterium phosphoreum	659	FS-1.2		Contig	current		GCA_003025815.1	PRJNA243331	SAMN07327706	FS-1.2		skin milkfish	missing	USA:MA	2003	2018-03-31	FDA/CFSAN	4458778	124	124	84183	84183	39.5	97.04	1.2	GCA_003025815.1|GCF_003025815.1
GCF_003025835.1	SOURCE_DATABASE_REFSEQ	Photobacterium phosphoreum	659	AK-4		Contig	current		GCA_003025835.1	PRJNA243331	SAMN07327710	AK-4		skin halibut	missing	USA:AK	1991	2018-03-31	FDA/CFSAN	4548510	58	58	183923	183923	39.5	97.35	1.38	GCA_003025835.1|GCF_003025835.1
GCF_003025855.1	SOURCE_DATABASE_REFSEQ	Photobacterium phosphoreum	659	FS-1.1		Contig	current		GCA_003025855.1	PRJNA243331	SAMN07327707	FS-1.1		skin milkfish	missing	USA:MA	2003	2018-03-31	FDA/CFSAN	4596818	49	49	296712	296712	39.5	97.04	1.67	GCA_003025855.1|GCF_003025855.1
GCF_003025875.1	SOURCE_DATABASE_REFSEQ	Photobacterium phosphoreum	659	AK-8		Contig	current		GCA_003025875.1	PRJNA243331	SAMN07327708	AK-8		partially smoked coho salmon flesh (Oncorhynchus kisutch)	missing	USA:AK	2001	2018-03-31	FDA/CFSAN	4483978	190	190	68620	68620	39.5	97.04	1.52	GCA_003025875.1|GCF_003025875.1
GCF_003025895.1	SOURCE_DATABASE_REFSEQ	Photobacterium kishitanii	318456	ckamo.1.1		Contig	current		GCA_003025895.1	PRJNA243331	SAMN07327767	ckamo.1.1		Light organ, Caelorinchus kamoharai	missing	Japan	2004	2018-03-31	FDA/CFSAN	4973119	75	75	137738	137738	39	97.52	2.5	GCA_003025895.1|GCF_003025895.1
GCF_003025915.1	SOURCE_DATABASE_REFSEQ	Photobacterium kishitanii	318456	FS-7.2		Contig	current		GCA_003025915.1	PRJNA243331	SAMN07327764	FS-7.2		skin tuna	missing	USA:FL	2003	2018-03-31	FDA/CFSAN	5705127	98	98	170028	170028	38.5	97.86	5.61	GCA_003025915.1|GCF_003025915.1
GCF_003025935.1	SOURCE_DATABASE_REFSEQ	Photobacterium kishitanii	318456	FS-7.1		Contig	current		GCA_003025935.1	PRJNA243331	SAMN07327765	FS-7.1		skin tuna	missing	USA:FL	2003	2018-03-31	FDA/CFSAN	5023225	118	118	94463	94463	39	97.67	2.34	GCA_003025935.1|GCF_003025935.1
GCF_003025945.1	SOURCE_DATABASE_REFSEQ	Photobacterium kishitanii	318456	B-421		Scaffold	current		GCA_003025945.1	PRJNA243331	SAMN07327770	B-421		skin (Trachurops crumenophthalmus)	missing	USA:HI	1973	2018-03-31	FDA/CFSAN	4967681	216	207	55861	58699	39	97.57	2.34	GCA_003025945.1|GCF_003025945.1
GCF_003025975.1	SOURCE_DATABASE_REFSEQ	Photobacterium kishitanii	318456	pjapo.1.1		Contig	current		GCA_003025975.1	PRJNA243331	SAMN07327769	pjapo.1.1		Light organ, Physiculus japonicus	missing	Japan	1982	2018-03-31	FDA/CFSAN	4729662	55	55	196276	196276	39	97.62	1.68	GCA_003025975.1|GCF_003025975.1
GCF_003025995.1	SOURCE_DATABASE_REFSEQ	Photobacterium kishitanii	318456	Og61		Scaffold	current		GCA_003025995.1	PRJNA243331	SAMN07327771	Og61		light organ of opisthoproctid fish opisthoprocti grimaldii	missing	missing	1990	2018-03-31	FDA/CFSAN	5017136	106	104	164923	164923	38.5	97.62	1.99	GCA_003025995.1|GCF_003025995.1
GCF_003026015.1	SOURCE_DATABASE_REFSEQ	Photobacterium leiognathi subsp. mandapamensis	48408	PL-721		Scaffold	current		GCA_003026015.1	PRJNA243331	SAMN07327772	PL-721		skin	Coccorella sp.	not provided	1975	2018-03-31	FDA/CFSAN	4589186	59	44	134966	176224	41	98.99	0.31	GCA_003026015.1|GCF_003026015.1
GCF_003026055.1	SOURCE_DATABASE_REFSEQ	Photobacterium leiognathi subsp. mandapamensis	48408	Res.4.1		Contig	current		GCA_003026055.1	PRJNA243331	SAMN07327777	Res.4.1		light organ of apogonidae fish	Siphamia tubifer	USA	2014	2018-03-31	FDA/CFSAN	4730847	65	65	129576	129576	41	99.68	0.4	GCA_003026055.1|GCF_003026055.1
GCF_003026075.1	SOURCE_DATABASE_REFSEQ	Photobacterium sp. GB-210	2022104	GB-210		Contig	current		GCA_003026075.1	PRJNA243331	SAMN07327779	GB-210		sea water		missing	1991	2018-03-31	FDA/CFSAN	4683947	77	77	173603	173603	40	98.14	0.37	GCA_003026075.1|GCF_003026075.1
GCF_003026095.1	SOURCE_DATABASE_REFSEQ	Photobacterium sp. GB-72	2022105	GB-72		Contig	current		GCA_003026095.1	PRJNA243331	SAMN07327780	GB-72		sea water		missing	1991	2018-03-31	FDA/CFSAN	4757396	63	63	189967	189967	40	98.65	0.57	GCA_003026095.1|GCF_003026095.1
GCF_003026105.1	SOURCE_DATABASE_REFSEQ	Photobacterium sp. GB-56	2022106	GB-56		Contig	current		GCA_003026105.1	PRJNA243331	SAMN07327781	GB-56		sea water		missing	1991	2018-03-31	FDA/CFSAN	4630578	67	67	246067	246067	40	98.04	0.35	GCA_003026105.1|GCF_003026105.1
GCF_003026135.1	SOURCE_DATABASE_REFSEQ	Photobacterium sp. GB-36	2022108	GB-36		Contig	current		GCA_003026135.1	PRJNA243331	SAMN07327783	GB-36		sea water		missing	1991	2018-03-31	FDA/CFSAN	4641119	91	91	159535	159535	40	98.35	0.33	GCA_003026135.1|GCF_003026135.1
GCF_003026155.1	SOURCE_DATABASE_REFSEQ	Photobacterium sp. GB-3	2022110	GB-3		Contig	current		GCA_003026155.1	PRJNA243331	SAMN07327785	GB-3		sea water		missing	1991	2018-03-31	FDA/CFSAN	4680749	78	78	202375	202375	40	98.02	0.33	GCA_003026155.1|GCF_003026155.1
GCF_003026165.1	SOURCE_DATABASE_REFSEQ	Photobacterium sp. GB-1	2022111	GB-1		Contig	current		GCA_003026165.1	PRJNA243331	SAMN07327786	GB-1		sea water		missing	1991	2018-03-31	FDA/CFSAN	4649797	73	73	159546	159546	40	98.35	0.5	GCA_003026165.1|GCF_003026165.1
GCF_003026175.1	SOURCE_DATABASE_REFSEQ	Photobacterium sp. GB-27	2022109	GB-27		Contig	current		GCA_003026175.1	PRJNA243331	SAMN07327784	GB-27		sea water		missing	1991	2018-03-31	FDA/CFSAN	4675971	105	105	122017	122017	40	98.35	0.72	GCA_003026175.1|GCF_003026175.1
GCF_003026215.1	SOURCE_DATABASE_REFSEQ	Photobacterium indicum	81447	ATCC 19614		Contig	current	reference genome	GCA_003026215.1	PRJNA243331	SAMN07327758	ATCC 19614		marine mud		India	1969	2018-03-31	FDA/CFSAN	5905913	39	39	373266	373266	41.5	99.02	1.53	GCA_003026215.1|GCF_003026215.1
GCF_003026235.1	SOURCE_DATABASE_REFSEQ	Photobacterium leiognathi	553611	ATCC 25521		Contig	current		GCA_003026235.1	PRJNA243331	SAMN07327720	ATCC 25521		light organ	Eubleekeria splendens	USA	1967	2018-03-31	FDA/CFSAN	4625642	96	96	117815	117815	41	98.35	0.7	GCA_003026235.1|GCF_003026235.1
GCF_003026245.1	SOURCE_DATABASE_REFSEQ	Photobacterium damselae	38293	ATCC 29689		Contig	current		GCA_003026245.1	PRJNA243331	SAMN07327716	ATCC 29689		cultivated yellowtail	missing	not provided	1995	2018-03-31	FDA/CFSAN	3652050	468	468	14144	14144	41	92.02	0.82	GCA_003026245.1|GCF_003026245.1
GCF_003026275.1	SOURCE_DATABASE_REFSEQ	Photobacterium phosphoreum	659	ATCC 11040		Contig	current		GCA_003026275.1	PRJNA243331	SAMN07327719	ATCC 11040		skin marine fish	missing	Netherlands	1934	2018-03-31	FDA/CFSAN	4508250	81	81	124777	124777	39.5	96.98	1.02	GCA_003026275.1|GCF_003026275.1
GCF_003026285.1	SOURCE_DATABASE_REFSEQ	Photobacterium profundum	74109	ATCC BAA-1252		Contig	current		GCA_003026285.1	PRJNA243331	SAMN07327759	ATCC BAA-1252		sediment		USA:CA	1999-04	2018-03-31	FDA/CFSAN	6116719	52	52	422109	422109	41.5	98.68	0.05	GCA_003026285.1|GCF_003026285.1
GCF_003026315.1	SOURCE_DATABASE_REFSEQ	Photobacterium leiognathi	553611	ATCC 33979		Contig	current		GCA_003026315.1	PRJNA243331	SAMN07327721	ATCC 33979		not provided		USA	1973	2018-03-31	FDA/CFSAN	4876132	115	115	121912	121912	41.5	98.65	0.75	GCA_003026315.1|GCF_003026315.1
GCF_003026335.1	SOURCE_DATABASE_REFSEQ	Photobacterium angustum	661	ATCC 33977		Contig	current		GCA_003026335.1	PRJNA243331	SAMN07327723	ATCC 33977		sea water		USA	1971	2018-03-31	FDA/CFSAN	4784176	63	63	185057	185057	39.5	98.65	0.21	GCA_003026335.1|GCF_003026335.1
GCF_003026355.1	SOURCE_DATABASE_REFSEQ	Photobacterium kishitanii	318456	ATCC BAA-1194		Contig	current		GCA_003026355.1	PRJNA243331	SAMN07327725	ATCC BAA-1194		Light organ, Physiculus japonicus	missing	Japan	1982	2018-03-31	FDA/CFSAN	4732354	59	59	226404	226404	39	97.62	1.68	GCA_003026355.1|GCF_003026355.1
GCF_003026365.1	SOURCE_DATABASE_REFSEQ	Photobacterium angustum	661	ATCC 25915		Contig	current		GCA_003026365.1	PRJNA243331	SAMN07327724	ATCC 25915		sea water		USA	1971	2018-03-31	FDA/CFSAN	4969311	66	66	201170	201170	39.5	99.37	0.33	GCA_003026365.1|GCF_003026365.1
GCF_003026395.1	SOURCE_DATABASE_REFSEQ	Photobacterium iliopiscarium	56192	ATCC 51760		Contig	current	reference genome	GCA_003026395.1	PRJNA243331	SAMN07327726	ATCC 51760		Herring pyloric ceca	missing	Norway	1994	2018-03-31	FDA/CFSAN	4308695	43	43	388872	388872	39	96.37	1.19	GCA_003026395.1|GCF_003026395.1
GCF_003026405.1	SOURCE_DATABASE_REFSEQ	Photobacterium iliopiscarium	56192	NCIMB 13481		Contig	current		GCA_003026405.1	PRJNA243331	SAMN07327743	NCIMB 13481		spoiled cod fillet	missing	Denmark	1991-02	2018-03-31	FDA/CFSAN	4574576	122	122	160820	160820	39	95.76	1.45	GCA_003026405.1|GCF_003026405.1
GCF_003026435.1	SOURCE_DATABASE_REFSEQ	Photobacterium swingsii	680026	DSM 24669		Contig	current		GCA_003026435.1	PRJNA243331	SAMN07327746	DSM 24669		hemolymph of spider crab (Maja brachydactyla)	missing	Spain	2011	2018-03-31	FDA/CFSAN	5548397	45	45	345227	345227	43.5	96.46	2.66	GCA_003026435.1|GCF_003026435.1
GCF_003026455.1	SOURCE_DATABASE_REFSEQ	Photobacterium rosenbergii	294936	DSM 19138		Contig	current	reference genome	GCA_003026455.1	PRJNA243331	SAMN07327748	DSM 19138		tissue extract from bleached pachyseri speciosa	missing	Australia	2005	2018-03-31	FDA/CFSAN	6354436	73	73	230668	230668	47.5	97.05	5.02	GCA_003026455.1|GCF_003026455.1
GCF_003026475.1	SOURCE_DATABASE_REFSEQ	Photobacterium lipolyticum	266810	DSM 16190		Contig	current	reference genome	GCA_003026475.1	PRJNA243331	SAMN07327750	DSM 16190		tidal flat		South Korea	2005	2018-03-31	FDA/CFSAN	4943313	61	61	234029	234029	46	92.49	3.43	GCA_003026475.1|GCF_003026475.1
GCF_003026495.1	SOURCE_DATABASE_REFSEQ	Photobacterium sanctipauli	1342794	DSM 100436		Contig	current	reference genome	GCA_003026495.1	PRJNA243331	SAMN07327747	DSM 100436		Bleached coral	missing	Brazil	2015	2018-03-31	FDA/CFSAN	5840212	51	51	247340	247340	48	94.35	3.45	GCA_003026495.1|GCF_003026495.1
GCF_003026515.1	SOURCE_DATABASE_REFSEQ	Photobacterium aquimaris	512643	BS1		Contig	current		GCA_003026515.1	PRJNA243331	SAMN07327680	BS1		sea water		Turkey	1991	2018-03-31	FDA/CFSAN	4392824	45	45	225448	225448	40	97.86	0.77	GCA_003026515.1|GCF_003026515.1
GCF_003026535.1	SOURCE_DATABASE_REFSEQ	Photobacterium phosphoreum	659	FS-5.1		Contig	current		GCA_003026535.1	PRJNA243331	SAMN07327697	FS-5.1		skin haddock	missing	missing	2003	2018-03-31	FDA/CFSAN	4392675	329	329	31728	31728	40	97.65	1.28	GCA_003026535.1|GCF_003026535.1
GCF_003026545.1	SOURCE_DATABASE_REFSEQ	Photobacterium phosphoreum	659	FS-2.3		Contig	current		GCA_003026545.1	PRJNA243331	SAMN07327703	FS-2.3		salmon	missing	USA:CA	2003	2018-03-31	FDA/CFSAN	4708575	64	64	192428	192428	39.5	97.35	1.2	GCA_003026545.1|GCF_003026545.1
GCF_003026575.1	SOURCE_DATABASE_REFSEQ	Photobacterium phosphoreum	659	FS.2.2		Contig	current		GCA_003026575.1	PRJNA243331	SAMN07327704	FS.2.2		salmon	missing	USA:CA	2003	2018-03-31	FDA/CFSAN	4553203	76	76	154715	154715	39.5	97.04	1.18	GCA_003026575.1|GCF_003026575.1
GCF_003026595.1	SOURCE_DATABASE_REFSEQ	Photobacterium phosphoreum	659	AK-5		Contig	current		GCA_003026595.1	PRJNA243331	SAMN07327709	AK-5		intestine oncorhynchus kisutch	missing	USA:AK	2001	2018-03-31	FDA/CFSAN	4823203	180	180	85146	85146	39.5	96.73	1.68	GCA_003026595.1|GCF_003026595.1
GCF_003026615.1	SOURCE_DATABASE_REFSEQ	Photobacterium phosphoreum	659	AK-3		Contig	current		GCA_003026615.1	PRJNA243331	SAMN07327712	AK-3		skin king salmon	missing	USA:AK	1991	2018-03-31	FDA/CFSAN	4612148	60	60	222168	222168	39.5	96.43	1.51	GCA_003026615.1|GCF_003026615.1
GCF_003026635.1	SOURCE_DATABASE_REFSEQ	Photobacterium kishitanii	318456	FS-8.1		Contig	current		GCA_003026635.1	PRJNA243331	SAMN07327763	FS-8.1		skin blue nosed grouper fish	missing	USA:FL	2003	2018-03-31	FDA/CFSAN	4928940	84	84	181496	181496	39	97.67	2.14	GCA_003026635.1|GCF_003026635.1
GCF_003026655.1	SOURCE_DATABASE_REFSEQ	Photobacterium kishitanii	318456	calba.1.1		Contig	current		GCA_003026655.1	PRJNA243331	SAMN07327766	calba.1.1		light organ (Chlorophthalmus albatrossi)	missing	Japan	2004-02	2018-03-31	FDA/CFSAN	5106780	73	73	244144	244144	39	97.67	2.19	GCA_003026655.1|GCF_003026655.1
GCF_003026675.1	SOURCE_DATABASE_REFSEQ	Photobacterium kishitanii	318456	NCIMB 844		Scaffold	current		GCA_003026675.1	PRJNA243331	SAMN07327768	NCIMB 844		skin merluccius capensi	missing	South Africa	1958	2018-03-31	FDA/CFSAN	4836725	97	96	105221	105221	39	96.68	1.69	GCA_003026675.1|GCF_003026675.1
GCF_003026695.1	SOURCE_DATABASE_REFSEQ	Photobacterium leiognathi subsp. mandapamensis	48408	AJ-1a		Contig	current		GCA_003026695.1	PRJNA243331	SAMN07327773	AJ-1a		light organ	Acropoma japonicum	USA	1988	2018-03-31	FDA/CFSAN	4711244	65	65	238774	238774	41	98.65	0.06	GCA_003026695.1|GCF_003026695.1
GCF_003026715.1	SOURCE_DATABASE_REFSEQ	Photobacterium leiognathi subsp. mandapamensis	48408	gjord.1.1		Contig	current		GCA_003026715.1	PRJNA243331	SAMN07327774	gjord.1.1		light organ	Gadella jordani	USA	2005	2018-03-31	FDA/CFSAN	4568307	36	36	486290	486290	41	98.99	0.19	GCA_003026715.1|GCF_003026715.1
GCF_003026735.1	SOURCE_DATABASE_REFSEQ	Photobacterium leiognathi subsp. mandapamensis	48408	ajapo.3.1		Contig	current		GCA_003026735.1	PRJNA243331	SAMN07327776	ajapo.3.1		light organ	Acropoma japonicum	USA	2006	2018-03-31	FDA/CFSAN	4794394	51	51	245626	245626	41	98.71	0.05	GCA_003026735.1|GCF_003026735.1
GCF_003026755.1	SOURCE_DATABASE_REFSEQ	Photobacterium sp. GB-50	2022107	GB-50		Contig	current		GCA_003026755.1	PRJNA243331	SAMN07327782	GB-50		sea water		missing	1991	2018-03-31	FDA/CFSAN	4699157	62	62	222410	222410	40	98.35	0.33	GCA_003026755.1|GCF_003026755.1
GCF_003026775.1	SOURCE_DATABASE_REFSEQ	Photobacterium damselae	38293	ATCC 29688		Contig	current		GCA_003026775.1	PRJNA243331	SAMN07327717	ATCC 29688		cultivated yellowtail	missing	not provided	1995	2018-03-31	FDA/CFSAN	3781558	488	488	14232	14232	41	93.85	0.82	GCA_003026775.1|GCF_003026775.1
GCF_003026785.1	SOURCE_DATABASE_REFSEQ	Photobacterium leiognathi subsp. mandapamensis	48408	svers.1.1		Contig	current		GCA_003026785.1	PRJNA243331	SAMN07327778	svers.1.1		light organ of apogonidae fish	Siphamia tubifer	USA	2005	2018-03-31	FDA/CFSAN	4587880	42	42	350813	350813	41	99.37		GCA_003026785.1|GCF_003026785.1
GCF_003026815.1	SOURCE_DATABASE_REFSEQ	Photobacterium damselae	38293	ATCC 33539		Contig	current		GCA_003026815.1	PRJNA243331	SAMN07327718	ATCC 33539		damselfish skin ulcer	fish	USA	1982	2018-03-31	FDA/CFSAN	4914916	127	127	155188	155188	40.5	99.27	0.54	GCA_003026815.1|GCF_003026815.1
GCF_003026835.1	SOURCE_DATABASE_REFSEQ	Photobacterium angustum	661	A10-2		Contig	current		GCA_003026835.1	PRJNA243331	SAMN07327729	A10-2		yellowfin tuna anal vent	Thunnus albacares	USA	2013-08-23	2018-03-31	FDA/CFSAN	4800083	35	35	463828	463828	39.5	99.68	0.06	GCA_003026835.1|GCF_003026835.1
GCF_003026855.1	SOURCE_DATABASE_REFSEQ	Photobacterium angustum	661	ATCC 33975		Contig	current		GCA_003026855.1	PRJNA243331	SAMN07327722	ATCC 33975		sea water		USA	1971	2018-03-31	FDA/CFSAN	4937140	51	51	434344	434344	39.5	99.05	0.51	GCA_003026855.1|GCF_003026855.1
GCF_003026875.1	SOURCE_DATABASE_REFSEQ	Photobacterium iliopiscarium	56192	ATCC 51761		Contig	current		GCA_003026875.1	PRJNA243331	SAMN07327727	ATCC 51761		Salmon pyloric ceca, Salmo salar	missing	Norway	1994	2018-03-31	FDA/CFSAN	4543322	151	151	99138	99138	39	94.99	1.16	GCA_003026875.1|GCF_003026875.1
GCF_003026895.1	SOURCE_DATABASE_REFSEQ	Photobacterium angustum	661	A2-4		Contig	current	reference genome	GCA_003026895.1	PRJNA243331	SAMN07327733	A2-4		Albacore tuna-anal vent	Thunnus alalunga	USA	2013-08-23	2018-03-31	FDA/CFSAN	4882508	29	29	614001	614001	39.5	99.37	0.03	GCA_003026895.1|GCF_003026895.1
GCF_003026905.1	SOURCE_DATABASE_REFSEQ	Photobacterium angustum	661	A10-1		Contig	current		GCA_003026905.1	PRJNA243331	SAMN07327730	A10-1		yellowfin tuna anal vent	Thunnus albacares	USA	2013-08-23	2018-03-31	FDA/CFSAN	4797909	78	78	116702	116702	39.5	99.68	0.06	GCA_003026905.1|GCF_003026905.1
GCF_003026935.1	SOURCE_DATABASE_REFSEQ	Photobacterium angustum	661	A9-1		Contig	current		GCA_003026935.1	PRJNA243331	SAMN07327731	A9-1		yellowfin tuna anal vent	Thunnus albacares	USA	2013-08-23	2018-03-31	FDA/CFSAN	4831653	40	40	595010	595010	39.5	99.29	0.03	GCA_003026935.1|GCF_003026935.1
GCF_003026955.1	SOURCE_DATABASE_REFSEQ	Photobacterium angustum	661	A6-1		Contig	current		GCA_003026955.1	PRJNA243331	SAMN07327732	A6-1		Albacore tuna-anal vent	Thunnus alalunga	USA	2013-08-23	2018-03-31	FDA/CFSAN	4947729	48	48	258446	258446	39.5	99.52	0.8	GCA_003026955.1|GCF_003026955.1
GCF_003026975.1	SOURCE_DATABASE_REFSEQ	Photobacterium kishitanii	318456	A1-3		Contig	current		GCA_003026975.1	PRJNA243331	SAMN07327738	A1-3		Albacore tuna-anal vent	missing	USA:HI	2013-08-23	2018-03-31	FDA/CFSAN	5173362	59	59	396552	396552	39	97.67	2.02	GCA_003026975.1|GCF_003026975.1
GCF_003026995.1	SOURCE_DATABASE_REFSEQ	Photobacterium angustum	661	A2-2		Contig	current		GCA_003026995.1	PRJNA243331	SAMN07327735	A2-2		Albacore tuna-anal vent	Thunnus alalunga	USA	2013-08-23	2018-03-31	FDA/CFSAN	4883450	32	32	613993	613993	39.5	99.37	0.03	GCA_003026995.1|GCF_003026995.1
GCF_003027015.1	SOURCE_DATABASE_REFSEQ	Photobacterium angustum	661	A2-1		Contig	current		GCA_003027015.1	PRJNA243331	SAMN07327736	A2-1		Albacore tuna-anal vent	Thunnus alalunga	USA	2013-08-23	2018-03-31	FDA/CFSAN	4881970	38	38	321268	321268	39.5	99.37	0.03	GCA_003027015.1|GCF_003027015.1
GCF_003027035.1	SOURCE_DATABASE_REFSEQ	Photobacterium kishitanii	318456	A1-2		Contig	current		GCA_003027035.1	PRJNA243331	SAMN07327739	A1-2		Albacore tuna-anal vent	missing	USA:HI	2013-08-23	2018-03-31	FDA/CFSAN	5178508	55	55	263965	263965	38.5	97.67	2.02	GCA_003027035.1|GCF_003027035.1
GCF_003027055.1	SOURCE_DATABASE_REFSEQ	Photobacterium kishitanii	318456	A1-1		Contig	current		GCA_003027055.1	PRJNA243331	SAMN07327740	A1-1		Albacore tuna-anal vent	missing	USA:HI	2013-08-23	2018-03-31	FDA/CFSAN	5177619	66	66	203617	203617	39	97.67	2.02	GCA_003027055.1|GCF_003027055.1
GCF_003027075.1	SOURCE_DATABASE_REFSEQ	Photobacterium angustum	661	A10-3		Contig	current		GCA_003027075.1	PRJNA243331	SAMN07327728	A10-3		yellowfin tuna anal vent	Thunnus albacares	USA	2013-08-23	2018-03-31	FDA/CFSAN	4802566	41	41	312216	312216	39.5	99.68	0.06	GCA_003027075.1|GCF_003027075.1
GCF_003027095.1	SOURCE_DATABASE_REFSEQ	Photobacterium angustum	661	A2-3		Contig	current		GCA_003027095.1	PRJNA243331	SAMN07327734	A2-3		Albacore tuna-anal vent	Thunnus alalunga	USA	2013-08-23	2018-03-31	FDA/CFSAN	4879401	58	58	171667	171667	39.5	99.37	0.03	GCA_003027095.1|GCF_003027095.1
GCF_003027115.1	SOURCE_DATABASE_REFSEQ	Photobacterium kishitanii	318456	A1-4		Contig	current		GCA_003027115.1	PRJNA243331	SAMN07327737	A1-4		Albacore tuna-anal vent	missing	USA:HI	2013-08-23	2018-03-31	FDA/CFSAN	5174370	69	69	256119	256119	39	97.67	2.02	GCA_003027115.1|GCF_003027115.1
GCF_003028875.1	SOURCE_DATABASE_REFSEQ	Photobacterium phosphoreum	659	FS-3.2		Contig	current		GCA_003028875.1	PRJNA243331	SAMN07327700	FS-3.2		skin cod	missing	USA:AK	2003	2018-04-02	FDA/CFSAN	4397289	117	117	89017	89017	39.5	96.73	1.59	GCA_003028875.1|GCF_003028875.1
GCF_003130755.1	SOURCE_DATABASE_REFSEQ	Photobacterium damselae	38293	Phdp Wu-1		Complete Genome	current		GCA_003130755.1	PRJNA355356	SAMN06075355	Phdp Wu-1		heart blood	Turbot	China: Hebei Qinhuangdao Changli	2015-11-05	2018-05-17	Hebei Normal University of Science &Technology	4904964	3	3	3189949	3189949	41	98.96	1.85	GCA_003130755.1|GCF_003130755.1
GCF_003355625.1	SOURCE_DATABASE_REFSEQ	Photobacterium damselae	38293	Hep-2a-11		Contig	current		GCA_003355625.1	PRJNA324108	SAMN05195137	Hep-2a-11		hepatopancreas	Penaeus vannamei	USA: Flour Bluff, Texas	2014-09	2018-08-03	Texas A&M University - Corpus Christi	4211602	124	124	100970	100970	41	98.02	0.54	GCA_003355625.1|GCF_003355625.1
GCF_003614885.1	SOURCE_DATABASE_REFSEQ	Photobacterium salinisoli	1616783	LAM9072		Contig	current	reference genome	GCA_003614885.1	PRJNA492399	SAMN10102126	LAM9072		saline soil		China: Shandong Province, Lingxian County	2016-05	2018-10-05	Institute of Agricultural Resources and Regional Planning, Chinese Academyof Agricultural Sciences	4736655	26	26	1427710	1427710	50	89.66	3.42	GCA_003614885.1|GCF_003614885.1
GCF_004104355.1	SOURCE_DATABASE_REFSEQ	Photobacterium chitinilyticum	2485123	BEI247		Contig	current	reference genome	GCA_004104355.1	PRJNA501782	SAMN10345552	BEI247		seawater		China: South China Sea	2017-06	2019-01-17	Ocean University of China	5923999	295	295	473535	473535	46.5	96.18	6.93	GCA_004104355.1|GCF_004104355.1
GCF_004135105.1	SOURCE_DATABASE_REFSEQ	Photobacterium damselae subsp. damselae	85581	KC-Na-NB1		Complete Genome	current		GCA_004135105.1	PRJNA516752	SAMN10797285	KC-Na-NB1		missing	Neophocaena asiaeorientalis	South Korea: Ulsan	2017-01	2019-02-03	Korea Research Institute of Bioscience & Biotechnology	4522546	7	7	3125062	3125062	41	97.57	1.2	GCA_004135105.1|GCF_004135105.1
GCF_004363665.1	SOURCE_DATABASE_REFSEQ	Photobacterium lutimaris	388278	CECT 7642		Scaffold	current		GCA_004363665.1	PRJNA463284	SAMN09074956	CECT 7642		missing	not applicable	missing	missing	2019-03-22	DOE Joint Genome Institute	5952688	54	50	336382	407134	47.5	97.15	4.2	GCA_004363665.1|GCF_004363665.1
GCF_004683985.2	SOURCE_DATABASE_REFSEQ	Photobacterium damselae subsp. piscicida	38294	PP3		Scaffold	current		GCA_004683985.2	PRJNA529570	SAMN11269591	PP3			Seriola quinqueradiata	Japan	missing	2020-10-31	Universidade de Santiago de Compostela	4918480	11	10	3094357	3184080	41	93.64	1.55	GCA_004683985.2|GCF_004683985.2
GCF_004684005.1	SOURCE_DATABASE_REFSEQ	Photobacterium damselae subsp. piscicida	38294	SNW-8.1		Contig	current		GCA_004684005.1	PRJNA529569	SAMN11269579	SNW-8.1		fish farm	Salmo salar	Spain: Galicia	2014	2019-04-06	Universidade de Santiago de Compostela	4041749	641	641	13314	13314	41	91.29	0.71	GCA_004684005.1|GCF_004684005.1
GCF_004794735.1	SOURCE_DATABASE_REFSEQ	Photobacterium damselae subsp. damselae	85581	JM-2017		Contig	current		GCA_004794735.1	PRJNA515218	SAMN10748379	JM-2017		missing	Labrus bergylta	United Kingdom: South West Coast of England	2017-09-01	2019-04-15	Cefas	4394239	137	137	187865	187865	40.5	99.27	0.53	GCA_004794735.1|GCF_004794735.1
GCF_005048985.1	SOURCE_DATABASE_REFSEQ	Photobacterium damselae subsp. piscicida	38294	MT1415		Contig	current		GCA_005048985.1	PRJNA534205	SAMN11479479	MT1415			Dicentrarchus labrax	Italy	missing	2019-05-02	Universidade de Santiago de Compostela	3775241	474	474	12254	12254	41	91.16	0.67	GCA_005048985.1|GCF_005048985.1
GCF_005819805.1	SOURCE_DATABASE_REFSEQ	Photobacterium damselae subsp. damselae	85581	70dps-OG12		Scaffold	current		GCA_005819805.1	PRJNA542079	SAMN11608782	70dps-OG12		Dicentrarchus labrax		Turkey	2011	2019-05-24	Universidade de Santiago de Compostela	4778025	162	162	66980	66980	40.5	98.63	1.68	GCA_005819805.1|GCF_005819805.1
GCF_005819825.1	SOURCE_DATABASE_REFSEQ	Photobacterium damselae subsp. damselae	85581	111bp-OG15A		Scaffold	current		GCA_005819825.1	PRJNA542082	SAMN11608899	111bp-OG15A		Dicentrarchus labrax		Turkey	2011	2019-05-24	Universidade de Santiago de Compostela	4585436	157	157	59372	59372	40.5	99.04	1.03	GCA_005819825.1|GCF_005819825.1
GCF_005819835.1	SOURCE_DATABASE_REFSEQ	Photobacterium damselae subsp. damselae	85581	144bp-OG3		Scaffold	current		GCA_005819835.1	PRJNA542072	SAMN11608214	144bp-OG3		Dicentrarchus labrax		Turkey: Persembe	2011	2019-05-24	Universidade de Santiago de Compostela	4760721	175	175	56723	56723	40.5	98.84	1.57	GCA_005819835.1|GCF_005819835.1
GCF_005819845.1	SOURCE_DATABASE_REFSEQ	Photobacterium damselae subsp. damselae	85581	64bp-OG9		Scaffold	current		GCA_005819845.1	PRJNA542076	SAMN11608778	64bp-OG9		Dicentrarchus labrax		Turkey	2011	2019-05-24	Universidade de Santiago de Compostela	4474417	190	190	93690	93690	41	98.96	0.5	GCA_005819845.1|GCF_005819845.1
GCF_005819885.1	SOURCE_DATABASE_REFSEQ	Photobacterium damselae subsp. damselae	85581	89dp-OG16		Scaffold	current		GCA_005819885.1	PRJNA542083	SAMN11608958	89dp-OG16		Dicentrarchus labrax		Turkey	2011	2019-05-24	Universidade de Santiago de Compostela	4504167	258	258	110771	110771	41	98.96	0.63	GCA_005819885.1|GCF_005819885.1
GCF_006124795.1	SOURCE_DATABASE_REFSEQ	Photobacterium damselae	38293	Hep-2a-16		Contig	current		GCA_006124795.1	PRJNA446072	SAMN08810066	Hep-2a-16		hepatopancreas	Penaeus vannamei	USA: Texas, Corpus Christi	2014-09	2019-06-06	Texas A&M - Corpus Christi	4363585	95	95	120522	120522	41	98.06	1.44	GCA_006124795.1|GCF_006124795.1
GCF_006124835.1	SOURCE_DATABASE_REFSEQ	Photobacterium damselae	38293	Hep-2a-14		Contig	current		GCA_006124835.1	PRJNA446072	SAMN08810065	Hep-2a-14		hepatopancreas	Penaeus vannamei	USA: Texas, Corpus Christi	2014-09	2019-06-06	Texas A&M - Corpus Christi	4366567	103	103	121515	121515	41	97.24	1.79	GCA_006124835.1|GCF_006124835.1
GCF_006124915.1	SOURCE_DATABASE_REFSEQ	Photobacterium damselae	38293	Hep-2b-22		Contig	current		GCA_006124915.1	PRJNA446072	SAMN08810358	Hep-2b-22		hepatopancreas	Penaeus vannamei	USA: Texas, Corpus Christi	2014-09	2019-06-06	Texas A&M - Corpus Christi	4479206	127	127	121527	121527	41	98.96	4.07	GCA_006124915.1|GCF_006124915.1
GCF_006297395.2	SOURCE_DATABASE_REFSEQ	Photobacterium damselae subsp. damselae	85581	164dp-OG2		Contig	current		GCA_006297395.2	PRJNA542062	SAMN11607985	164dp-OG2		spleen	Dicentrarchus labrax	Turkey: Persembe	2011	2019-10-08	Universidade de Santiago de Compostela	4596602	98	98	159306	159306	40.5	98.65	1.17	GCA_006297395.2|GCF_006297395.2
GCF_008806795.1	SOURCE_DATABASE_REFSEQ	Photobacterium damselae subsp. damselae	85581	CDC-2227-81		Contig	current		GCA_008806795.1	PRJNA573888	SAMN12830090	CDC-2227-81			Homo sapiens	USA: Massachusetts	1981	2019-10-02	Universidade de Santiago de Compostela	4689877	98	98	84794	84794	40.5	99.57	1.62	GCA_008806795.1|GCF_008806795.1
GCF_008806825.1	SOURCE_DATABASE_REFSEQ	Photobacterium damselae subsp. damselae	85581	80077637		Contig	current		GCA_008806825.1	PRJNA574031	SAMN12838464	80077637		missing	Homo sapiens	Australia	2013	2019-10-02	Universidade de Santiago de Compostela	4444456	79	79	113836	113836	40.5	99.42	0.61	GCA_008806825.1|GCF_008806825.1
GCF_009389665.1	SOURCE_DATABASE_REFSEQ	Photobacterium carnosum	2023717	TMW 2.2029		Contig	current		GCA_009389665.1	PRJNA396668	SAMN07440378	TMW 2.2029		poultry meat		Germany	2017-06-12	2019-10-29	Technische Universitaet Muenchen	3968401	47	47	191817	191817	38.5	93.8	1.12	GCA_009389665.1|GCF_009389665.1
GCF_009665375.1	SOURCE_DATABASE_REFSEQ	Photobacterium damselae	38293	2012V-1072		Chromosome	current		GCA_009665375.1	PRJNA266293	SAMN10702680	2012V-1072		missing	missing	missing	missing	2019-11-18	CDC	4427003	3	3	3182076	3182176	41	97.95	0.95	GCA_009665375.1|GCF_009665375.1
GCF_009763125.1	SOURCE_DATABASE_REFSEQ	Photobacterium damselae	38293	9046-81		Complete Genome	current		GCA_009763125.1	PRJNA266293	SAMN12648307	9046-81		wound	missing	USA: Louisiana	missing	2019-12-18	CDC	4452463	2	2	3222124	3222124	41	95.66	0.77	GCA_009763125.1|GCF_009763125.1
GCF_009873615.1	SOURCE_DATABASE_REFSEQ	Photobacterium lucens	2562949	CAIM 1937		Scaffold	current	reference genome	GCA_009873615.1	PRJNA530226	SAMN11308631	CAIM 1937		hepatopancreas	Penaeus vannamei	Mexico: Escuinapa, Sinaloa	2013-08-27	2020-01-14	CIAD, A.C.	4511596	504	494	16597	17109	41.5	98.72	0.68	GCA_009873615.1|GCF_009873615.1
GCF_009874335.1	SOURCE_DATABASE_REFSEQ	Photobacterium lucens	2562949	CAIM 1938		Scaffold	current		GCA_009874335.1	PRJNA530226	SAMN11308736	CAIM 1938		hepatopancreas	Penaeus vannamei	Mexico: Escuinapa, Sinaloa	2013-08-27	2020-01-14	CIAD, A.C.	4547386	378	377	24598	24598	41.5	99.02	0.34	GCA_009874335.1|GCF_009874335.1
GCF_009904585.1	SOURCE_DATABASE_REFSEQ	Photobacterium halotolerans	265726	P46_P4S1P180		Scaffold	current		GCA_009904585.1	PRJNA361511	SAMN06251438	P46_P4S1P180		water column		Mexico: Cuatro Cienegas	2013-03	2020-01-18	Instituto de ecologia	4566730	318	301	22502	23510	51.5	89.41	2.51	GCA_009904585.1|GCF_009904585.1
GCF_009904625.1	SOURCE_DATABASE_REFSEQ	Photobacterium halotolerans	265726	P45_P2S44P127		Scaffold	current		GCA_009904625.1	PRJNA361511	SAMN06251437	P45_P2S44P127		water column		Mexico: Cuatro Cienegas	2013-03	2020-01-18	Instituto de ecologia	4546420	386	372	19013	19421	51.5	89.98	2.08	GCA_009904625.1|GCF_009904625.1
GCF_009904675.1	SOURCE_DATABASE_REFSEQ	Photobacterium halotolerans	265726	P44_P4S2P179		Scaffold	current		GCA_009904675.1	PRJNA361511	SAMN06251436	P44_P4S2P179		water column		Mexico: Cuatro Cienegas	2013-03	2020-01-18	Instituto de ecologia	4572875	173	165	48360	49322	51	90.58	2.36	GCA_009904675.1|GCF_009904675.1
GCF_009910675.1	SOURCE_DATABASE_REFSEQ	Photobacterium alginatilyticum	1775171	P03D4		Contig	current	reference genome	GCA_009910675.1	PRJNA507885	SAMN10511211	P03D4		seawater		China: East China Sea	2015-10	2020-01-21	Ocean University of China	6530165	434	434	153422	153422	48	95.69	8.45	GCA_009910675.1|GCF_009910675.1
GCF_013371045.1	SOURCE_DATABASE_REFSEQ	Photobacterium damselae subsp. damselae	85581	206352-6(DK32)		Contig	current		GCA_013371045.1	PRJNA640260	SAMN15312412	206352-6(DK32)		missing	Oncorhynchus mykiss	Denmark	2006	2020-06-23	Universidade de Santiago de Compostela	4248331	106	106	72283	72283	40.5	98.5	1.39	GCA_013371045.1|GCF_013371045.1
GCF_013371545.1	SOURCE_DATABASE_REFSEQ	Photobacterium damselae subsp. damselae	85581	162bp-OG4A		Contig	current		GCA_013371545.1	PRJNA640264	SAMN15312464	162bp-OG4A		missing	Dicentrarchus labrax	Turkey: Persembe	2011	2020-06-23	Universidade de Santiago de Compostela	4306101	133	133	58293	58293	40.5	98.96	0.49	GCA_013371545.1|GCF_013371545.1
GCF_013377605.1	SOURCE_DATABASE_REFSEQ	Photobacterium damselae subsp. damselae	85581	CDC-1421-81		Contig	current		GCA_013377605.1	PRJNA641772	SAMN15366240	CDC-1421-81		fish		Senegal	1981	2020-06-30	Universidade de Santiago de Compostela	4432211	81	81	98876	98876	40.5	99.11	0.69	GCA_013377605.1|GCF_013377605.1
GCF_013377775.1	SOURCE_DATABASE_REFSEQ	Photobacterium damselae subsp. damselae	85581	82dy-OG8		Contig	current		GCA_013377775.1	PRJNA640295	SAMN15313879	82dy-OG8		missing	Dicentrarchus labrax	Turkey: Yomra	2011	2020-06-30	Universidade de Santiago de Compostela	4627325	138	138	63629	63629	40.5	98.81	1.82	GCA_013377775.1|GCF_013377775.1
GCA_013377795.1	SOURCE_DATABASE_GENBANK	Photobacterium damselae subsp. damselae	85581	TW250/03		Contig	current			PRJNA640532	SAMN15325225	TW250/03		missing	Sparus aurata	Spain	2003	2020-06-30	Universidade de Santiago de Compostela	4695503	1649	1649	3409	3409	40			GCA_013377795.1
GCF_013377875.1	SOURCE_DATABASE_REFSEQ	Photobacterium damselae subsp. damselae	85581	189bp-OG7B		Contig	current		GCA_013377875.1	PRJNA640268	SAMN15312514	189bp-OG7B		missing	Dicentrarchus labrax	Turkey: Persembe	2011	2020-06-30	Universidade de Santiago de Compostela	4302857	127	127	60947	60947	40.5	98.96	0.49	GCA_013377875.1|GCF_013377875.1
GCF_014042565.1	SOURCE_DATABASE_REFSEQ	Photobacterium damselae subsp. damselae	85581	125dy-OG11		Contig	current		GCA_014042565.1	PRJNA649148	SAMN15659787	125dy-OG11		spleen	Dicentrarchus labrax	Turkey: Yomra	2011	2020-08-02	Universidade de Santiago de Compostela	4450948	147	147	149492	149492	40.5	98.96	0.39	GCA_014042565.1|GCF_014042565.1
GCF_014349205.1	SOURCE_DATABASE_REFSEQ	Photobacterium sp. BZF1	1904457	BZF1		Contig	current		GCA_014349205.1	PRJNA343499	SAMN05805726	BZF1		surface mucus layer	Orbicella annularis	Belize: Carrie Bow Cay Field Station	2015-09	2020-08-31	University of Florida	6588237	318	318	35657	35657	47.5	97.46	6.71	GCA_014349205.1|GCF_014349205.1
GCF_014525015.1	SOURCE_DATABASE_REFSEQ	Photobacterium damselae	38293	727-82		Contig	current		GCA_014525015.1	PRJNA266293	SAMN13500474	727-82		missing	missing	missing	missing	2020-09-11	CDC	4687574	4	4	3105832	3105832	41	98.53	1.09	GCA_014525015.1|GCF_014525015.1
GCF_014525275.1	SOURCE_DATABASE_REFSEQ	Photobacterium damselae	38293	9045-81		Contig	current		GCA_014525275.1	PRJNA266293	SAMN12648252	9045-81		missing	missing	missing	missing	2020-09-11	CDC	4412338	8	8	2598555	2598555	41	97.65	0.42	GCA_014525275.1|GCF_014525275.1
GCF_014652075.1	SOURCE_DATABASE_REFSEQ	Photobacterium aphoticum	754436	KCTC 23057		Scaffold	current		GCA_014652075.1	PRJDB10508	SAMD00245598	KCTC 23057				not applicable	missing	2020-09-12	WFCC-MIRCEN World Data Centre for Microorganisms (WDCM)	5252983	62	47	170136	213085	49.5	95.9	3.52	GCA_014652075.1|GCF_014652075.1
GCA_014775675.1	SOURCE_DATABASE_GENBANK	Photobacterium damselae subsp. piscicida	38294	AS-16-0540-1		Complete Genome	current		GCF_014775675.1	PRJNA662633	SAMN16091814	AS-16-0540-1		farmed fish	Seriola lalandi	Australia: Port Lincoln, South Australia	2016	2020-09-28	The University of Queensland	4651851	7	7	3230241	3230241	41	94.34	0.86	GCA_014775675.1|GCF_014775675.1
GCF_014775695.1	SOURCE_DATABASE_REFSEQ	Photobacterium damselae subsp. piscicida	38294	AS-16-0555-7		Complete Genome	current		GCA_014775695.1	PRJNA662633	SAMN16091815	AS-16-0555-7			Seriola lalandi	Australia: Western Australia	2016	2020-09-28	The University of Queensland	4650223	7	7	3230122	3230122	41	94.19	0.86	GCA_014775695.1|GCF_014775695.1
GCF_014841115.1	SOURCE_DATABASE_REFSEQ	Photobacterium arenosum	2774143	CAU 1568		Contig	current	reference genome	GCA_014841115.1	PRJNA665078	SAMN16178375	CAU 1568		Sand		South Korea	2019-05-04	2020-10-04	Chung-Ang University	4775170	38	38	253079	253079	50	89.4	2.22	GCA_014841115.1|GCF_014841115.1
GCF_014930975.1	SOURCE_DATABASE_REFSEQ	Photobacterium damselae subsp. damselae	85581	KC-Dl-1		Complete Genome	current		GCA_014930975.1	PRJNA667994	SAMN16393141	KC-Dl-1		missing	Delphinapterus leucas (Beluga whale)	South Korea: Yeosu	2020-08	2020-10-26	Korea Research Institute of Bioscience & Biotechnology	4165052	3	3	3045606	3045606	41	98.03	0.23	GCA_014930975.1|GCF_014930975.1
GCF_015602445.1	SOURCE_DATABASE_REFSEQ	Photobacterium damselae	38293	DSM 110634		Contig	current		GCA_015602445.1	PRJNA615816	SAMN14467235	DSM 110634			Homo sapiens	Germany:Dresden	2019-08	2020-11-19	Leibniz Institute DSMZ	4477868	114	114	132645	132645	40.5	99.4	0.61	GCA_015602445.1|GCF_015602445.1
GCF_017329545.1	SOURCE_DATABASE_REFSEQ	Photobacterium ganghwense	320778	C2.2		Complete Genome	current	reference genome	GCA_017329545.1	PRJNA548038	SAMN11998091	C2.2		Seashore sediment		Romania: Constanta, Black Sea shore	2018-02-07	2021-03-11	University of Bucharest	5744420	3	3	3515384	3515384	50.5	94.11	4.21	GCA_017329545.1|GCF_017329545.1
GCF_018199995.1	SOURCE_DATABASE_REFSEQ	Photobacterium sp. GJ3	2829502	GJ3		Complete Genome	current		GCA_018199995.1	PRJNA723139	SAMN18805711	GJ3				South Korea: Jeju island	2019	2021-04-29	Jeju National University	5310201	3	3	3603274	3603274	50.5	87.17	2.9	GCA_018199995.1|GCF_018199995.1
GCF_019084105.1	SOURCE_DATABASE_REFSEQ	Photobacterium ganghwense	320778	K3B		Contig	current		GCA_019084105.1	PRJNA739754	SAMN19801992	K3B				Saudi Arabia: Jeddah, Red Sea coast	2020-12-12	2021-06-30	King Abdulaziz university	5340291	261	261	53549	53549	50.5	94.4	3.33	GCA_019084105.1|GCF_019084105.1
GCF_019204055.1	SOURCE_DATABASE_REFSEQ	Photobacterium sp. WH24	2827237	WH24		Contig	current		GCA_019204055.1	PRJNA722182	SAMN18747139	WH24		missing	Pacific Oyster	Germany: Wilhelmshaven	2019-12	2021-07-13	HZI-Helmholtz Centre for Infection Research	4645931	68	68	251048	251048	50	87.97	1.32	GCA_019204055.1|GCF_019204055.1
GCF_019781095.1	SOURCE_DATABASE_REFSEQ	Photobacterium carnosum	2023717	TMW 22099		Contig	current		GCA_019781095.1	PRJNA590348	SAMN14943981	TMW 22099		MAP salmon		Germany	2019	2021-08-26	Technische Universitaet Muenchen	4410092	83	83	118093	118093	38.5	94.49	1.6	GCA_019781095.1|GCF_019781095.1
GCF_019801945.1	SOURCE_DATABASE_REFSEQ	Photobacterium rosenbergii	294936	DP6N14-7		Contig	current		GCA_019801945.1	PRJNA682484	SAMN19953150	DP6N14-7				China:Shenzhen	2020-08-24	2021-08-30	Peking University Shenzhen Institute	6432285	68	68	461066	461066	47.5	97.15	6.4	GCA_019801945.1|GCF_019801945.1
GCF_021236585.1	SOURCE_DATABASE_REFSEQ	Photobacterium phosphoreum	659	TMW2.2140		Contig	current		GCA_021236585.1	PRJNA590348	SAMN13324985	TMW2.2140		Pork meat		Germany	2019	2021-12-20	Technische Universitaet Muenchen	4980977	63	63	152456	152456	39.5	97.3	2.74	GCA_021236585.1|GCF_021236585.1
GCF_021236605.1	SOURCE_DATABASE_REFSEQ	Photobacterium iliopiscarium	56192	TMW2.2104		Contig	current		GCA_021236605.1	PRJNA590348	SAMN13324990	TMW2.2104		Packed pork meat		Germany	2019	2021-12-20	Technische Universitaet Muenchen	4199153	86	86	78174	78174	39	94.82	1.76	GCA_021236605.1|GCF_021236605.1
GCF_021236625.1	SOURCE_DATABASE_REFSEQ	Photobacterium phosphoreum	659	TMW2.2132		Contig	current		GCA_021236625.1	PRJNA590348	SAMN13324982	TMW2.2132		Packed chicken meat		Germany	2019	2021-12-20	Technische Universitaet Muenchen	4810084	64	64	174799	174799	39	97.55	2.52	GCA_021236625.1|GCF_021236625.1
GCF_021236645.1	SOURCE_DATABASE_REFSEQ	Photobacterium phosphoreum	659	TMW2.2134		Contig	current		GCA_021236645.1	PRJNA590348	SAMN13324983	TMW2.2134		Packed chicken meat		Germany	2019	2021-12-20	Technische Universitaet Muenchen	4555960	51	51	243247	243247	39.5	97.33	2.16	GCA_021236645.1|GCF_021236645.1
GCF_021236655.1	SOURCE_DATABASE_REFSEQ	Photobacterium phosphoreum	659	TMW2.2142		Contig	current		GCA_021236655.1	PRJNA590348	SAMN13324986	TMW2.2142		Packed beef meat		Germany	2019	2021-12-20	Technische Universitaet Muenchen	4689415	62	62	141291	141291	39.5	96.89	2.42	GCA_021236655.1|GCF_021236655.1
GCF_021236685.1	SOURCE_DATABASE_REFSEQ	Photobacterium phosphoreum	659	TMW2.2130		Contig	current		GCA_021236685.1	PRJNA590348	SAMN13324981	TMW2.2130		Packed chicken meat		Germany	2019	2021-12-20	Technische Universitaet Muenchen	4939823	64	64	163788	163788	39	96.43	2.65	GCA_021236685.1|GCF_021236685.1
GCF_021236705.1	SOURCE_DATABASE_REFSEQ	Photobacterium phosphoreum	659	TMW2.2126		Contig	current		GCA_021236705.1	PRJNA590348	SAMN13324980	TMW2.2126		Packed chicken meat		Germany	2019	2021-12-20	Technische Universitaet Muenchen	4839609	61	61	156540	156540	39.5	97.3	1.88	GCA_021236705.1|GCF_021236705.1
GCF_021236725.1	SOURCE_DATABASE_REFSEQ	Photobacterium phosphoreum	659	TMW2.2125		Contig	current		GCA_021236725.1	PRJNA590348	SAMN13324979	TMW2.2125		Turkey meat		Germany	2019	2021-12-20	Technische Universitaet Muenchen	4705559	56	56	172370	172370	39.5	96.94	2.44	GCA_021236725.1|GCF_021236725.1
GCF_021236745.1	SOURCE_DATABASE_REFSEQ	Photobacterium phosphoreum	659	TMW2.2103		Contig	current		GCA_021236745.1	PRJNA590348	SAMN13324978	TMW2.2103		Packed beef meat		Germany	2019	2021-12-20	Technische Universitaet Muenchen	4823420	66	66	164949	164949	39.5	97.01	2.75	GCA_021236745.1|GCF_021236745.1
GCF_021236765.1	SOURCE_DATABASE_REFSEQ	Photobacterium carnosum	2023717	TMW2.2190		Contig	current		GCA_021236765.1	PRJNA590348	SAMN13324977	TMW2.2190		Packed salmon		Germany	2019	2021-12-20	Technische Universitaet Muenchen	4177036	68	68	143292	143292	38.5	93.83	1.52	GCA_021236765.1|GCF_021236765.1
GCF_021236785.1	SOURCE_DATABASE_REFSEQ	Photobacterium carnosum	2023717	TMW2.2189		Contig	current		GCA_021236785.1	PRJNA590348	SAMN13324976	TMW2.2189		Packed salmon		Germany	2019	2021-12-20	Technische Universitaet Muenchen	4362186	94	94	106191	106191	39	95.1	1.55	GCA_021236785.1|GCF_021236785.1
GCF_021236805.1	SOURCE_DATABASE_REFSEQ	Photobacterium carnosum	2023717	TMW2.2187		Contig	current		GCA_021236805.1	PRJNA590348	SAMN13324974	TMW2.2187		Packed salmon		Germany	2019	2021-12-20	Technische Universitaet Muenchen	4205183	55	55	278022	278022	38.5	93.83	1.03	GCA_021236805.1|GCF_021236805.1
GCF_021236825.1	SOURCE_DATABASE_REFSEQ	Photobacterium carnosum	2023717	TMW2.2188		Contig	current		GCA_021236825.1	PRJNA590348	SAMN13324975	TMW2.2188		Packed salmon		Germany	2019	2021-12-20	Technische Universitaet Muenchen	4140650	70	70	111843	111843	39	94.7	1.62	GCA_021236825.1|GCF_021236825.1
GCF_021236845.1	SOURCE_DATABASE_REFSEQ	Photobacterium carnosum	2023717	TMW2.2163		Contig	current		GCA_021236845.1	PRJNA590348	SAMN13324971	TMW2.2163		Packed chicken meat		Germany	2019	2021-12-20	Technische Universitaet Muenchen	4044991	44	44	200408	200408	38.5	94.18	1.84	GCA_021236845.1|GCF_021236845.1
GCF_021236865.1	SOURCE_DATABASE_REFSEQ	Photobacterium carnosum	2023717	TMW2.2169		Contig	current		GCA_021236865.1	PRJNA590348	SAMN13324972	TMW2.2169		Turkey meat		Germany	2019	2021-12-20	Technische Universitaet Muenchen	4503077	66	66	152827	152827	38.5	94.18	2.3	GCA_021236865.1|GCF_021236865.1
GCF_021236875.1	SOURCE_DATABASE_REFSEQ	Photobacterium carnosum	2023717	TMW2.2186		Contig	current		GCA_021236875.1	PRJNA590348	SAMN13324973	TMW2.2186		Packed salmon		Germany	2019	2021-12-20	Technische Universitaet Muenchen	4178468	101	101	144569	144569	38.5	94.34	1.15	GCA_021236875.1|GCF_021236875.1
GCF_021236905.1	SOURCE_DATABASE_REFSEQ	Photobacterium carnosum	2023717	TMW2.2157		Contig	current		GCA_021236905.1	PRJNA590348	SAMN13324968	TMW2.2157		Packed chicken meat		Germany	2019	2021-12-20	Technische Universitaet Muenchen	4257654	72	72	152244	152244	38.5	94.03	2.88	GCA_021236905.1|GCF_021236905.1
GCF_021236925.1	SOURCE_DATABASE_REFSEQ	Photobacterium carnosum	2023717	TMW2.2150		Contig	current		GCA_021236925.1	PRJNA590348	SAMN13324966	TMW2.2150		Chicken meat		Germany	2019	2021-12-20	Technische Universitaet Muenchen	4188414	59	59	160689	160689	38.5	93.9	1.84	GCA_021236925.1|GCF_021236925.1
GCF_021236945.1	SOURCE_DATABASE_REFSEQ	Photobacterium carnosum	2023717	TMW2.2149		Contig	current		GCA_021236945.1	PRJNA590348	SAMN13324965	TMW2.2149		Packed pork meat		Germany	2019	2021-12-20	Technische Universitaet Muenchen	3971074	57	57	124125	124125	38.5	93.76	1.16	GCA_021236945.1|GCF_021236945.1
GCF_021236965.1	SOURCE_DATABASE_REFSEQ	Photobacterium carnosum	2023717	TMW2.2147		Contig	current	reference genome	GCA_021236965.1	PRJNA590348	SAMN13324963	TMW2.2147		Packed chicken meat		Germany	2019	2021-12-20	Technische Universitaet Muenchen	4322931	65	65	162753	162753	38.5	94.07	2.65	GCA_021236965.1|GCF_021236965.1
GCF_021236975.1	SOURCE_DATABASE_REFSEQ	Photobacterium carnosum	2023717	TMW2.2098		Contig	current		GCA_021236975.1	PRJNA590348	SAMN13324962	TMW2.2098		Packed salmon		Germany	2019	2021-12-20	Technische Universitaet Muenchen	4351095	82	82	119868	119868	38.5	94.49	1.6	GCA_021236975.1|GCF_021236975.1
GCF_021236985.1	SOURCE_DATABASE_REFSEQ	Photobacterium carnosum	2023717	TMW2.2097		Contig	current		GCA_021236985.1	PRJNA590348	SAMN13324961	TMW2.2097		Packed pork meat		Germany	2019	2021-12-20	Technische Universitaet Muenchen	4332675	65	65	186153	186153	38.5	94.46	2.14	GCA_021236985.1|GCF_021236985.1
GCF_021237025.1	SOURCE_DATABASE_REFSEQ	Photobacterium phosphoreum	659	TMW22033		Contig	current		GCA_021237025.1	PRJNA396668	SAMN07482665	TMW22033		poultry meat		Germany	2017-06-12	2021-12-20	Technische Universitaet Muenchen	4832374	61	61	180599	180599	39	96.12	2.41	GCA_021237025.1|GCF_021237025.1
GCF_021237045.1	SOURCE_DATABASE_REFSEQ	Photobacterium phosphoreum	659	TMW22034		Contig	current		GCA_021237045.1	PRJNA396668	SAMN07482666	TMW22034		poultry meat		Germany	2017-06-12	2021-12-20	Technische Universitaet Muenchen	4724905	147	147	233926	233926	39.5	97.04	3.91	GCA_021237045.1|GCF_021237045.1
GCF_021237065.1	SOURCE_DATABASE_REFSEQ	Photobacterium iliopiscarium	56192	TMW22035		Contig	current		GCA_021237065.1	PRJNA396668	SAMN07482668	TMW22035		poultry meat		Germany	2017-06-12	2021-12-20	Technische Universitaet Muenchen	3961514	77	77	88352	88352	39	94.51	0.28	GCA_021237065.1|GCF_021237065.1
GCF_021432065.1	SOURCE_DATABASE_REFSEQ	Photobacterium sp. TLY01	2907534	TLY01		Complete Genome	current		GCA_021432065.1	PRJNA779266	SAMN23026483	TLY01		China: BinHai,TianJin		China: BinHai,TianJin	2021-05-01	2022-01-11	Beijing University of Chemical Technology	4715124	2	2	3368569	3368569	51	90.69	2.73	GCA_021432065.1|GCF_021432065.1
GCF_021504545.1	SOURCE_DATABASE_REFSEQ	Photobacterium phosphoreum	659	TMW2.2145		Contig	current		GCA_021504545.1	PRJNA590348	SAMN13324988	TMW2.2145		Packed beef meat		Germany	2019	2022-01-18	Technische Universitaet Muenchen	4688099	64	64	141291	141291	39.5	96.89	2.42	GCA_021504545.1|GCF_021504545.1
GCF_021504575.1	SOURCE_DATABASE_REFSEQ	Photobacterium iliopiscarium	56192	TMW2.2172		Contig	current		GCA_021504575.1	PRJNA590348	SAMN13324989	TMW2.2172		Packed pork meat		Germany	2019	2022-01-18	Technische Universitaet Muenchen	4208521	86	86	78174	78174	39	94.82	1.76	GCA_021504575.1|GCF_021504575.1
GCF_021504615.1	SOURCE_DATABASE_REFSEQ	Photobacterium phosphoreum	659	TMW2.2143		Contig	current		GCA_021504615.1	PRJNA590348	SAMN13324987	TMW2.2143		Packed beef meat		Germany	2019	2022-01-18	Technische Universitaet Muenchen	4689433	63	63	141291	141291	39.5	96.89	2.42	GCA_021504615.1|GCF_021504615.1
GCF_021504635.1	SOURCE_DATABASE_REFSEQ	Photobacterium phosphoreum	659	TMW2.2139		Contig	current		GCA_021504635.1	PRJNA590348	SAMN13324984	TMW2.2139		Pork meat		Germany	2019	2022-01-18	Technische Universitaet Muenchen	4977689	66	66	152455	152455	39.5	97.3	2.74	GCA_021504635.1|GCF_021504635.1
GCF_021504655.1	SOURCE_DATABASE_REFSEQ	Photobacterium carnosum	2023717	TMW2.2148		Contig	current		GCA_021504655.1	PRJNA590348	SAMN13324964	TMW2.2148		Beef meat		Germany	2019	2022-01-18	Technische Universitaet Muenchen	3974940	49	49	145535	145535	38.5	93.97	1.65	GCA_021504655.1|GCF_021504655.1
GCF_021504665.1	SOURCE_DATABASE_REFSEQ	Photobacterium carnosum	2023717	TMW2.2160		Contig	current		GCA_021504665.1	PRJNA590348	SAMN13324969	TMW2.2160		Packed chicken meat		Germany	2019	2022-01-18	Technische Universitaet Muenchen	4285726	57	57	162231	162231	38.5	94.18	3.01	GCA_021504665.1|GCF_021504665.1
GCF_021504695.1	SOURCE_DATABASE_REFSEQ	Photobacterium carnosum	2023717	TMW2.2154		Contig	current		GCA_021504695.1	PRJNA590348	SAMN13324967	TMW2.2154		Packed chicken meat		Germany	2019	2022-01-18	Technische Universitaet Muenchen	4341618	58	58	176903	176903	38.5	94.46	2.14	GCA_021504695.1|GCF_021504695.1
GCF_021504715.1	SOURCE_DATABASE_REFSEQ	Photobacterium carnosum	2023717	TMW2.2161		Contig	current		GCA_021504715.1	PRJNA590348	SAMN13324970	TMW2.2161		Packed chicken meat		Germany	2019	2022-01-18	Technische Universitaet Muenchen	3973541	50	50	125271	125271	38.5	93.97	1.65	GCA_021504715.1|GCF_021504715.1
GCF_021765875.1	SOURCE_DATABASE_REFSEQ	Photobacterium damselae subsp. damselae	85581	CSP DAM2		Complete Genome	current		GCA_021765875.1	PRJNA662633	SAMN16287396	CSP DAM2		fish	Seriola lalandi	Australia: Port Lincoln	2010	2022-02-01	The University of Queensland	4754635	3	3	3290682	3290682	40.5	99.27	1.37	GCA_021765875.1|GCF_021765875.1
GCF_021766015.1	SOURCE_DATABASE_REFSEQ	Photobacterium damselae subsp. damselae	85581	CSP DAM1		Complete Genome	current		GCA_021766015.1	PRJNA662633	SAMN16287395	CSP DAM1		fish	Seriola lalandi	Australia: Port Lincoln	2010	2022-02-01	The University of Queensland	4754937	3	3	3290918	3290918	40.5	99.27	1.37	GCA_021766015.1|GCF_021766015.1
GCF_021768305.1	SOURCE_DATABASE_REFSEQ	Photobacterium damselae subsp. damselae	85581	AS-16-0963-3		Complete Genome	current		GCA_021768305.1	PRJNA662633	SAMN16481684	AS-16-0963-3		farmed fish	Seriola lalandi	Australia: Western Australia	2016	2022-02-01	The University of Queensland	4753249	3	3	3194425	3194425	40.5	99.57	0.41	GCA_021768305.1|GCF_021768305.1
GCF_021768345.1	SOURCE_DATABASE_REFSEQ	Photobacterium damselae subsp. damselae	85581	AS-16-0963-1		Complete Genome	current		GCA_021768345.1	PRJNA662633	SAMN16287401	AS-16-0963-1		fish	Seriola lalandi	Australia: Fremantle	2016	2022-02-01	The University of Queensland	4604492	2	2	3271453	3271453	41	98.95	0.38	GCA_021768345.1|GCF_021768345.1
GCF_021768365.1	SOURCE_DATABASE_REFSEQ	Photobacterium damselae subsp. damselae	85581	AS-15-3942-9		Complete Genome	current		GCA_021768365.1	PRJNA662633	SAMN16287400	AS-15-3942-9		fish	Seriola lalandi	Australia: Geraldton	2015	2022-02-01	The University of Queensland	4664535	2	2	3230504	3230504	40.5	99.27	0.29	GCA_021768365.1|GCF_021768365.1
GCF_021768385.1	SOURCE_DATABASE_REFSEQ	Photobacterium damselae subsp. damselae	85581	AS-15-3942-8		Complete Genome	current		GCA_021768385.1	PRJNA662633	SAMN16287399	AS-15-3942-8		fish	Seriola lalandi	Australia: Geraldton	2015	2022-02-01	The University of Queensland	4772114	4	4	3224323	3224323	40.5	99.27	0.96	GCA_021768385.1|GCF_021768385.1
GCF_021768405.1	SOURCE_DATABASE_REFSEQ	Photobacterium damselae subsp. damselae	85581	AS-15-3942-7		Complete Genome	current		GCA_021768405.1	PRJNA662633	SAMN16287398	AS-15-3942-7		fish	Seriola lalandi	Australia: Geraldton	2015	2022-02-01	The University of Queensland	4632669	2	2	3230771	3230771	40.5	99.16	0.29	GCA_021768405.1|GCF_021768405.1
GCF_021768425.1	SOURCE_DATABASE_REFSEQ	Photobacterium damselae subsp. damselae	85581	AS-15-0759-2		Complete Genome	current		GCA_021768425.1	PRJNA662633	SAMN16287397	AS-15-0759-2		fish	Seriola lalandi	Australia: Geraldton	2015	2022-02-01	The University of Queensland	5235337	3	3	3201356	3201356	40.5	99.2	3.83	GCA_021768425.1|GCF_021768425.1
GCF_022014375.1	SOURCE_DATABASE_REFSEQ	Photobacterium sp. WH80	2913414	WH80		Contig	current		GCA_022014375.1	PRJNA801459	SAMN25351611	WH80		water	oyster	Germany	2019-09	2022-02-05	HZI-Helmholtz Centre for Infection Research	4690972	67	67	176495	176495	50	89.39	2.15	GCA_022014375.1|GCF_022014375.1
GCF_022014395.1	SOURCE_DATABASE_REFSEQ	Photobacterium sp. WH77	2913413	WH77		Contig	current		GCA_022014395.1	PRJNA801458	SAMN25351538	WH77		water	oyster	Germany	2019-09	2022-02-05	HZI-Helmholtz Centre for Infection Research	4691039	66	66	176495	176495	50	89.35	2.15	GCA_022014395.1|GCF_022014395.1
GCF_022129445.1	SOURCE_DATABASE_REFSEQ	Photobacterium sp. Ph5	2790953	Ph5		Scaffold	current		GCA_022129445.1	PRJNA678775	SAMN16812790	Ph5		2220E medium	large yellow croaker	China: Fujian	2020-08-01	2022-02-09	Xiamen University	4463337	128	116	65297	73452	39.5	98.35	0.59	GCA_022129445.1|GCF_022129445.1
GCF_022129465.1	SOURCE_DATABASE_REFSEQ	Photobacterium sp. Ph6	2790954	Ph6		Scaffold	current		GCA_022129465.1	PRJNA678775	SAMN16812791	Ph6		2221E medium	large yellow croaker	China: Fujian	2020-08-01	2022-02-09	Xiamen University	4478124	128	117	69324	73248	39.5	98.2	0.59	GCA_022129465.1|GCF_022129465.1
GCF_022129485.1	SOURCE_DATABASE_REFSEQ	Photobacterium damselae	38293	Ph7		Scaffold	current		GCA_022129485.1	PRJNA678775	SAMN16812792	Ph7		2222E medium	large yellow croaker	China: Fujian	2020-08-01	2022-02-09	Xiamen University	4296753	55	40	169888	230285	40.5	99.27	0.66	GCA_022129485.1|GCF_022129485.1
GCF_022129505.1	SOURCE_DATABASE_REFSEQ	Photobacterium damselae	38293	Ph4		Scaffold	current		GCA_022129505.1	PRJNA678775	SAMN16812789	Ph4		2219E medium	large yellow croaker	China: Fujian	2020-08-01	2022-02-09	Xiamen University	4366922	50	41	198661	198661	40.5	98.96	0.73	GCA_022129505.1|GCF_022129505.1
GCF_022129605.1	SOURCE_DATABASE_REFSEQ	Photobacterium damselae	38293	Ph3		Scaffold	current		GCA_022129605.1	PRJNA678775	SAMN16812788	Ph3		2218E medium	large yellow croaker	China: Fujian	2020-08-01	2022-02-09	Xiamen University	4284474	58	49	201012	201012	40.5	98.65	0.92	GCA_022129605.1|GCF_022129605.1
GCF_022129615.1	SOURCE_DATABASE_REFSEQ	Photobacterium leiognathi	553611	Ph2		Scaffold	current		GCA_022129615.1	PRJNA678775	SAMN16812787	Ph2		2217E medium	large yellow croaker	China: Fujian	2020-08-01	2022-02-09	Xiamen University	4980639	61	54	214724	258144	41	99.37	3	GCA_022129615.1|GCF_022129615.1
GCF_022129675.1	SOURCE_DATABASE_REFSEQ	Photobacterium damselae	38293	Ph1		Scaffold	current		GCA_022129675.1	PRJNA678775	SAMN16812786	Ph1		2216E medium	large yellow croaker	China: Fujian	2020-08-01	2022-02-09	Xiamen University	4554241	109	87	86862	103475	40.5	98.35	1.49	GCA_022129675.1|GCF_022129675.1
GCF_022347985.1	SOURCE_DATABASE_REFSEQ	Photobacterium sp. OFAV2-7	2917748	OFAV2-7		Contig	current		GCA_022347985.1	PRJNA795563	SAMN25860350	OFAV2-7		coral surface mucus layer and tissue	Orbicella faveolata	USA: FL, Dry Tortugas	2020-01-28	2022-02-20	Meyer Microbes Lab	4943900	781	781	7020	7020	48.5	77.37	5.05	GCA_022347985.1|GCF_022347985.1
GCF_022398535.1	SOURCE_DATABASE_REFSEQ	Photobacterium damselae	38293	M13-17570		Contig	current		GCA_022398535.1	PRJNA795272	SAMN24777654	M13-17570			Magallana gigas	Australia: NSW, Port Stephens	2013-01-01/2014-01-01	2022-02-25	NSW Department of Primary Industries	4745918	67	67	196357	196357	40.5	98.96	0.97	GCA_022398535.1|GCF_022398535.1
GCF_022398555.1	SOURCE_DATABASE_REFSEQ	Photobacterium damselae	38293	M14-00202		Contig	current		GCA_022398555.1	PRJNA795272	SAMN24777655	M14-00202			Magallana gigas	Australia: NSW, Port Stephens	2013-01-01/2014-01-01	2022-02-25	NSW Department of Primary Industries	4537564	99	99	129729	129729	40.5	98.35	1.29	GCA_022398555.1|GCF_022398555.1
GCF_023151555.2	SOURCE_DATABASE_REFSEQ	Photobacterium sp. CCB-ST2H9	2912855	CCB-ST2H9		Complete Genome	current		GCA_023151555.2	PRJNA800629	SAMN25271433	CCB-ST2H9		mangrove sediment		Malaysia: Perak	2014-10-02	2022-07-14	Universiti Sains Malaysia	5168138	3	3	3583075	3583075	50.5	90.03	3.37	GCA_023151555.2|GCF_023151555.2
GCF_023653475.1	SOURCE_DATABASE_REFSEQ	Photobacterium galatheae	1654360	DSM 100496		Contig	current	reference genome	GCA_023653475.1	PRJNA722404	SAMN18754223	DSM 100496		missing		Germany	2020-04	2022-06-06	HZI-Helmholtz Centre for Infection Research	5470877	47	47	284439	284439	49.5	89.49	5.9	GCA_023653475.1|GCF_023653475.1
GCF_023973125.1	SOURCE_DATABASE_REFSEQ	Photobacterium damselae	38293	XP-11		Complete Genome	current		GCA_023973125.1	PRJNA850832	SAMN29203666	XP-11		canker of Apostichopus japonicus wall.	Apostichopus japonicus	China:Xiapu city on the east China coast	2022-04	2022-06-28	Fisheries Research Institute of Fujian	4469525	2	2	3190140	3190140	41	99.27	0.54	GCA_023973125.1|GCF_023973125.1
GCF_024346675.1	SOURCE_DATABASE_REFSEQ	Photobacterium sanguinicancri	875932	CECT 7579		Complete Genome	current	reference genome	GCA_024346675.1	PRJDB11924	SAMD00393678	CECT 7579				Spain:Galicia	missing	2022-07-13	Laboratory of Microbiology, Division of Marine Life Science, Faculty of Fisheries Sciences, Hokkaido University	5547475	2	2	3700364	3700364	43.5	96.31	3.09	GCA_024346675.1|GCF_024346675.1
GCF_024346715.1	SOURCE_DATABASE_REFSEQ	Photobacterium swingsii	680026	CECT 7576		Complete Genome	current	reference genome	GCA_024346715.1	PRJDB11924	SAMD00393679	CECT 7576				Spain:Canary Islands	missing	2022-07-13	Laboratory of Microbiology, Division of Marine Life Science, Faculty of Fisheries Sciences, Hokkaido University	5650079	2	2	3818500	3818500	44	96.46	2.66	GCA_024346715.1|GCF_024346715.1
GCF_024357955.1	SOURCE_DATABASE_REFSEQ	Photobacterium pectinilyticum	2906793	ZSDE20		Scaffold	current	reference genome	GCA_024357955.1	PRJNA853111	SAMN29361516	ZSDE20		seawater		China: Qingdao	2020-11	2022-07-20	Ocean University of China	5707840	203	200	65572	65572	46.5	93.86	4.78	GCA_024357955.1|GCF_024357955.1
GCF_024380015.1	SOURCE_DATABASE_REFSEQ	Photobacterium atrarenae	865757	GJH2-4		Chromosome	current	reference genome	GCA_024380015.1	PRJNA857879	SAMN29642434	GJH2-4		marine sediment		South Korea: Jeju	2019	2022-07-23	Jeju National University	5406651	4	3	1855598	3456765	53	92.52	3.94	GCA_024380015.1|GCF_024380015.1
GCF_024494545.1	SOURCE_DATABASE_REFSEQ	Photobacterium toruni	1935446	WD2103		Complete Genome	current		GCA_024494545.1	PRJNA858486	SAMN29720330	WD2103			Paralichthys olivaceus	South Korea: Wando	2021-03-25	2022-07-30	Chonnam National University	4647586	6	6	3080455	3080455	38.5	95.26	1.84	GCA_024494545.1|GCF_024494545.1
GCF_024529955.1	SOURCE_DATABASE_REFSEQ	Photobacterium toruni	1935446	CECT 9189		Complete Genome	current	reference genome	GCA_024529955.1	PRJDB11924	SAMD00393680	CECT 9189				Spain:Southern Atlantic coast	missing	2022-07-13	Laboratory of Microbiology, Division of Marine Life Science, Faculty of Fisheries Sciences, Hokkaido University	4499923	7	7	3009243	3009243	39	96.02	0.85	GCA_024529955.1|GCF_024529955.1
GCF_025398175.1	SOURCE_DATABASE_REFSEQ	Photobacterium sp. TY1-4	2899122	TY1-4		Complete Genome	current		GCA_025398175.1	PRJNA252390	SAMN29206379	TY1-4		sea water		South Korea	2022-03	2022-09-24	Korea Institute of Ocean Science & Technology	5607670	4	4	3577192	3577192	54	93.38	3.09	GCA_025398175.1|GCF_025398175.1
GCF_026001825.1	SOURCE_DATABASE_REFSEQ	Photobacterium damselae subsp. damselae	85581	04Ya311		Complete Genome	current		GCA_026001825.1	PRJDB8503	SAMD00532374	04Ya311				Japan:Kagawa	2004-09-17	2022-09-14	Microbial Evolution and Function Researches, Graduate School of Life Sciences, Tohoku University	4642888	3	3	3211070	3211070	41	98.52	0.77	GCA_026001825.1|GCF_026001825.1
GCF_026191635.1	SOURCE_DATABASE_REFSEQ	Photobacterium obscurum	2829490	SDRW27		Contig	current	reference genome	GCA_026191635.1	PRJNA805067	SAMN25825985	SDRW27		seawater		China:Qingdao	2021-01-01	2022-11-15	ocean university of china	5840073	85	85	223542	223542	47	96.79	7.29	GCA_026191635.1|GCF_026191635.1
GCF_027923345.1	SOURCE_DATABASE_REFSEQ	Photobacterium carnosum	2023717	CECT 9394		Contig	current		GCA_027923345.1	PRJDB11924	SAMD00393677	CECT 9394				Germany:Freising	missing	2022-12-28	Laboratory of Microbiology, Division of Marine Life Science, Faculty of Fisheries Sciences, Hokkaido University	4515646	11	11	2670937	2670937	39	93.92	1.68	GCA_027923345.1|GCF_027923345.1
GCF_028439335.1	SOURCE_DATABASE_REFSEQ	Photobacterium damselae	38293	11V		Contig	current		GCA_028439335.1	PRJNA767115	SAMN21889491	11V		hepatopancreas	Penaeus vannamei	Mexico:La Paz	2016-10	2023-02-02	CIAD, A.C.	4073183	211	211	32715	32715	41	97.73	0.79	GCA_028439335.1|GCF_028439335.1
GCF_028621875.1	SOURCE_DATABASE_REFSEQ	Photobacterium sp. GSS17	3020715	GSS17		Complete Genome	current		GCA_028621875.1	PRJNA923469	SAMN32722953	GSS17	missing	sediment	missing	China:Yunxiao County,fujian provice	2022-06-24	2023-02-14	Institute of Eco-environment and Soil Science,Guangdong Academy of Sciences	5533175	3	3	3581207	3581207	50.5	94.42	3.96	GCA_028621875.1|GCF_028621875.1
GCF_029223585.1	SOURCE_DATABASE_REFSEQ	Photobacterium sp. DA100	3027472	DA100		Complete Genome	current		GCA_029223585.1	PRJNA933366	SAMN33235115	DA100				China: Beihai	2021-11-06	2023-03-16	Fourth Institute of Oceanography, Ministry of natural resources	6013706	2	2	3874515	3874515	50	96.85	5.59	GCA_029223585.1|GCF_029223585.1
GCF_030168795.1	SOURCE_DATABASE_REFSEQ	Photobacterium damselae	38293	Pdd1605		Complete Genome	current		GCA_030168795.1	PRJNA723990	SAMN18838533	Pdd1605			fish	China: Changdao, Yantai, Shandong	2017-05-16	2023-06-05	Yellow Sea Fisheries Research Institute	5014329	5	5	3167796	3167796	40.5	99.4	1.3	GCA_030168795.1|GCF_030168795.1
GCF_030168835.1	SOURCE_DATABASE_REFSEQ	Photobacterium damselae	38293	Pdd0210		Complete Genome	current		GCA_030168835.1	PRJNA726350	SAMN18928266	Pdd0210			fish	China: Ganyu, Lianyungang, Jiangsu	2010-06-18	2023-06-05	Yellow Sea Fisheries Research Institute	4623568	4	4	3075387	3075387	40.5	96.44	1.58	GCA_030168835.1|GCF_030168835.1
GCF_030168855.1	SOURCE_DATABASE_REFSEQ	Photobacterium damselae	38293	Pdd1411		Complete Genome	current		GCA_030168855.1	PRJNA726351	SAMN18928267	Pdd1411			fish	China: Ningde, Fujian	2014-11-10	2023-06-05	Yellow Sea Fisheries Research Institute	4609035	3	3	3205846	3205846	40.5	98.48	0.85	GCA_030168855.1|GCF_030168855.1
GCF_030169005.1	SOURCE_DATABASE_REFSEQ	Photobacterium damselae	38293	Pdd2008		Complete Genome	current		GCA_030169005.1	PRJNA737622	SAMN19700963	Pdd2008			fish	China: Haiyang, Yantai, Shandong	2020-08-11	2023-06-05	Yellow Sea Fisheries Research Institute	4704216	3	3	3197991	3197991	41	97.66	1.44	GCA_030169005.1|GCF_030169005.1
GCF_030169025.1	SOURCE_DATABASE_REFSEQ	Photobacterium damselae	38293	Pdd0906		Complete Genome	current		GCA_030169025.1	PRJNA738307	SAMN19718285	Pdd0906			fish	China: Huangdao, Qingdao, Shandong	2009-06-22	2023-06-05	Yellow Sea Fisheries Research Institute	4566215	4	4	3062234	3062234	40.5	95.84	1.64	GCA_030169025.1|GCF_030169025.1
GCF_030169045.1	SOURCE_DATABASE_REFSEQ	Photobacterium damselae	38293	Pdd1608		Complete Genome	current		GCA_030169045.1	PRJNA723992	SAMN18838535	Pdd1608			fish	China: Changdao, Yantai, Shandong	2016-08-10	2023-06-05	Yellow Sea Fisheries Research Institute	4614131	3	3	3182847	3182847	41	99.14	0.72	GCA_030169045.1|GCF_030169045.1
GCF_030547045.1	SOURCE_DATABASE_REFSEQ	Photobacterium sanguinicancri	875932	G2M05		Contig	current		GCA_030547045.1	PRJNA478695	SAMN36511011	G2M05				USA:Canoe Beach, Nahant, MA	2015	2023-07-26	Massachusetts Institute of Technology	5401153	110	110	166569	166569	43.5	96.26	2.28	GCA_030547045.1|GCF_030547045.1
GCF_030547675.1	SOURCE_DATABASE_REFSEQ	Photobacterium sp. 2_MG-2023	3062663	E2M18		Contig	current		GCA_030547675.1	PRJNA478695	SAMN36510989	E2M18				USA:Canoe Beach, Nahant, MA	2015	2023-07-26	Massachusetts Institute of Technology	4745654	69	69	162527	162527	50	89.4	1.94	GCA_030547675.1|GCF_030547675.1
GCF_030547825.1	SOURCE_DATABASE_REFSEQ	Photobacterium sanguinicancri	875932	G1M15		Contig	current		GCA_030547825.1	PRJNA478695	SAMN36511010	G1M15				USA:Canoe Beach, Nahant, MA	2015	2023-07-26	Massachusetts Institute of Technology	5482664	201	201	279714	279714	43.5	95.85	3.18	GCA_030547825.1|GCF_030547825.1
GCF_030547945.1	SOURCE_DATABASE_REFSEQ	Photobacterium sp. 1_MG-2023	3062646	C2M01		Contig	current		GCA_030547945.1	PRJNA478695	SAMN36510962	C2M01				USA:Canoe Beach, Nahant, MA	2015	2023-07-26	Massachusetts Institute of Technology	4987371	94	94	151184	151184	50.5	89.81	3.4	GCA_030547945.1|GCF_030547945.1
GCF_030685295.1	SOURCE_DATABASE_REFSEQ	Photobacterium leiognathi subsp. mandapamensis	48408	SV5.1		Chromosome	current		GCA_030685295.1	PRJNA998790	SAMN36714532	SV5.1			Siphamia tubifer	Japan: Sesoko Isalnd, Okinawa	2008	2023-08-08	California Academy of Sciences	4521183	43	2	190888	3089627	41.5	92.64	0.44	GCA_030685295.1|GCF_030685295.1
GCF_030685315.1	SOURCE_DATABASE_REFSEQ	Photobacterium leiognathi subsp. mandapamensis	48408	SV1.1		Chromosome	current		GCA_030685315.1	PRJNA998790	SAMN36714530	SV1.1			Siphamia tubifer	Japan: Sesoko Isalnd, Okinawa	2008	2023-08-08	California Academy of Sciences	4687652	8	2	2918729	3165496	41	97.34	0.45	GCA_030685315.1|GCF_030685315.1
GCF_030685335.1	SOURCE_DATABASE_REFSEQ	Photobacterium leiognathi subsp. mandapamensis	48408	SV1.2		Chromosome	current		GCA_030685335.1	PRJNA998790	SAMN36714531	SV1.2			Siphamia tubifer	Japan: Sesoko Isalnd, Okinawa	2008	2023-08-08	California Academy of Sciences	4718553	3	2	3184478	3184578	41	99.33	0.42	GCA_030685335.1|GCF_030685335.1
GCF_030685355.1	SOURCE_DATABASE_REFSEQ	Photobacterium leiognathi subsp. mandapamensis	48408	Kume1.2		Chromosome	current		GCA_030685355.1	PRJNA998790	SAMN36714512	Kume1.2			Siphamia tubifer	Japan: Kume Island	2014	2023-08-08	California Academy of Sciences	4835611	6	3	3035257	3186867	41	98.31	0.06	GCA_030685355.1|GCF_030685355.1
GCF_030685375.1	SOURCE_DATABASE_REFSEQ	Photobacterium leiognathi subsp. mandapamensis	48408	ajapo5.6		Chromosome	current		GCA_030685375.1	PRJNA998790	SAMN36714504	ajapo5.6			Acropoma japonicum	Japan: Tosa Bay	missing	2023-08-08	California Academy of Sciences	4729992	2	2	3174233	3174333	41.5	99.19	0.17	GCA_030685375.1|GCF_030685375.1
GCF_030685395.1	SOURCE_DATABASE_REFSEQ	Photobacterium leiognathi subsp. mandapamensis	48408	Ik8.2		Chromosome	current		GCA_030685395.1	PRJNA998790	SAMN36714511	Ik8.2			Siphamia tubifer	Japan: Ikei Island, Okinawa	2014	2023-08-08	California Academy of Sciences	4783440	3	3	3218875	3218975	41	99.25	0.14	GCA_030685395.1|GCF_030685395.1
GCF_030685415.1	SOURCE_DATABASE_REFSEQ	Photobacterium leiognathi subsp. mandapamensis	48408	StpP1.10		Chromosome	current		GCA_030685415.1	PRJNA998790	SAMN36714529	StpP1.10			Siphamia tubifer	Philippines: Verde Island	2021	2023-08-08	California Academy of Sciences	4781350	12	3	470369	3175708	41	98.7	0.37	GCA_030685415.1|GCF_030685415.1
GCF_030685435.1	SOURCE_DATABASE_REFSEQ	Photobacterium leiognathi subsp. mandapamensis	48408	Ik8.1		Chromosome	current		GCA_030685435.1	PRJNA998790	SAMN36714510	Ik8.1			Siphamia tubifer	Japan: Ikei Island, Okinawa	2014	2023-08-08	California Academy of Sciences	4765581	3	3	3231342	3231442	41	99.14	0.37	GCA_030685435.1|GCF_030685435.1
GCF_030685455.1	SOURCE_DATABASE_REFSEQ	Photobacterium leiognathi subsp. mandapamensis	48408	Mot1.2		Chromosome	current		GCA_030685455.1	PRJNA998790	SAMN36714524	Mot1.2			Siphamia tubifer	Japan: Motobu, Okinawa	2014	2023-08-08	California Academy of Sciences	4821222	8	2	794793	3197406	41	95.61	0.9	GCA_030685455.1|GCF_030685455.1
GCF_030685475.1	SOURCE_DATABASE_REFSEQ	Photobacterium leiognathi subsp. mandapamensis	48408	Mot1.1		Chromosome	current		GCA_030685475.1	PRJNA998790	SAMN36714523	Mot1.1			Siphamia tubifer	Japan: Motobu, Okinawa	2014	2023-08-08	California Academy of Sciences	4676957	8	2	1938146	3973605	41	97.53	0.79	GCA_030685475.1|GCF_030685475.1
GCF_030685495.1	SOURCE_DATABASE_REFSEQ	Photobacterium leiognathi subsp. mandapamensis	48408	StJ4.81		Chromosome	current		GCA_030685495.1	PRJNA998790	SAMN36714527	StJ4.81			Siphamia tubifer	Japan: Motobu, Okinawa	2019	2023-08-08	California Academy of Sciences	4615123	42	3	215021	3008373	41.5	86.43	1.61	GCA_030685495.1|GCF_030685495.1
GCF_030685515.1	SOURCE_DATABASE_REFSEQ	Photobacterium leiognathi subsp. mandapamensis	48408	lrivu20.11		Chromosome	current		GCA_030685515.1	PRJNA998790	SAMN36714521	lrivu20.11			Equulites rivulatus	Japan: Suruga Bay	2004	2023-08-08	California Academy of Sciences	4738901	2	2	3228638	3228738	41	99.33	0.33	GCA_030685515.1|GCF_030685515.1
GCF_030685535.1	SOURCE_DATABASE_REFSEQ	Photobacterium leiognathi	553611	ATCC 25521		Chromosome	current		GCA_030685535.1	PRJNA998790	SAMN36714507	ATCC 25521			Eubleekeria splendens	Thailand: Gulf of Thailand	1967	2023-08-08	California Academy of Sciences	4751181	3	3	3269131	3269231	41	95.18	0.51	GCA_030685535.1|GCF_030685535.1
GCF_030685555.1	SOURCE_DATABASE_REFSEQ	Candidatus Photobacterium acropomis	3064374	ajapo5.5		Chromosome	current		GCA_030685555.1	PRJNA998790	SAMN36714503	ajapo5.5			Acropoma japonicum	Japan: Tosa Bay	missing	2023-08-08	California Academy of Sciences	4691122	3	3	3177212	3177312	41.5	99.23	0.13	GCA_030685555.1|GCF_030685555.1
GCF_030685575.1	SOURCE_DATABASE_REFSEQ	Photobacterium leiognathi subsp. mandapamensis	48408	ajapo8.2		Chromosome	current		GCA_030685575.1	PRJNA998790	SAMN36714506	ajapo8.2			Acropoma japonicum	Japan: Suruga Bay	missing	2023-08-08	California Academy of Sciences	4886567	3	3	3261968	3262068	41	98.7	0.05	GCA_030685575.1|GCF_030685575.1
GCA_030689325.1	SOURCE_DATABASE_GENBANK	Photobacterium damselae subsp. piscicida	38294	QMA0784		Contig	current			PRJNA994685	SAMN36447278	QMA0784	not applicable	laboratory generated clone	not applicable	Australia: The University of Queensland	2022-10	2023-08-08	The University of Queensland	4513411	54	54	2513575	2513575	41	60.68	1.13	GCA_030689325.1
GCA_030689345.1	SOURCE_DATABASE_GENBANK	Photobacterium damselae subsp. piscicida	38294	QMA0785		Contig	current			PRJNA994685	SAMN36447279	QMA0785	not applicable	laboratory generated clone	not applicable	Australia: The University of Queensland	2022-10	2023-08-08	The University of Queensland	4480294	58	58	626690	626690	41	58.26	1.5	GCA_030689345.1
GCA_030689365.1	SOURCE_DATABASE_GENBANK	Photobacterium damselae subsp. piscicida	38294	QMA0781		Contig	current			PRJNA994685	SAMN36447276	QMA0781	not applicable	laboratory generated clone	not applicable	Australia: The University of Queensland	2022-10	2023-08-08	The University of Queensland	4386780	110	110	100495	100495	41	62.03	0.88	GCA_030689365.1
GCA_030689385.1	SOURCE_DATABASE_GENBANK	Photobacterium damselae subsp. piscicida	38294	QMA0780		Contig	current			PRJNA994685	SAMN36447275	QMA0780	not applicable	laboratory generated clone	not applicable	Australia: The University of Queensland	2022-10	2023-08-08	The University of Queensland	4428166	99	99	140424	140424	41	61.03	1.21	GCA_030689385.1
GCA_030689445.1	SOURCE_DATABASE_GENBANK	Photobacterium damselae subsp. piscicida	38294	QMA0783		Contig	current			PRJNA994685	SAMN36447277	QMA0783	not applicable	laboratory generated clone	not applicable	Australia: The University of Queensland	2022-10	2023-08-08	The University of Queensland	4515251	60	60	1228703	1228703	41	61.64	1.5	GCA_030689445.1
GCF_030716725.1	SOURCE_DATABASE_REFSEQ	Photobacterium leiognathi subsp. mandapamensis	48408	lsplen1.1		Scaffold	current		GCA_030716725.1	PRJNA998790	SAMN36714522	lsplen1.1			Eubleekeria splendens	Thailand: Gulf of Thailand	1967	2023-08-11	California Academy of Sciences	5292468	14	7	1177766	3284001	41	97.38	0.72	GCA_030716725.1|GCF_030716725.1
GCA_030716755.1	SOURCE_DATABASE_GENBANK	Photobacterium leiognathi subsp. mandapamensis	48408	LR-VIII.1		Scaffold	current			PRJNA998790	SAMN36714520	LR-VIII.1			Equulites rivulatus	Japan: Sagami Bay	1989	2023-08-11	California Academy of Sciences	5791416	111	21	62715	3699906	41.5	71.42	0.26	GCA_030716755.1
GCF_030716765.1	SOURCE_DATABASE_REFSEQ	Photobacterium kishitanii	318456	calba1.1		Scaffold	current		GCA_030716765.1	PRJNA998790	SAMN36714508	calba1.1			Chlorophthalmus albatrossis	Japan: Owase	2004	2023-08-11	California Academy of Sciences	5200973	18	7	840622	3263220	39	90.53	1.72	GCA_030716765.1|GCF_030716765.1
GCA_030716775.1	SOURCE_DATABASE_GENBANK	Photobacterium kishitanii	318456	ckamo1.1		Scaffold	current			PRJNA998790	SAMN36714509	ckamo1.1			Coelorinchus kamoharai	Japan: Owase	2004	2023-08-11	California Academy of Sciences	5039339	30	4	481211	3317370	39	61.58	2.21	GCA_030716775.1
GCF_030716825.1	SOURCE_DATABASE_REFSEQ	Photobacterium leiognathi subsp. mandapamensis	48408	ajapo8.1		Contig	current		GCA_030716825.1	PRJNA998790	SAMN36714505	ajapo8.1			Acropoma japonicum	Japan: Suruga Bay	missing	2023-08-11	California Academy of Sciences	4878649	4	4	3245602	3245602	41	98.84	0.05	GCA_030716825.1|GCF_030716825.1
GCF_030716845.1	SOURCE_DATABASE_REFSEQ	Photobacterium leiognathi subsp. mandapamensis	48408	lnuch19.1		Scaffold	current		GCA_030716845.1	PRJNA998790	SAMN36714519	lnuch19.1			Nuchequula nuchalis	Japan: Suruga Bay	2004	2023-08-11	California Academy of Sciences	5237683	11	5	1534541	3439577	41	97.98	1.72	GCA_030716845.1|GCF_030716845.1
GCF_030716865.1	SOURCE_DATABASE_REFSEQ	Photobacterium leiognathi subsp. mandapamensis	48408	StJ4.21		Scaffold	current		GCA_030716865.1	PRJNA998790	SAMN36714526	StJ4.21			Siphamia tubifer	Japan: Motobu, Okinawa	2019	2023-08-11	California Academy of Sciences	4877430	12	4	774181	3228436	41	94.92	0.39	GCA_030716865.1|GCF_030716865.1
GCF_030716875.1	SOURCE_DATABASE_REFSEQ	Photobacterium leiognathi	553611	LN-I.1		Scaffold	current		GCA_030716875.1	PRJNA998790	SAMN36714518	LN-I.1			Nuchequula nuchalis	Japan: Sagami Bay	1980	2023-08-11	California Academy of Sciences	5589437	31	16	454819	3496794	41.5	96.8	2.67	GCA_030716875.1|GCF_030716875.1
GCA_030716905.1	SOURCE_DATABASE_GENBANK	Photobacterium kishitanii	318456	pjapo1.1		Scaffold	current			PRJNA998790	SAMN36714525	pjapo1.1			Physiculus japonicus	Japan: Manazuru	1982	2023-08-11	California Academy of Sciences	5000498	42	4	286117	3339696	39.5	48.16	2.7	GCA_030716905.1
GCF_030716925.1	SOURCE_DATABASE_REFSEQ	Photobacterium leiognathi subsp. mandapamensis	48408	LF-1a		Scaffold	current		GCA_030716925.1	PRJNA998790	SAMN36714515	LF-1a			Aurigequula fasciata	Philippines: Manila Bay	1982	2023-08-11	California Academy of Sciences	5104659	16	5	715837	3267821	41	96.77	0.68	GCA_030716925.1|GCF_030716925.1
GCF_030716945.1	SOURCE_DATABASE_REFSEQ	Photobacterium leiognathi subsp. mandapamensis	48408	LN-1a		Scaffold	current		GCA_030716945.1	PRJNA998790	SAMN36714517	LN-1a			Nuchequula nuchalis	Japan: Sagami Bay	1980	2023-08-11	California Academy of Sciences	5174290	38	10	359929	3359026	41	92.46	0.88	GCA_030716945.1|GCF_030716945.1
GCF_030716965.1	SOURCE_DATABASE_REFSEQ	Photobacterium leiognathi	553611	ljone10.1		Scaffold	current		GCA_030716965.1	PRJNA998790	SAMN36714516	ljone10.1			Eubleekeria jonesi	Philippines: Iloilo	1999	2023-08-11	California Academy of Sciences	5276714	13	8	3074291	3313411	41.5	98.53	1.96	GCA_030716965.1|GCF_030716965.1
GCF_030716975.1	SOURCE_DATABASE_REFSEQ	Photobacterium leiognathi subsp. mandapamensis	48408	Kume1.3		Scaffold	current		GCA_030716975.1	PRJNA998790	SAMN36714513	Kume1.3			Siphamia tubifer	Japan: Kume Island	2014	2023-08-11	California Academy of Sciences	4818955	9	3	2926205	3185044	41	98.99	0.06	GCA_030716975.1|GCF_030716975.1
GCF_030716995.1	SOURCE_DATABASE_REFSEQ	Photobacterium leiognathi subsp. mandapamensis	48408	lequu1.1		Contig	current		GCA_030716995.1	PRJNA998790	SAMN36714514	lequu1.1			Leiognathus equula	Philippines: Manila Bay	1982	2023-08-11	California Academy of Sciences	4825624	4	4	3204041	3204041	41	98.26	0.31	GCA_030716995.1|GCF_030716995.1
GCF_030717005.1	SOURCE_DATABASE_REFSEQ	Photobacterium kishitanii	318456	ahane1.5		Scaffold	current		GCA_030717005.1	PRJNA998790	SAMN36714502	ahane1.5			Acropoma hanedai	Taiwan: Tungkang	2004	2023-08-11	California Academy of Sciences	5100844	10	5	2927850	3353657	39	91.5	3.64	GCA_030717005.1|GCF_030717005.1
GCA_030717385.1	SOURCE_DATABASE_GENBANK	Photobacterium leiognathi subsp. mandapamensis	48408	StP2.23		Scaffold	current			PRJNA998790	SAMN36714528	StP2.23			Siphamia tubifer	Philippines: Verde Island	2021	2023-08-11	California Academy of Sciences	4888897	43	4	179772	3236904	41	73.4	0.71	GCA_030717385.1
GCF_031851305.1	SOURCE_DATABASE_REFSEQ	Photobacterium arenosum	2774143	Chi5		Scaffold	current		GCA_031851305.1	PRJNA973009	SAMN35104158	Chi5		sea water sample		Belgium: Oostende	2007-06-21	2023-09-23	BlueCC	4875519	11	5	1274051	2700155	50	87.39	2.09	GCA_031851305.1|GCF_031851305.1
GCF_033022775.1	SOURCE_DATABASE_REFSEQ	Photobacterium rosenbergii	294936	HSC6		Scaffold	current		GCA_033022775.1	PRJNA1029778	SAMN37879167	HSC6			horseshoe crab	Malaysia	2014	2023-10-24	Universiti Malaysia Terengganu	5948112	86	82	601404	613405	48.5	96.54	5.76	GCA_033022775.1|GCF_033022775.1
GCF_033446985.1	SOURCE_DATABASE_REFSEQ	Photobacterium leiognathi subsp. mandapamensis	48408	Ph.Z2		Scaffold	current		GCA_033446985.1	PRJNA1028546	SAMN37845260	Ph.Z2			Siphamia tubifer	Philippines	2021	2023-11-08	California Academy of Sciences	4766501	62	52	205073	1121830	41	99.06	1.2	GCA_033446985.1|GCF_033446985.1
GCF_033447015.1	SOURCE_DATABASE_REFSEQ	Photobacterium leiognathi subsp. mandapamensis	48408	Ph.Y		Scaffold	current		GCA_033447015.1	PRJNA1028546	SAMN37845258	Ph.Y			Siphamia tubifer	Philippines	2021	2023-11-08	California Academy of Sciences	4653018	70	66	210631	210631	41	99.37	0.4	GCA_033447015.1|GCF_033447015.1
GCF_033447345.1	SOURCE_DATABASE_REFSEQ	Photobacterium leiognathi subsp. mandapamensis	48408	Ph.W2		Scaffold	current		GCA_033447345.1	PRJNA1028546	SAMN37845256	Ph.W2			Siphamia tubifer	Philippines	2021	2023-11-08	California Academy of Sciences	4787016	80	76	215946	368105	41	99.37	0.81	GCA_033447345.1|GCF_033447345.1
GCF_033447365.1	SOURCE_DATABASE_REFSEQ	Photobacterium leiognathi subsp. mandapamensis	48408	Ph.Z1		Scaffold	current		GCA_033447365.1	PRJNA1028546	SAMN37845259	Ph.Z1			Siphamia tubifer	Philippines	2021	2023-11-08	California Academy of Sciences	4765800	54	48	429355	1121724	41	99.06	1.2	GCA_033447365.1|GCF_033447365.1
GCF_033447385.1	SOURCE_DATABASE_REFSEQ	Photobacterium leiognathi subsp. mandapamensis	48408	Ph.V		Scaffold	current		GCA_033447385.1	PRJNA1028546	SAMN37845254	Ph.V			Siphamia tubifer	Philippines	2021	2023-11-08	California Academy of Sciences	4608494	81	72	391622	391622	41	99.37	0.52	GCA_033447385.1|GCF_033447385.1
GCF_033447395.1	SOURCE_DATABASE_REFSEQ	Photobacterium leiognathi subsp. mandapamensis	48408	Ph.X		Scaffold	current		GCA_033447395.1	PRJNA1028546	SAMN37845257	Ph.X			Siphamia tubifer	Philippines	2021	2023-11-08	California Academy of Sciences	4664593	89	84	180748	202503	41	99.68	2.15	GCA_033447395.1|GCF_033447395.1
GCF_033447415.1	SOURCE_DATABASE_REFSEQ	Photobacterium leiognathi subsp. mandapamensis	48408	Ph.W1		Scaffold	current		GCA_033447415.1	PRJNA1028546	SAMN37845255	Ph.W1			Siphamia tubifer	Philippines	2021	2023-11-08	California Academy of Sciences	4790941	81	77	215946	368105	41	99.37	0.81	GCA_033447415.1|GCF_033447415.1
GCF_033447445.1	SOURCE_DATABASE_REFSEQ	Photobacterium leiognathi subsp. mandapamensis	48408	Ph.T		Scaffold	current		GCA_033447445.1	PRJNA1028546	SAMN37845252	Ph.T			Siphamia tubifer	Philippines	2021	2023-11-08	California Academy of Sciences	4655885	60	56	209799	249410	41	99.68	0.52	GCA_033447445.1|GCF_033447445.1
GCF_033447465.1	SOURCE_DATABASE_REFSEQ	Photobacterium leiognathi subsp. mandapamensis	48408	Ph.S		Scaffold	current		GCA_033447465.1	PRJNA1028546	SAMN37845251	Ph.S			Siphamia tubifer	Philippines	2021	2023-11-08	California Academy of Sciences	4652324	65	60	338978	403700	41	99.37	0.06	GCA_033447465.1|GCF_033447465.1
GCA_033447485.1	SOURCE_DATABASE_GENBANK	Photobacterium leiognathi subsp. mandapamensis	48408	Ph.U		Scaffold	current			PRJNA1028546	SAMN37845253	Ph.U			Siphamia tubifer	Philippines	2021	2023-11-08	California Academy of Sciences	5558426	3272	2822	4957	16191	41			GCA_033447485.1
GCF_033447495.1	SOURCE_DATABASE_REFSEQ	Photobacterium leiognathi subsp. mandapamensis	48408	Ph.R2		Scaffold	current		GCA_033447495.1	PRJNA1028546	SAMN37845250	Ph.R2			Siphamia tubifer	Philippines	2021	2023-11-08	California Academy of Sciences	4799748	82	75	305931	364653	41	99.37	0.52	GCA_033447495.1|GCF_033447495.1
GCF_033447505.1	SOURCE_DATABASE_REFSEQ	Photobacterium leiognathi subsp. mandapamensis	48408	Ph.R1		Scaffold	current		GCA_033447505.1	PRJNA1028546	SAMN37845249	Ph.R1			Siphamia tubifer	Philippines	2021	2023-11-08	California Academy of Sciences	4800215	75	69	305931	521464	41	99.37	0.52	GCA_033447505.1|GCF_033447505.1
GCF_033447565.1	SOURCE_DATABASE_REFSEQ	Photobacterium leiognathi subsp. mandapamensis	48408	Ph.P		Scaffold	current		GCA_033447565.1	PRJNA1028546	SAMN37845247	Ph.P			Siphamia tubifer	Philippines	2021	2023-11-08	California Academy of Sciences	4684182	64	57	220419	220419	41	99.68	0.31	GCA_033447565.1|GCF_033447565.1
GCF_033447585.1	SOURCE_DATABASE_REFSEQ	Photobacterium leiognathi subsp. mandapamensis	48408	Ph.N		Scaffold	current		GCA_033447585.1	PRJNA1028546	SAMN37845245	Ph.N			Siphamia tubifer	Philippines	2021	2023-11-08	California Academy of Sciences	4680880	76	69	201885	401911	41	99.37		GCA_033447585.1|GCF_033447585.1
GCF_033447605.1	SOURCE_DATABASE_REFSEQ	Photobacterium leiognathi subsp. mandapamensis	48408	Ph.M		Scaffold	current		GCA_033447605.1	PRJNA1028546	SAMN37845244	Ph.M			Siphamia tubifer	Philippines	2021	2023-11-08	California Academy of Sciences	4904458	84	78	203954	203954	41	98.96	0.98	GCA_033447605.1|GCF_033447605.1
GCF_033447615.1	SOURCE_DATABASE_REFSEQ	Photobacterium leiognathi subsp. mandapamensis	48408	Ph.O		Scaffold	current		GCA_033447615.1	PRJNA1028546	SAMN37845246	Ph.O			Siphamia tubifer	Philippines	2021	2023-11-08	California Academy of Sciences	4615287	66	60	236978	249463	41	99.37		GCA_033447615.1|GCF_033447615.1
GCF_033447645.1	SOURCE_DATABASE_REFSEQ	Photobacterium leiognathi subsp. mandapamensis	48408	Ph.L		Scaffold	current		GCA_033447645.1	PRJNA1028546	SAMN37845243	Ph.L			Siphamia tubifer	Philippines	2021	2023-11-08	California Academy of Sciences	4858685	94	90	245463	400813	41	99.37	0.67	GCA_033447645.1|GCF_033447645.1
GCF_033447665.1	SOURCE_DATABASE_REFSEQ	Photobacterium leiognathi subsp. mandapamensis	48408	Ph.K		Scaffold	current		GCA_033447665.1	PRJNA1028546	SAMN37845242	Ph.K			Siphamia tubifer	Philippines	2021	2023-11-08	California Academy of Sciences	4622043	76	70	183601	200522	41	99.37	0.31	GCA_033447665.1|GCF_033447665.1
GCF_033447685.1	SOURCE_DATABASE_REFSEQ	Photobacterium leiognathi subsp. mandapamensis	48408	Ph.H		Scaffold	current		GCA_033447685.1	PRJNA1028546	SAMN37845239	Ph.H			Siphamia tubifer	Philippines	2021	2023-11-08	California Academy of Sciences	4632262	80	74	177209	189938	41	99.68	0.06	GCA_033447685.1|GCF_033447685.1
GCF_033447695.1	SOURCE_DATABASE_REFSEQ	Photobacterium leiognathi subsp. mandapamensis	48408	Ph.I		Scaffold	current		GCA_033447695.1	PRJNA1028546	SAMN37845240	Ph.I			Siphamia tubifer	Philippines	2021	2023-11-08	California Academy of Sciences	4629860	62	59	285684	291015	41	99.37	0.21	GCA_033447695.1|GCF_033447695.1
GCF_033447745.1	SOURCE_DATABASE_REFSEQ	Photobacterium leiognathi subsp. mandapamensis	48408	Ph.GG		Scaffold	current		GCA_033447745.1	PRJNA1028546	SAMN37845238	Ph.GG			Siphamia tubifer	Philippines	2021	2023-11-08	California Academy of Sciences	4823912	77	72	198526	217170	41	99.37	0.77	GCA_033447745.1|GCF_033447745.1
GCF_033447755.1	SOURCE_DATABASE_REFSEQ	Photobacterium leiognathi subsp. mandapamensis	48408	Ph.G		Scaffold	current		GCA_033447755.1	PRJNA1028546	SAMN37845237	Ph.G			Siphamia tubifer	Philippines	2021	2023-11-08	California Academy of Sciences	4644030	60	54	444648	444648	41	99.68	0.13	GCA_033447755.1|GCF_033447755.1
GCF_033447785.1	SOURCE_DATABASE_REFSEQ	Photobacterium leiognathi subsp. mandapamensis	48408	Ph.FF		Scaffold	current		GCA_033447785.1	PRJNA1028546	SAMN37845236	Ph.FF			Siphamia tubifer	Philippines	2021	2023-11-08	California Academy of Sciences	4701373	75	67	181244	265788	41	99.68		GCA_033447785.1|GCF_033447785.1
GCF_033447825.1	SOURCE_DATABASE_REFSEQ	Photobacterium leiognathi subsp. mandapamensis	48408	Ph.EE		Scaffold	current		GCA_033447825.1	PRJNA1028546	SAMN37845234	Ph.EE			Siphamia tubifer	Philippines	2021	2023-11-08	California Academy of Sciences	4588887	62	58	247357	247357	41	99.06	0.54	GCA_033447825.1|GCF_033447825.1
GCF_033447845.1	SOURCE_DATABASE_REFSEQ	Photobacterium leiognathi subsp. mandapamensis	48408	Ph.E		Scaffold	current		GCA_033447845.1	PRJNA1028546	SAMN37845233	Ph.E			Siphamia tubifer	Philippines	2021	2023-11-08	California Academy of Sciences	4611869	81	77	200131	202503	41	99.68	0.31	GCA_033447845.1|GCF_033447845.1
GCF_033447865.1	SOURCE_DATABASE_REFSEQ	Photobacterium leiognathi subsp. mandapamensis	48408	Ph.DD1		Scaffold	current		GCA_033447865.1	PRJNA1028546	SAMN37845231	Ph.DD1			Siphamia tubifer	Philippines	2021	2023-11-08	California Academy of Sciences	4808907	75	70	314622	388815	41	99.37	0.45	GCA_033447865.1|GCF_033447865.1
GCF_033447885.1	SOURCE_DATABASE_REFSEQ	Photobacterium leiognathi subsp. mandapamensis	48408	Ph.CC		Scaffold	current		GCA_033447885.1	PRJNA1028546	SAMN37845229	Ph.CC			Siphamia tubifer	Philippines	2021	2023-11-08	California Academy of Sciences	4575228	59	56	228387	248613	41	99.29		GCA_033447885.1|GCF_033447885.1
GCF_033447905.1	SOURCE_DATABASE_REFSEQ	Photobacterium leiognathi subsp. mandapamensis	48408	Ph.C		Scaffold	current		GCA_033447905.1	PRJNA1028546	SAMN37845228	Ph.C			Siphamia tubifer	Philippines	2021	2023-11-08	California Academy of Sciences	4827732	97	92	146389	195707	41	99.06	0.87	GCA_033447905.1|GCF_033447905.1
GCF_033447925.1	SOURCE_DATABASE_REFSEQ	Photobacterium leiognathi subsp. mandapamensis	48408	Ph.D		Scaffold	current		GCA_033447925.1	PRJNA1028546	SAMN37845230	Ph.D			Siphamia tubifer	Philippines	2021	2023-11-08	California Academy of Sciences	4691513	98	86	113794	178309	41	99.06	0.37	GCA_033447925.1|GCF_033447925.1
GCF_033447945.1	SOURCE_DATABASE_REFSEQ	Photobacterium leiognathi subsp. mandapamensis	48408	Ph.BB2		Scaffold	current		GCA_033447945.1	PRJNA1028546	SAMN37845227	Ph.BB2			Siphamia tubifer	Philippines	2021	2023-11-08	California Academy of Sciences	4810529	89	84	177452	202546	41	99.37	1.1	GCA_033447945.1|GCF_033447945.1
GCF_033447965.1	SOURCE_DATABASE_REFSEQ	Photobacterium leiognathi subsp. mandapamensis	48408	Ph.BB1		Scaffold	current		GCA_033447965.1	PRJNA1028546	SAMN37845226	Ph.BB1			Siphamia tubifer	Philippines	2021	2023-11-08	California Academy of Sciences	4812929	104	98	162678	176323	41	99.37	1.1	GCA_033447965.1|GCF_033447965.1
GCF_033447985.1	SOURCE_DATABASE_REFSEQ	Photobacterium leiognathi subsp. mandapamensis	48408	Ph.HH		Scaffold	current		GCA_033447985.1	PRJNA1028546	SAMN37845225	Ph.HH			Siphamia tubifer	Philippines	2021	2023-11-08	California Academy of Sciences	4601508	78	70	200637	200637	41	99.37	0.52	GCA_033447985.1|GCF_033447985.1
GCF_033448005.1	SOURCE_DATABASE_REFSEQ	Photobacterium leiognathi subsp. mandapamensis	48408	Ph.B1		Scaffold	current		GCA_033448005.1	PRJNA1028546	SAMN37845224	Ph.B1			Siphamia tubifer	Philippines	2021	2023-11-08	California Academy of Sciences	4592055	59	54	511358	1154514	41	99.37	0.09	GCA_033448005.1|GCF_033448005.1
GCF_033448025.1	SOURCE_DATABASE_REFSEQ	Photobacterium leiognathi subsp. mandapamensis	48408	Ph.AA		Scaffold	current		GCA_033448025.1	PRJNA1028546	SAMN37845223	Ph.AA			Siphamia tubifer	Philippines	2021	2023-11-08	California Academy of Sciences	4943419	86	74	200033	254015	41	99.37	0.86	GCA_033448025.1|GCF_033448025.1
GCF_033448045.1	SOURCE_DATABASE_REFSEQ	Photobacterium leiognathi subsp. mandapamensis	48408	Ph.A		Scaffold	current		GCA_033448045.1	PRJNA1028546	SAMN37845222	Ph.A			Siphamia tubifer	Philippines	2021	2023-11-08	California Academy of Sciences	4658958	90	83	202767	202767	41	99.37	0.06	GCA_033448045.1|GCF_033448045.1
GCF_033448065.1	SOURCE_DATABASE_REFSEQ	Photobacterium leiognathi subsp. mandapamensis	48408	Jp.Y		Scaffold	current		GCA_033448065.1	PRJNA1028546	SAMN37845220	Jp.Y			Siphamia tubifer	Japan	2019	2023-11-08	California Academy of Sciences	4678464	64	57	269264	349765	41	99.37	0.46	GCA_033448065.1|GCF_033448065.1
GCF_033448085.1	SOURCE_DATABASE_REFSEQ	Photobacterium leiognathi subsp. mandapamensis	48408	Jp.Z		Scaffold	current		GCA_033448085.1	PRJNA1028546	SAMN37845221	Jp.Z			Siphamia tubifer	Japan	2019	2023-11-08	California Academy of Sciences	4648227	94	85	163366	190394	41	99.37	0.43	GCA_033448085.1|GCF_033448085.1
GCF_033448105.1	SOURCE_DATABASE_REFSEQ	Photobacterium leiognathi subsp. mandapamensis	48408	Jp.X		Scaffold	current		GCA_033448105.1	PRJNA1028546	SAMN37845219	Jp.X			Siphamia tubifer	Japan	2019	2023-11-08	California Academy of Sciences	4738216	99	90	211442	310493	41	99.37	0.69	GCA_033448105.1|GCF_033448105.1
GCF_033448125.1	SOURCE_DATABASE_REFSEQ	Photobacterium leiognathi subsp. mandapamensis	48408	Jp.W		Scaffold	current		GCA_033448125.1	PRJNA1028546	SAMN37845218	Jp.W			Siphamia tubifer	Japan	2019	2023-11-08	California Academy of Sciences	4631849	78	69	202363	386528	41	99.37	0.98	GCA_033448125.1|GCF_033448125.1
GCF_033448145.1	SOURCE_DATABASE_REFSEQ	Photobacterium leiognathi subsp. mandapamensis	48408	Jp.V		Scaffold	current		GCA_033448145.1	PRJNA1028546	SAMN37845217	Jp.V			Siphamia tubifer	Japan	2019	2023-11-08	California Academy of Sciences	4738247	95	87	226142	310493	41	99.37	0.69	GCA_033448145.1|GCF_033448145.1
GCF_033448165.1	SOURCE_DATABASE_REFSEQ	Photobacterium leiognathi subsp. mandapamensis	48408	Jp.U2b		Scaffold	current		GCA_033448165.1	PRJNA1028546	SAMN37845216	Jp.U2b			Siphamia tubifer	Japan	2019	2023-11-08	California Academy of Sciences	4728810	84	76	191445	354120	41	99.37	1.02	GCA_033448165.1|GCF_033448165.1
GCF_033448185.1	SOURCE_DATABASE_REFSEQ	Photobacterium leiognathi subsp. mandapamensis	48408	Jp.U2a		Scaffold	current		GCA_033448185.1	PRJNA1028546	SAMN37845215	Jp.U2a			Siphamia tubifer	Japan	2019	2023-11-08	California Academy of Sciences	4729336	88	79	196104	354120	41	99.37	1.02	GCA_033448185.1|GCF_033448185.1
GCF_033448215.1	SOURCE_DATABASE_REFSEQ	Photobacterium leiognathi subsp. mandapamensis	48408	Jp.S		Scaffold	current		GCA_033448215.1	PRJNA1028546	SAMN37845213	Jp.S			Siphamia tubifer	Japan	2019	2023-11-08	California Academy of Sciences	4667868	84	76	160714	243266	41	99.37	0.31	GCA_033448215.1|GCF_033448215.1
GCF_033448245.1	SOURCE_DATABASE_REFSEQ	Photobacterium leiognathi subsp. mandapamensis	48408	Jp.R		Scaffold	current		GCA_033448245.1	PRJNA1028546	SAMN37845212	Jp.R			Siphamia tubifer	Japan	2019	2023-11-08	California Academy of Sciences	4746017	105	97	203453	207681	41	99.37	0.69	GCA_033448245.1|GCF_033448245.1
GCF_033448265.1	SOURCE_DATABASE_REFSEQ	Photobacterium leiognathi subsp. mandapamensis	48408	Jp.Q		Scaffold	current		GCA_033448265.1	PRJNA1028546	SAMN37845211	Jp.Q			Siphamia tubifer	Japan	2019	2023-11-08	California Academy of Sciences	4834786	80	72	207030	215807	41	99.06	0.38	GCA_033448265.1|GCF_033448265.1
GCF_033448285.1	SOURCE_DATABASE_REFSEQ	Photobacterium leiognathi subsp. mandapamensis	48408	Jp.P		Scaffold	current		GCA_033448285.1	PRJNA1028546	SAMN37845210	Jp.P			Siphamia tubifer	Japan	2019	2023-11-08	California Academy of Sciences	4734355	98	87	163029	307439	41	99.37	0.31	GCA_033448285.1|GCF_033448285.1
GCF_033448305.1	SOURCE_DATABASE_REFSEQ	Photobacterium leiognathi subsp. mandapamensis	48408	Jp.O		Scaffold	current		GCA_033448305.1	PRJNA1028546	SAMN37845209	Jp.O			Siphamia tubifer	Japan	2019	2023-11-08	California Academy of Sciences	4632111	77	69	317838	317838	41	99.37	0.98	GCA_033448305.1|GCF_033448305.1
GCF_033448325.1	SOURCE_DATABASE_REFSEQ	Photobacterium leiognathi subsp. mandapamensis	48408	Jp.N		Scaffold	current		GCA_033448325.1	PRJNA1028546	SAMN37845208	Jp.N			Siphamia tubifer	Japan	2019	2023-11-08	California Academy of Sciences	4633745	88	81	178322	181071	41	99.37	0.06	GCA_033448325.1|GCF_033448325.1
GCF_033448345.1	SOURCE_DATABASE_REFSEQ	Photobacterium leiognathi subsp. mandapamensis	48408	Jp.K		Scaffold	current		GCA_033448345.1	PRJNA1028546	SAMN37845204	Jp.K			Siphamia tubifer	Japan	2019	2023-11-08	California Academy of Sciences	5322161	116	103	226677	496142	40.5	99.68	1.94	GCA_033448345.1|GCF_033448345.1
GCF_033448365.1	SOURCE_DATABASE_REFSEQ	Photobacterium leiognathi subsp. mandapamensis	48408	Jp.L1		Scaffold	current		GCA_033448365.1	PRJNA1028546	SAMN37845205	Jp.L1			Siphamia tubifer	Japan	2019	2023-11-08	California Academy of Sciences	4794936	118	109	207071	326307	41	99.06	0.64	GCA_033448365.1|GCF_033448365.1
GCF_033448385.1	SOURCE_DATABASE_REFSEQ	Photobacterium leiognathi subsp. mandapamensis	48408	Jp.J		Scaffold	current		GCA_033448385.1	PRJNA1028546	SAMN37845203	Jp.J			Siphamia tubifer	Japan	2019	2023-11-08	California Academy of Sciences	4760907	86	76	198725	217657	41	99.68	0.34	GCA_033448385.1|GCF_033448385.1
GCF_033448405.1	SOURCE_DATABASE_REFSEQ	Photobacterium leiognathi subsp. mandapamensis	48408	Jp.H2		Scaffold	current		GCA_033448405.1	PRJNA1028546	SAMN37845201	Jp.H2			Siphamia tubifer	Japan	2019	2023-11-08	California Academy of Sciences	4786665	118	110	163473	206596	41	99.37	0.45	GCA_033448405.1|GCF_033448405.1
GCF_033448425.1	SOURCE_DATABASE_REFSEQ	Photobacterium leiognathi subsp. mandapamensis	48408	Jp.I		Scaffold	current		GCA_033448425.1	PRJNA1028546	SAMN37845202	Jp.I			Siphamia tubifer	Japan	2019	2023-11-08	California Academy of Sciences	4711543	96	88	178048	208869	41	99.68	0.49	GCA_033448425.1|GCF_033448425.1
GCF_033448445.1	SOURCE_DATABASE_REFSEQ	Photobacterium leiognathi subsp. mandapamensis	48408	Jp.H1		Scaffold	current		GCA_033448445.1	PRJNA1028546	SAMN37845200	Jp.H1			Siphamia tubifer	Japan	2019	2023-11-08	California Academy of Sciences	4786773	120	111	163666	206596	41	99.37	0.45	GCA_033448445.1|GCF_033448445.1
GCF_033448465.1	SOURCE_DATABASE_REFSEQ	Photobacterium leiognathi subsp. mandapamensis	48408	Jp.G		Scaffold	current		GCA_033448465.1	PRJNA1028546	SAMN37845199	Jp.G			Siphamia tubifer	Japan	2019	2023-11-08	California Academy of Sciences	4821179	137	126	163837	204319	41	99.37	0.36	GCA_033448465.1|GCF_033448465.1
GCF_033448485.1	SOURCE_DATABASE_REFSEQ	Photobacterium leiognathi subsp. mandapamensis	48408	Jp.E		Scaffold	current		GCA_033448485.1	PRJNA1028546	SAMN37845197	Jp.E			Siphamia tubifer	Japan	2019	2023-11-08	California Academy of Sciences	4662679	90	83	173491	179245	41	99.02	0.3	GCA_033448485.1|GCF_033448485.1
GCF_033448505.1	SOURCE_DATABASE_REFSEQ	Photobacterium leiognathi subsp. mandapamensis	48408	Jp.F		Scaffold	current		GCA_033448505.1	PRJNA1028546	SAMN37845198	Jp.F			Siphamia tubifer	Japan	2019	2023-11-08	California Academy of Sciences	4824024	106	99	262544	305921	41	99.37	0.36	GCA_033448505.1|GCF_033448505.1
GCF_033448525.1	SOURCE_DATABASE_REFSEQ	Photobacterium leiognathi subsp. mandapamensis	48408	Jp.DD		Scaffold	current		GCA_033448525.1	PRJNA1028546	SAMN37845196	Jp.DD			Siphamia tubifer	Japan	2019	2023-11-08	California Academy of Sciences	5041853	92	85	207580	404603	41	99.68	1.38	GCA_033448525.1|GCF_033448525.1
GCF_033448545.1	SOURCE_DATABASE_REFSEQ	Photobacterium leiognathi subsp. mandapamensis	48408	Jp.CC		Scaffold	current		GCA_033448545.1	PRJNA1028546	SAMN37845194	Jp.CC			Siphamia tubifer	Japan	2019	2023-11-08	California Academy of Sciences	4750584	94	89	154168	161660	41	99.06	0.09	GCA_033448545.1|GCF_033448545.1
GCF_033448555.1	SOURCE_DATABASE_REFSEQ	Photobacterium leiognathi subsp. mandapamensis	48408	Jp.D		Scaffold	current		GCA_033448555.1	PRJNA1028546	SAMN37845195	Jp.D			Siphamia tubifer	Japan	2019	2023-11-08	California Academy of Sciences	4633184	71	70	181373	227023	41	99.06	0.65	GCA_033448555.1|GCF_033448555.1
GCF_033448585.1	SOURCE_DATABASE_REFSEQ	Photobacterium leiognathi subsp. mandapamensis	48408	Jp.B		Scaffold	current		GCA_033448585.1	PRJNA1028546	SAMN37845191	Jp.B			Siphamia tubifer	Japan	2019	2023-11-08	California Academy of Sciences	4675262	92	80	164568	267862	41	99.68	0.06	GCA_033448585.1|GCF_033448585.1
GCF_033448605.1	SOURCE_DATABASE_REFSEQ	Photobacterium leiognathi subsp. mandapamensis	48408	Jp.C		Scaffold	current		GCA_033448605.1	PRJNA1028546	SAMN37845193	Jp.C			Siphamia tubifer	Japan	2019	2023-11-08	California Academy of Sciences	4795641	111	103	269627	362112	41	99.06	0.64	GCA_033448605.1|GCF_033448605.1
GCF_033448625.1	SOURCE_DATABASE_REFSEQ	Photobacterium leiognathi subsp. mandapamensis	48408	Jp.BB		Scaffold	current		GCA_033448625.1	PRJNA1028546	SAMN37845192	Jp.BB			Siphamia tubifer	Japan	2019	2023-11-08	California Academy of Sciences	4760539	74	68	337251	568889	41	99.37	0.06	GCA_033448625.1|GCF_033448625.1
GCF_033448645.1	SOURCE_DATABASE_REFSEQ	Photobacterium leiognathi subsp. mandapamensis	48408	Jp.M		Scaffold	current		GCA_033448645.1	PRJNA1028546	SAMN37845207	Jp.M			Siphamia tubifer	Japan	2019	2023-11-08	California Academy of Sciences	4615724	67	60	238294	246235	41	99.37	0.31	GCA_033448645.1|GCF_033448645.1
GCF_033448665.1	SOURCE_DATABASE_REFSEQ	Photobacterium leiognathi subsp. mandapamensis	48408	Jp.L2		Scaffold	current		GCA_033448665.1	PRJNA1028546	SAMN37845206	Jp.L2			Siphamia tubifer	Japan	2019	2023-11-08	California Academy of Sciences	4768826	75	70	380517	380517	41	99.37	0.37	GCA_033448665.1|GCF_033448665.1
GCF_033448685.1	SOURCE_DATABASE_REFSEQ	Photobacterium leiognathi subsp. mandapamensis	48408	Jp.AA		Scaffold	current		GCA_033448685.1	PRJNA1028546	SAMN37845190	Jp.AA			Siphamia tubifer	Japan	2019	2023-11-08	California Academy of Sciences	4699697	57	52	1153939	1153939	41	99.68	0.4	GCA_033448685.1|GCF_033448685.1
GCF_033448705.1	SOURCE_DATABASE_REFSEQ	Photobacterium leiognathi subsp. mandapamensis	48408	Jp.A		Scaffold	current		GCA_033448705.1	PRJNA1028546	SAMN37845189	Jp.A			Siphamia tubifer	Japan	2019	2023-11-08	California Academy of Sciences	4637541	69	60	296006	308392	41	99.37	0.21	GCA_033448705.1|GCF_033448705.1
GCF_033458845.1	SOURCE_DATABASE_REFSEQ	Photobacterium leiognathi subsp. mandapamensis	48408	Ph.DD2		Scaffold	current		GCA_033458845.1	PRJNA1028546	SAMN37845232	Ph.DD2			Siphamia tubifer	Philippines	2021	2023-11-08	California Academy of Sciences	4809796	71	65	314622	314622	41	99.37	0.45	GCA_033458845.1|GCF_033458845.1
GCF_033458905.1	SOURCE_DATABASE_REFSEQ	Photobacterium leiognathi subsp. mandapamensis	48408	Ph.F		Scaffold	current		GCA_033458905.1	PRJNA1028546	SAMN37845235	Ph.F			Siphamia tubifer	Philippines	2021	2023-11-08	California Academy of Sciences	4636312	73	67	285684	291015	41	99.37	0.21	GCA_033458905.1|GCF_033458905.1
GCF_036040035.1	SOURCE_DATABASE_REFSEQ	Photobacterium sp. S4TG1	3114587	S4TG1		Contig	current		GCA_036040035.1	PRJNA1065002	SAMN39448737	S4TG1		aquaculture marine pens	Salmo salar	Australia: Tasmania	2018	2024-01-24	University Of Tasmania, Tasmania Inst Agriculture	4429847	74	74	193899	193899	39	96.68	1.27	GCA_036040035.1|GCF_036040035.1
GCF_036040095.1	SOURCE_DATABASE_REFSEQ	Photobacterium toruni	1935446	S3MW1		Contig	current		GCA_036040095.1	PRJNA1065002	SAMN39448736	S3MW1		aquaculture marine pens	Salmo salar	Australia: Tasmania	2018	2024-01-24	University Of Tasmania, Tasmania Inst Agriculture	4332378	87	87	214012	214012	38.5	95.71	0.82	GCA_036040095.1|GCF_036040095.1
GCF_036040135.1	SOURCE_DATABASE_REFSEQ	Photobacterium toruni	1935446	S2MW2		Contig	current		GCA_036040135.1	PRJNA1065002	SAMN39448735	S2MW2		aquaculture marine pens	Salmo salar	Australia: Tasmania	2018	2024-01-24	University Of Tasmania, Tasmania Inst Agriculture	4293047	131	131	164242	164242	38.5	95.69	0.94	GCA_036040135.1|GCF_036040135.1
GCF_036040195.1	SOURCE_DATABASE_REFSEQ	Photobacterium piscicola	1378299	S5TY1		Contig	current		GCA_036040195.1	PRJNA1065002	SAMN39448734	S5TY1		aquaculture marine pens	Salmo salar	Australia: Tasmania	2018	2024-01-24	University Of Tasmania, Tasmania Inst Agriculture	4054128	69	69	373931	373931	39	96.57	1.3	GCA_036040195.1|GCF_036040195.1
GCF_036040205.1	SOURCE_DATABASE_REFSEQ	Photobacterium piscicola	1378299	S4MW1		Contig	current		GCA_036040205.1	PRJNA1065002	SAMN39448733	S4MW1		aquaculture marine pens	Salmo salar	Australia: Tasmania	2018	2024-01-24	University Of Tasmania, Tasmania Inst Agriculture	4193498	90	90	213474	213474	39	96.88	1.24	GCA_036040205.1|GCF_036040205.1
GCF_036040255.1	SOURCE_DATABASE_REFSEQ	Photobacterium piscicola	1378299	S2TG4		Contig	current		GCA_036040255.1	PRJNA1065002	SAMN39448732	S2TG4		aquaculture marine pens	Salmo salar	Australia: Tasmania	2018	2024-01-24	University Of Tasmania, Tasmania Inst Agriculture	4163179	65	65	390154	390154	39	96.73	0.93	GCA_036040255.1|GCF_036040255.1
GCF_036040395.1	SOURCE_DATABASE_REFSEQ	Photobacterium piscicola	1378299	S1MW1		Contig	current		GCA_036040395.1	PRJNA1065002	SAMN39448731	S1MW1		aquaculture marine pens	Salmo salar	Australia: Tasmania	2018	2024-01-24	University Of Tasmania, Tasmania Inst Agriculture	4389969	81	81	205459	205459	39	96.93	1.05	GCA_036040395.1|GCF_036040395.1
GCF_036409375.1	SOURCE_DATABASE_REFSEQ	Photobacterium sp. 53610	3102789	53610		Contig	current		GCA_036409375.1	PRJNA1047325	SAMN38529896	53610		mangrove sediment		China: Mangrove	2022-12-31	2024-02-05	Tsinghua Shenzhen International graduate School	4980532	36	36	511669	511669	50.5	90.19	3.26	GCA_036409375.1|GCF_036409375.1
GCF_036533535.1	SOURCE_DATABASE_REFSEQ	Photobacterium damselae	38293	M270202		Contig	current		GCA_036533535.1	PRJNA984245	SAMN32661465	M270202		stomach	Penaeus vannamei	Mexico: Mazatlan	2022-06-30	2024-02-09	CIAD, A.C.	4181775	898	898	8680	8680	41	96.87	1.93	GCA_036533535.1|GCF_036533535.1
GCA_036533615.1	SOURCE_DATABASE_GENBANK	Photobacterium damselae	38293	M270102		Contig	current			PRJNA984245	SAMN32661464	M270102		stomach	Penaeus vannamei	Mexico: Mazatlan	2022-06-30	2024-02-09	CIAD, A.C.	4190889	2635	2635	2227	2227	41			GCA_036533615.1
GCF_037162255.1	SOURCE_DATABASE_REFSEQ	Photobacterium sp. Hal280	3035163	Hal280		Scaffold	current		GCA_037162255.1	PRJNA944971	SAMN33769428	Hal280			Halichondria panicea	Baltic Sea	missing	2024-03-14	GEOMAR Helmholtz Centre for Ocean Research	4798543	6	5	1470215	2902238	51	84.33	2.51	GCA_037162255.1|GCF_037162255.1
GCF_037389125.1	SOURCE_DATABASE_REFSEQ	Photobacterium sp. MCCC 1A19761	3115000	MCCC 1A19761		Contig	current		GCA_037389125.1	PRJNA1066064	SAMN39480471	MCCC 1A19761		soil		China	2023-02	2024-03-19	Third Institute of Marine Research, Ministry of Natural Resources	5292385	75	75	221949	221949	53.5	94.13	4.25	GCA_037389125.1|GCF_037389125.1
GCF_037997135.1	SOURCE_DATABASE_REFSEQ	Photobacterium damselae subsp. piscicida	38294	NH-LM2		Complete Genome	current		GCA_037997135.1	PRJNA1065301	SAMN39457711	NH-LM2			Lateolabrax maculatus	China: Bohai Bay	2020-09	2024-04-07	Yantai University	4893975	5	5	3176321	3176321	41	99.53	0.92	GCA_037997135.1|GCF_037997135.1
GCF_038086615.1	SOURCE_DATABASE_REFSEQ	Photobacterium damselae subsp. damselae	85581	WMD-P1		Complete Genome	current		GCA_038086615.1	PRJNA1083106	SAMN40232838	WMD-P1	missing	shrimp farm	Penaeus japonicus	Japan	2022	2024-04-12	Tokyo University of Marine Science and Technology	4598240	3	3	3270178	3270178	41	99.27	0.61	GCA_038086615.1|GCF_038086615.1
GCF_038086725.1	SOURCE_DATABASE_REFSEQ	Photobacterium damselae subsp. damselae	85581	WMD-P2		Complete Genome	current	reference genome	GCA_038086725.1	PRJNA1083106	SAMN40232839	WMD-P2	missing	shrimp farm	Penaeus japonicus	Japan	2022	2024-04-12	Tokyo University of Marine Science and Technology	4498533	3	3	3239756	3239756	41	98.96	0.81	GCA_038086725.1|GCF_038086725.1
GCF_038086915.1	SOURCE_DATABASE_REFSEQ	Photobacterium damselae subsp. damselae	85581	WMD-P3		Complete Genome	current		GCA_038086915.1	PRJNA1083106	SAMN40232840	WMD-P3	missing	shrimp farm	Penaeus japonicus	Japan	2022	2024-04-12	Tokyo University of Marine Science and Technology	4726617	5	5	3252046	3252046	41	98.81	0.61	GCA_038086915.1|GCF_038086915.1
GCF_038519165.1	SOURCE_DATABASE_REFSEQ	Photobacterium sp. SP02	3032280	SP02		Contig	current		GCA_038519165.1	PRJNA941778	SAMN33610164	SP02		roots with mud from estuarine soil		Netherlands: Schiermonnikoog, coastal salt marsh	2019	2024-04-26	Royal Netherlands Institute for Sea Research	4935882	202	202	73217	73217	50.5	90.25	2.45	GCA_038519165.1|GCF_038519165.1
GCF_041439435.1	SOURCE_DATABASE_REFSEQ	Photobacterium swingsii	680026	1F189		Scaffold	current		GCA_041439435.1	PRJNA1126034	SAMN42003099	1F189		seawater		USA: Massachusetts, Plum Island	2006	2024-08-23	University of Vienna	5508859	79	62	145447	238821	44	96.49	3.81	GCA_041439435.1|GCF_041439435.1
GCF_041466445.1	SOURCE_DATABASE_REFSEQ	Photobacterium swingsii	680026	10N.247.310.62		Scaffold	current		GCA_041466445.1	PRJNA328102	SAMN41920663	10N.247.310.62				USA: Massachusetts, Nahant, Canoe Cove	2010-09-04	2024-08-23	Massachusetts Institute of Technology	5367777	60	48	169550	241450	44	96.39	2.99	GCA_041466445.1|GCF_041466445.1
GCF_041894575.1	SOURCE_DATABASE_REFSEQ	Photobacterium damselae subsp. damselae	85581	RG91		Scaffold	current		GCA_041894575.1	PRJNA1155272	SAMN43454376	RG91		missing	Scophthalmus maximus	Spain: northwestern	1987	2024-09-10	Universidade de Santiago de Compostela	4749312	530	107	27657	107245	40.5	99.18	1.09	GCA_041894575.1|GCF_041894575.1
GCF_042430005.1	SOURCE_DATABASE_REFSEQ	Photobacterium aphoticum	754436	KCTC 23057		Scaffold	current		GCA_042430005.1	PRJNA595761	SAMN43281709	KCTC 23057		missing		missing	2020	2024-09-28	Institution of Microbiology, Chinese Academy of Science(WDCM)	5250391	56	40	198826	296457	49.5	96.31	3.56	GCA_042430005.1|GCF_042430005.1
GCF_043105905.1	SOURCE_DATABASE_REFSEQ	Photobacterium damselae	38293	GLN_4		Contig	current		GCA_043105905.1	PRJNA1166837	SAMN43972460	GLN_4		intestines	fish	China: Whenzhou	2022-09-26	2024-10-14	WenZhou Medical University	4289408	63	63	147415	147415	40.5	98.65	0.27	GCA_043105905.1|GCF_043105905.1
GCF_043106595.1	SOURCE_DATABASE_REFSEQ	Photobacterium damselae	38293	CJQ_10		Contig	current		GCA_043106595.1	PRJNA1166837	SAMN43972442	CJQ_10		intestines	fish	China: Whenzhou	2022-09-26	2024-10-14	WenZhou Medical University	4554334	71	71	179201	179201	40.5	98.35	1.28	GCA_043106595.1|GCF_043106595.1
GCF_043419485.1	SOURCE_DATABASE_REFSEQ	Photobacterium piscicola	1378299	HQB-471		Scaffold	current		GCA_043419485.1	PRJNA922334	SAMN32650299	HQB-471		Sediments in Litoditis marina habitat		China: Qingdao	2021-04-25	2024-10-18	Institute of Oceanology, Chinese Academy of Sciences	4629201	130	99	96600	163669	39	96.98	1.26	GCA_043419485.1|GCF_043419485.1
GCF_043641185.1	SOURCE_DATABASE_REFSEQ	Photobacterium piscicola	1378299	HQB-471		Scaffold	current		GCA_043641185.1	PRJNA1161597	SAMN43783690	HQB-471		Huiquan Bay, Qingdao	Litoditis marina	China: Qingdao	2019-12-01	2024-10-23	Institute of Oceanology, Chinese Academy of Sciences	4629201	130	99	96600	163669	39	96.98	1.26	GCA_043641185.1|GCF_043641185.1
GCF_046058925.1	SOURCE_DATABASE_REFSEQ	Photobacterium piscicola	1378299	WVL24019		Complete Genome	current	reference genome	GCA_046058925.1	PRJNA1191407	SAMN45078994	WVL24019		kidney	Oncorhynchus mykiss	USA: New Jersey	2024-03	2024-12-14	University of Florida	4474823	2	2	3141886	3141886	39.5	95.73	0.79	GCA_046058925.1|GCF_046058925.1
GCF_048537445.1	SOURCE_DATABASE_REFSEQ	Photobacterium leiognathi subsp. mandapamensis	48408	Sr1.18		Complete Genome	current		GCA_048537445.1	PRJNA1227675	SAMN46990478	Sr1.18		Isolated from fish organs	Siphamia roseigaster	Australia: Sydney, Clifton Gardens	2023-04-01	2025-03-10	Temple University	5076394	4	4	3301000	3301000	41	98.55	0.67	GCA_048537445.1|GCF_048537445.1
GCF_048537455.1	SOURCE_DATABASE_REFSEQ	Photobacterium leiognathi subsp. mandapamensis	48408	Sc9.10a		Complete Genome	current		GCA_048537455.1	PRJNA1227675	SAMN46990476	Sc9.10a		Isolated from fish organs	Siphamia cephalotes	Australia: Sydney, Fairlights	2023-03-10	2025-03-10	Temple University	4729202	2	2	3246861	3246861	41.5	98.18	0.31	GCA_048537455.1|GCF_048537455.1
GCF_048537465.1	SOURCE_DATABASE_REFSEQ	Photobacterium leiognathi subsp. mandapamensis	48408	Sc16.3		Complete Genome	current	reference genome	GCA_048537465.1	PRJNA1227675	SAMN46990477	Sc16.3		Isolated from fish organs	Siphamia cephalotes	Australia: Sydney, Krunell	2023-04-03	2025-03-10	Temple University	4771707	2	2	3236883	3236883	41	98.92	0.1	GCA_048537465.1|GCF_048537465.1
GCF_048537505.1	SOURCE_DATABASE_REFSEQ	Photobacterium leiognathi subsp. mandapamensis	48408	Sr3.10		Complete Genome	current		GCA_048537505.1	PRJNA1227675	SAMN46990481	Sr3.10		Isolated from fish organs	Siphamia roseigaster	Australia: Sydney, Clifton Gardens	2023-04-17	2025-03-10	Temple University	5097880	4	4	3306367	3306367	41	98.61	0.67	GCA_048537505.1|GCF_048537505.1
GCF_048537515.1	SOURCE_DATABASE_REFSEQ	Photobacterium leiognathi subsp. mandapamensis	48408	Sr2.36		Complete Genome	current		GCA_048537515.1	PRJNA1227675	SAMN46990479	Sr2.36		Isolated from fish organs	Siphamia roseigaster	Australia: Sydney, Clifton Gardens	2023-04-17	2025-03-10	Temple University	5636714	12	12	3378510	3378510	41.5	95.7	1.31	GCA_048537515.1|GCF_048537515.1
GCF_048537525.1	SOURCE_DATABASE_REFSEQ	Photobacterium leiognathi subsp. mandapamensis	48408	Sr3.21		Complete Genome	current		GCA_048537525.1	PRJNA1227675	SAMN46990482	Sr3.21		Isolated from fish organs	Siphamia roseigaster	Australia: Sydney, Clifton Gardens	2023-04-17	2025-03-10	Temple University	5105020	4	4	3306411	3306411	41	98.35	0.67	GCA_048537525.1|GCF_048537525.1
GCF_048835935.1	SOURCE_DATABASE_REFSEQ	Photobacterium damselae subsp. piscicida	38294	DQ-SS1		Complete Genome	current		GCA_048835935.1	PRJNA1209231	SAMN46210400	DQ-SS1		Liver, spleen	Sebastes schlegelii	China: Daqin island	2023-08-31	2025-03-24	Yantai University	4510445	2	2	3236568	3236568	41	98.65	0.67	GCA_048835935.1|GCF_048835935.1
GCF_049315015.1	SOURCE_DATABASE_REFSEQ	Photobacterium leiognathi subsp. mandapamensis	48408	Sc2.50		Complete Genome	current		GCA_049315015.1	PRJNA1237877	SAMN47442555	Sc2.50			Siphamia cephalotes	Australia: Sydney, Fairlights	2023-02-26	2025-04-06	Temple University	4723268	2	2	3224622	3224622	41.5	98.41	0.15	GCA_049315015.1|GCF_049315015.1
GCF_049563835.1	SOURCE_DATABASE_REFSEQ	Photobacterium damselae	38293	MRY0520		Complete Genome	current		GCA_049563835.1	PRJNA904830	SAMN31857078	MRY0520		hepatopancreas	Penaeus vannamei	China: Jiangsu	2022-05-20	2025-04-14	Jiangsu Institute of Oceanology and Marine Fisheries	4535631	3	3	3189293	3189293	41	98.65	0.31	GCA_049563835.1|GCF_049563835.1
GCF_050336605.1	SOURCE_DATABASE_REFSEQ	Photobacterium chitinilyticum	2485123	JAMM1506		Contig	current		GCA_050336605.1	PRJNA796716	SAMN24907497	JAMM1506		sediment		Japan: off Kagoshima	2005-07-29	2025-05-13	Universidade Federal do Rio de Janeiro	5865567	195	195	72760	72760	46.5	96.49	6.83	GCA_050336605.1|GCF_050336605.1
GCF_050336695.1	SOURCE_DATABASE_REFSEQ	Photobacterium minamisatsumaniensis	2910233	JAMM0388		Contig	current	reference genome	GCA_050336695.1	PRJNA796716	SAMN24907495	JAMM0388		sediment		Japan: off Kagoshima	2003-07-27	2025-05-13	Universidade Federal do Rio de Janeiro	6292511	119	119	121502	121502	43.5	96.54	4.76	GCA_050336695.1|GCF_050336695.1
GCF_050336715.1	SOURCE_DATABASE_REFSEQ	Photobacterium makurazakiensis	2910234	JAMM0395		Contig	current	reference genome	GCA_050336715.1	PRJNA796716	SAMN24907494	JAMM0395		sediment		Japan: off Kagoshima	2003-07-27	2025-05-13	Universidade Federal do Rio de Janeiro	6346364	155	155	84133	84133	43.5	96.84	4.92	GCA_050336715.1|GCF_050336715.1
GCF_050336815.1	SOURCE_DATABASE_REFSEQ	Photobacterium nomapromontoriensis	2910237	JAMM1727		Contig	current	reference genome	GCA_050336815.1	PRJNA796716	SAMN24907492	JAMM1727		sediment		Japan: off Kagoshima	2005-08-01	2025-05-13	Universidade Federal do Rio de Janeiro	5533792	106	106	118797	118797	45.5	96.15	4.19	GCA_050336815.1|GCF_050336815.1
GCF_050336885.1	SOURCE_DATABASE_REFSEQ	Photobacterium kasasachensis	2910240	JAMM1827		Contig	current	reference genome	GCA_050336885.1	PRJNA796716	SAMN24907496	JAMM1827		sediment		Japan: off Kagoshima	2005-08-02	2025-05-13	Universidade Federal do Rio de Janeiro	6792005	72	72	264747	264747	48	96.91	6.36	GCA_050336885.1|GCF_050336885.1
GCF_050336935.1	SOURCE_DATABASE_REFSEQ	Photobacterium satsumensis	2910239	JAMM1754		Contig	current	reference genome	GCA_050336935.1	PRJNA796716	SAMN24907493	JAMM1754		sediment		Japan: off Kagoshima	2005-08-01	2025-05-13	Universidade Federal do Rio de Janeiro	6630675	36	36	1024586	1024586	47.5	97.31	6	GCA_050336935.1|GCF_050336935.1
GCF_050337005.1	SOURCE_DATABASE_REFSEQ	Photobacterium japonica	2910235	JAMM0518		Contig	current	reference genome	GCA_050337005.1	PRJNA796716	SAMN24907490	JAMM0518		sediment		Japan: off Kagoshima	2003-07-29	2025-05-13	Universidade Federal do Rio de Janeiro	5244966	139	139	81601	81601	49	96.41	4.41	GCA_050337005.1|GCF_050337005.1
GCF_050337045.1	SOURCE_DATABASE_REFSEQ	Photobacterium kagoshimensis	2910242	JAMM2471		Contig	current	reference genome	GCA_050337045.1	PRJNA796716	SAMN24907489	JAMM2471		sediment		Japan: in Kagoshima Bay	2007-06-07	2025-05-13	Universidade Federal do Rio de Janeiro	5057437	61	61	328820	328820	44	96.46	2.58	GCA_050337045.1|GCF_050337045.1
GCF_050337085.1	SOURCE_DATABASE_REFSEQ	Photobacterium sagamiensis	2910241	JAMM2327		Contig	current	reference genome	GCA_050337085.1	PRJNA796716	SAMN24907488	JAMM2327		sediment		Japan: in Sagami Bay	2006-08-22	2025-05-13	Universidade Federal do Rio de Janeiro	6325609	146	146	102868	102868	45	94.18	8.4	GCA_050337085.1|GCF_050337085.1
GCF_050337655.1	SOURCE_DATABASE_REFSEQ	Photobacterium swingsii	680026	JAMM0475		Contig	current		GCA_050337655.1	PRJNA796716	SAMN24907475	JAMM0475		sediment		Japan: off Kagoshima	2003-07-31	2025-05-13	Universidade Federal do Rio de Janeiro	5437067	74	74	217768	217768	44	95.76	3.15	GCA_050337655.1|GCF_050337655.1
GCF_050337795.1	SOURCE_DATABASE_REFSEQ	Photobacterium angustum	661	JAMM1881		Contig	current		GCA_050337795.1	PRJNA796716	SAMN24907471	JAMM1881		sediment		Japan: in Sagami Bay	2006-08-21	2025-05-13	Universidade Federal do Rio de Janeiro	5259845	99	99	145999	145999	39.5	98.83	0.34	GCA_050337795.1|GCF_050337795.1
GCF_050337985.1	SOURCE_DATABASE_REFSEQ	Photobacterium indicum	81447	JAMM1146		Contig	current		GCA_050337985.1	PRJNA796716	SAMN24907467	JAMM1146		sediment		Japan: in Sagami Bay	2006-01-20	2025-05-13	Universidade Federal do Rio de Janeiro	6196419	147	147	105418	105418	41.5	99.02	1.93	GCA_050337985.1|GCF_050337985.1
GCF_050338095.1	SOURCE_DATABASE_REFSEQ	Photobacterium profundum	74109	JAMM0002		Contig	current		GCA_050338095.1	PRJNA796716	SAMN24907465	JAMM0002		sediment		Japan: off Matsuzaki in Suruga Bay	2001-04-06	2025-05-13	Universidade Federal do Rio de Janeiro	6182249	253	253	44119	44119	41	97.29	1.87	GCA_050338095.1|GCF_050338095.1
GCF_050338335.1	SOURCE_DATABASE_REFSEQ	Photobacterium profundum	74109	JAMM0742		Contig	current		GCA_050338335.1	PRJNA796716	SAMN24907458	JAMM0742		sediment		Japan: off Kagoshima	2004-07-28	2025-05-13	Universidade Federal do Rio de Janeiro	6171712	221	221	50567	50567	41	97.18	2.37	GCA_050338335.1|GCF_050338335.1
GCF_050338375.1	SOURCE_DATABASE_REFSEQ	Photobacterium profundum	74109	JAMM1137		Contig	current		GCA_050338375.1	PRJNA796716	SAMN24907457	JAMM1137		sediment		Japan: in Sagami Bay	2006-01-20	2025-05-13	Universidade Federal do Rio de Janeiro	6203488	88	88	121314	121314	41.5	97.68	2.78	GCA_050338375.1|GCF_050338375.1
GCF_050338475.1	SOURCE_DATABASE_REFSEQ	Photobacterium swingsii	680026	JAMM0680		Contig	current		GCA_050338475.1	PRJNA796716	SAMN24907456	JAMM0680		sediment		Japan: off Kagoshima	2003-07-31	2025-05-13	Universidade Federal do Rio de Janeiro	5485319	194	194	64677	64677	44	96.66	3.15	GCA_050338475.1|GCF_050338475.1
GCF_050338655.1	SOURCE_DATABASE_REFSEQ	Photobacterium frigidiphilum	264736	JAMM1151		Contig	current		GCA_050338655.1	PRJNA796716	SAMN24907451	JAMM1151		sediment		Japan: in Sagami Bay	2005-12-07	2025-05-13	Universidade Federal do Rio de Janeiro	6460114	107	107	114709	114709	41.5	99.63	2.42	GCA_050338655.1|GCF_050338655.1
GCF_050338715.1	SOURCE_DATABASE_REFSEQ	Photobacterium sanguinicancri	875932	JAMM1840		Scaffold	current		GCA_050338715.1	PRJNA796716	SAMN24907449	JAMM1840		sediment		Japan: off Kagoshima	2005-08-02	2025-05-13	Universidade Federal do Rio de Janeiro	5527432	69	68	278625	278625	43.5	96.15	2.37	GCA_050338715.1|GCF_050338715.1
GCF_050875365.1	SOURCE_DATABASE_REFSEQ	Photobacterium damselae	38293	063		Contig	current		GCA_050875365.1	PRJNA1265187	SAMN48586878	063		wound exudate	Homo sapiens	Spain: Cadiz	2020	2025-06-10	University of Cadiz	5020021	407	407	73835	73835	40.5	99.27	3.21	GCA_050875365.1|GCF_050875365.1
GCF_051046865.1	SOURCE_DATABASE_REFSEQ	Photobacterium leiognathi subsp. mandapamensis	48408	StP14.24		Complete Genome	current		GCA_051046865.1	PRJNA1258994	SAMN48342073	StP14.24			Siphamia tubifer	Philippines: Caubyan Island	2022-06	2025-06-24	Temple University	4745205	2	2	3187236	3187236	41	97.77	0.37	GCA_051046865.1|GCF_051046865.1
GCF_051046875.1	SOURCE_DATABASE_REFSEQ	Photobacterium leiognathi subsp. mandapamensis	48408	StP18.12		Chromosome	current		GCA_051046875.1	PRJNA1258994	SAMN48342072	StP18.12			Siphamia tubifer	Philippines: Caubyan Island	2022-06	2025-06-24	Temple University	4834338	4	3	1575287	3290233	41	97.2	0.72	GCA_051046875.1|GCF_051046875.1
GCF_052601115.1	SOURCE_DATABASE_REFSEQ	Photobacterium damselae subsp. piscicida	38294	MT3189		Contig	current		GCA_052601115.1	PRJNA1320516	SAMN51152108	MT3189		Mugil cephalus		Italy: Scanzano Jonico	2025-06	2025-09-13	Istituto Zooprofilattico Sperimentale della Puglia e della Basilicata	4029292	662	662	12648	12648	41	91.59	0.71	GCA_052601115.1|GCF_052601115.1
GCF_052805155.1	SOURCE_DATABASE_REFSEQ	Photobacterium ganghwense	320778	6.3D		Scaffold	current		GCA_052805155.1	PRJNA1330419	SAMN51523054	6.3D		marine environment		Viet Nam	2023-10-01	2025-09-23	Hanoi University of Science and Technology	5264478	51	22	519675	3405143	50.5	94.51	3.24	GCA_052805155.1|GCF_052805155.1
GCF_052873315.1	SOURCE_DATABASE_REFSEQ	Photobacterium swingsii	680026	PNB23_21_6		Contig	current		GCA_052873315.1	PRJNA1250144	SAMN47931967	PNB23_21_6		viscera	Crassostrea virginica	USA: North Carolina	2023-05-16	2025-09-26	University of North Carolina at Chapel Hill	5582662	85	85	198964	198964	44	96.77	8.96	GCA_052873315.1|GCF_052873315.1
GCF_052873695.1	SOURCE_DATABASE_REFSEQ	Photobacterium swingsii	680026	PNB23_21_1		Contig	current		GCA_052873695.1	PRJNA1250144	SAMN47931958	PNB23_21_1		viscera	Crassostrea virginica	USA: North Carolina	2023-05-16	2025-09-26	University of North Carolina at Chapel Hill	5383094	140	140	165647	165647	44	96.42	2.15	GCA_052873695.1|GCF_052873695.1
GCF_052873755.1	SOURCE_DATABASE_REFSEQ	Photobacterium swingsii	680026	DNB22_17_2		Contig	current		GCA_052873755.1	PRJNA1250144	SAMN47931957	DNB22_17_2		viscera	Crassostrea virginica	USA: North Carolina	2022-05-23	2025-09-26	University of North Carolina at Chapel Hill	5437275	325	325	261979	261979	44	96.46	2.78	GCA_052873755.1|GCF_052873755.1
GCF_052873795.1	SOURCE_DATABASE_REFSEQ	Photobacterium alginatilyticum	1775171	DNB23_25_9		Contig	current		GCA_052873795.1	PRJNA1250144	SAMN47931956	DNB23_25_9		viscera	Crassostrea virginica	USA: North Carolina	2023-05-22	2025-09-26	University of North Carolina at Chapel Hill	6161320	189	189	263998	263998	48	95.9	7.97	GCA_052873795.1|GCF_052873795.1
GCF_052873815.1	SOURCE_DATABASE_REFSEQ	Photobacterium sp. DNB23_23_1	3417473	DNB23_23_1		Contig	current		GCA_052873815.1	PRJNA1250144	SAMN47931955	DNB23_23_1		viscera	Crassostrea virginica	USA: North Carolina	2023-05-22	2025-09-26	University of North Carolina at Chapel Hill	5542200	161	161	108701	108701	46.5	94.96	4.72	GCA_052873815.1|GCF_052873815.1
GCF_052873895.1	SOURCE_DATABASE_REFSEQ	Photobacterium damselae	38293	PNB23_22_8		Contig	current		GCA_052873895.1	PRJNA1250144	SAMN47931953	PNB23_22_8		viscera	Crassostrea virginica	USA: North Carolina	2023-05-16	2025-09-26	University of North Carolina at Chapel Hill	4581269	131	131	134875	134875	40.5	99.57	0.54	GCA_052873895.1|GCF_052873895.1
GCF_052873915.1	SOURCE_DATABASE_REFSEQ	Photobacterium sp. DNB22_13_2	3417474	DNB22_13_2		Contig	current		GCA_052873915.1	PRJNA1250144	SAMN47931954	DNB22_13_2		viscera	Crassostrea virginica	USA: North Carolina	2022-05-23	2025-09-26	University of North Carolina at Chapel Hill	6267994	333	333	191981	191981	47	97.77	6.93	GCA_052873915.1|GCF_052873915.1
GCF_052874035.1	SOURCE_DATABASE_REFSEQ	Photobacterium damselae	38293	PNB23_20_9		Contig	current		GCA_052874035.1	PRJNA1250144	SAMN47931947	PNB23_20_9		viscera	Crassostrea virginica	USA: North Carolina	2023-05-16	2025-09-26	University of North Carolina at Chapel Hill	4531560	118	118	152063	152063	40.5	98.86	5.43	GCA_052874035.1|GCF_052874035.1
GCF_052877275.1	SOURCE_DATABASE_REFSEQ	Photobacterium damselae	38293	PNB23_20_8		Contig	current		GCA_052877275.1	PRJNA1250144	SAMN47931942	PNB23_20_8		viscera	Crassostrea virginica	USA: North Carolina	2023-05-16	2025-09-26	University of North Carolina at Chapel Hill	4819388	158	158	162545	162545	40.5	98.96	5.53	GCA_052877275.1|GCF_052877275.1
GCF_052877355.1	SOURCE_DATABASE_REFSEQ	Photobacterium damselae	38293	PNB23_20_2		Contig	current		GCA_052877355.1	PRJNA1250144	SAMN47931939	PNB23_20_2		viscera	Crassostrea virginica	USA: North Carolina	2023-05-16	2025-09-26	University of North Carolina at Chapel Hill	4631711	139	139	120359	120359	40.5	98.96	1.3	GCA_052877355.1|GCF_052877355.1
GCF_052877375.1	SOURCE_DATABASE_REFSEQ	Photobacterium damselae	38293	PNB23_20_10		Contig	current		GCA_052877375.1	PRJNA1250144	SAMN47931938	PNB23_20_10		viscera	Crassostrea virginica	USA: North Carolina	2023-05-16	2025-09-26	University of North Carolina at Chapel Hill	4990797	143	143	150152	150152	40.5	98.96	4.87	GCA_052877375.1|GCF_052877375.1
GCF_052877475.1	SOURCE_DATABASE_REFSEQ	Photobacterium damselae	38293	PBN23_20_6		Contig	current		GCA_052877475.1	PRJNA1250144	SAMN47931936	PBN23_20_6		viscera	Crassostrea virginica	USA: North Carolina	2023-05-16	2025-09-26	University of North Carolina at Chapel Hill	4701041	143	143	162545	162545	40.5	98.96	1.35	GCA_052877475.1|GCF_052877475.1
GCF_052877815.1	SOURCE_DATABASE_REFSEQ	Photobacterium damselae	38293	DNB23_25_6		Contig	current		GCA_052877815.1	PRJNA1250144	SAMN47931928	DNB23_25_6		viscera	Crassostrea virginica	USA: North Carolina	2023-05-22	2025-09-26	University of North Carolina at Chapel Hill	4552712	207	207	98568	98568	40.5	98.65	0.49	GCA_052877815.1|GCF_052877815.1
GCF_052877935.1	SOURCE_DATABASE_REFSEQ	Photobacterium damselae	38293	DNB23_25_1		Contig	current		GCA_052877935.1	PRJNA1250144	SAMN47931925	DNB23_25_1		viscera	Crassostrea virginica	USA: North Carolina	2023-05-22	2025-09-26	University of North Carolina at Chapel Hill	4434736	126	126	132701	132701	40.5	98.62	0.73	GCA_052877935.1|GCF_052877935.1
GCF_052877955.1	SOURCE_DATABASE_REFSEQ	Photobacterium damselae	38293	DNB23_24_9		Contig	current		GCA_052877955.1	PRJNA1250144	SAMN47931924	DNB23_24_9		viscera	Crassostrea virginica	USA: North Carolina	2023-05-22	2025-09-26	University of North Carolina at Chapel Hill	5146503	117	117	189838	189838	40.5	98.65	6.13	GCA_052877955.1|GCF_052877955.1
GCF_052878195.1	SOURCE_DATABASE_REFSEQ	Photobacterium damselae	38293	DNB23_24_8		Contig	current		GCA_052878195.1	PRJNA1250144	SAMN47931918	DNB23_24_8		viscera	Crassostrea virginica	USA: North Carolina	2023-05-22	2025-09-26	University of North Carolina at Chapel Hill	4640817	199	199	121887	121887	40.5	98.65	3.14	GCA_052878195.1|GCF_052878195.1
GCF_052878215.1	SOURCE_DATABASE_REFSEQ	Photobacterium damselae	38293	DNB23_24_7		Contig	current		GCA_052878215.1	PRJNA1250144	SAMN47931917	DNB23_24_7		viscera	Crassostrea virginica	USA: North Carolina	2023-05-22	2025-09-26	University of North Carolina at Chapel Hill	4418706	171	171	215958	215958	40.5	98.96	0.83	GCA_052878215.1|GCF_052878215.1
GCF_052878295.1	SOURCE_DATABASE_REFSEQ	Photobacterium damselae	38293	DNB23_24_6		Contig	current		GCA_052878295.1	PRJNA1250144	SAMN47931916	DNB23_24_6		viscera	Crassostrea virginica	USA: North Carolina	2023-05-22	2025-09-26	University of North Carolina at Chapel Hill	4525587	132	132	110147	110147	40.5	98.65	1.76	GCA_052878295.1|GCF_052878295.1
GCF_052878335.1	SOURCE_DATABASE_REFSEQ	Photobacterium damselae	38293	DNB23_24_5		Contig	current		GCA_052878335.1	PRJNA1250144	SAMN47931914	DNB23_24_5		viscera	Crassostrea virginica	USA: North Carolina	2023-05-22	2025-09-26	University of North Carolina at Chapel Hill	4319728	107	107	371910	371910	40.5	99.11	0.69	GCA_052878335.1|GCF_052878335.1
GCF_052878375.1	SOURCE_DATABASE_REFSEQ	Photobacterium damselae	38293	DNB23_24_2		Contig	current		GCA_052878375.1	PRJNA1250144	SAMN47931912	DNB23_24_2		viscera	Crassostrea virginica	USA: North Carolina	2023-05-22	2025-09-26	University of North Carolina at Chapel Hill	4539601	105	105	206312	206312	40.5	98.96	1.18	GCA_052878375.1|GCF_052878375.1
GCF_052878505.1	SOURCE_DATABASE_REFSEQ	Photobacterium damselae	38293	DNB23_23_9		Contig	current		GCA_052878505.1	PRJNA1250144	SAMN47931910	DNB23_23_9		viscera	Crassostrea virginica	USA: North Carolina	2023-05-22	2025-09-26	University of North Carolina at Chapel Hill	4903371	154	154	109675	109675	40.5	99.57	8.24	GCA_052878505.1|GCF_052878505.1
GCF_052878815.1	SOURCE_DATABASE_REFSEQ	Photobacterium damselae	38293	DNB23_23_2		Contig	current		GCA_052878815.1	PRJNA1250144	SAMN47931901	DNB23_23_2		viscera	Crassostrea virginica	USA: North Carolina	2023-05-22	2025-09-26	University of North Carolina at Chapel Hill	4586222	122	122	144764	144764	40.5	99.57	1.9	GCA_052878815.1|GCF_052878815.1
GCF_052879315.1	SOURCE_DATABASE_REFSEQ	Photobacterium damselae	38293	DNB23_23_10		Contig	current		GCA_052879315.1	PRJNA1250144	SAMN47931890	DNB23_23_10		viscera	Crassostrea virginica	USA: North Carolina	2023-05-22	2025-09-26	University of North Carolina at Chapel Hill	4754431	370	370	129173	129173	40.5	98.35	3.01	GCA_052879315.1|GCF_052879315.1
GCF_053005025.1	SOURCE_DATABASE_REFSEQ	Photobacterium damselae	38293	MS102		Complete Genome	current		GCA_053005025.1	PRJNA1336829	SAMN52091866	MS102		shrimp	Pacific white shrimp	USA	2024-09	2025-10-07	NCTR/FDA	4324227	2	2	3146377	3146377	41	94.85	0.72	GCA_053005025.1|GCF_053005025.1
GCF_053202905.1	SOURCE_DATABASE_REFSEQ	Photobacterium damselae subsp. piscicida	38294	QMA0776		Complete Genome	current		GCA_053202905.1	PRJNA662633	SAMN52394294	QMA0776			Seriola lalandi (yellowtail kingfish)	Australia	2022-03-29	2025-10-25	The University of Queensland	4642556	7	7	3171248	3171248	41	94.17	0.86	GCA_053202905.1|GCF_053202905.1
GCF_053339145.1	SOURCE_DATABASE_REFSEQ	Photobacterium damselae subsp. piscicida	38294	MM52		Chromosome	current		GCA_053339145.1	PRJNA1165676	SAMN43942539	MM52			Dicentrarchus labrax	Greece: Saronikos gulf	2021-11-03	2025-11-05	Hellenic Centre for Marine Research	4559584	5	5	1221323	1221323	41	89.76	1.08	GCA_053339145.1|GCF_053339145.1
GCF_053850225.1	SOURCE_DATABASE_REFSEQ	Photobacterium damselae subsp. damselae	85581	SNUABM-JN1		Complete Genome	current		GCA_053850225.1	PRJNA1371099	SAMN53489728	SNUABM-JN1			Penaeus vannamei	South Korea: Jeollanam-do	2025-08	2025-12-07	Seoul National University	4827424	6	6	3288555	3288555	41	98.33	1.07	GCA_053850225.1|GCF_053850225.1
GCF_054486505.1	SOURCE_DATABASE_REFSEQ	Photobacterium damselae	38293	AV16		Complete Genome	current		GCA_054486505.1	PRJNA1335592	SAMN52016111	AV16		intestine	shrimp	China:Zhanjiang	2022-03-15	2026-01-13	Guangdong Ocean University	4487460	2	2	3266707	3266707	41	98.65	0.68	GCA_054486505.1|GCF_054486505.1
GCF_054486525.1	SOURCE_DATABASE_REFSEQ	Photobacterium damselae	38293	BV30		Complete Genome	current		GCA_054486525.1	PRJNA1335595	SAMN52016194	BV30		intestine	shrimp	China:Zhanjiang	2022-05-05	2026-01-13	Guangdong Ocean University	4489687	2	2	3207635	3207635	41	98.96	0.61	GCA_054486525.1|GCF_054486525.1
GCF_054486545.1	SOURCE_DATABASE_REFSEQ	Photobacterium damselae	38293	Jw224		Complete Genome	current		GCA_054486545.1	PRJNA1335600	SAMN52016229	Jw224		intestine	shrimp	China:Zhanjiang	2021-09-15	2026-01-13	Guangdong Ocean University	4662144	3	3	3215246	3215246	41	98.35	1.29	GCA_054486545.1|GCF_054486545.1
GCF_054600795.1	SOURCE_DATABASE_REFSEQ	Photobacterium sp. R1	3448342	R1		Contig	current		GCA_054600795.1	PRJDB35719	SAMD01600116	R1				Japan:Saga, Shiroishi, tidal mudflat	2019-02	2025-07-31	Saga University	5449987	1130	1130	344447	344447	50	90.51	7.12	GCA_054600795.1|GCF_054600795.1
GCF_054780615.1	SOURCE_DATABASE_REFSEQ	Photobacterium alginatilyticum	1775171	JCM 31445		Scaffold	current		GCA_054780615.1	PRJDB10510	SAMD00809510	JCM 31445		Bottom seawater		China	missing: control sample	2025-04-29	WFCC-MIRCEN World Data Centre for Microorganisms (WDCM)	6332255	124	119	205176	235209	48	95.69	7.65	GCA_054780615.1|GCF_054780615.1
GCF_055456455.1	SOURCE_DATABASE_REFSEQ	Photobacterium angustum	661	VR 661.45 661.45		Contig	current		GCA_055456455.1	PRJNA1425421	SAMN55414309	VR 661.45 661.45		marine animal	Uroteuthis duvaucelii	India: Gujarat	2025	2026-02-23	Dolat usha institute of applied science, Valsad	4732570	50	50	385718	385718	40	97.42	0.53	GCA_055456455.1|GCF_055456455.1
GCF_056158405.1	SOURCE_DATABASE_REFSEQ	Photobacterium sp. AWH4_225	3477697	AWH4_225		Contig	current		GCA_056158405.1	PRJNA1334387	SAMN51862045	AWH4_225		Marine		USA: Atlantic ocean at Key West, Florida	2023-10-31	2026-03-19	Clemson University	6459177	6	6	3508886	3508886	47.5	93.73	5.6	GCA_056158405.1|GCF_056158405.1
GCF_056160145.1	SOURCE_DATABASE_REFSEQ	Photobacterium sp. ABD4_091	3477745	ABD4_091		Contig	current		GCA_056160145.1	PRJNA1334387	SAMN51861942	ABD4_091		Marine		USA: Atlantic ocean at Key West, Florida	2022-12-19	2026-03-19	Clemson University	6358778	26	26	1572515	1572515	48.5	97.5	7.56	GCA_056160145.1|GCF_056160145.1
GCA_056233365.1	SOURCE_DATABASE_GENBANK	Photobacterium damselae subsp. piscicida	38294	BIC8		Complete Genome	current			PRJNA1165676	SAMN43942535	BIC8			Dicentrarchus labrax	Cyprus: Akrotiri	2022-11-09	2025-11-08	Hellenic Centre for Marine Research	4743070	5	5	3261774	3261774	41	88.76	1.39	GCA_056233365.1
GCA_056233435.1	SOURCE_DATABASE_GENBANK	Photobacterium damselae subsp. piscicida	38294	Euvoia		Complete Genome	current			PRJNA1165676	SAMN43942536	Euvoia			Dicentrarchus labrax	Greece: Evia island	2015	2025-11-08	Hellenic Centre for Marine Research	4564817	3	3	3348930	3348930	41	88.69	1.16	GCA_056233435.1
GCF_056234105.1	SOURCE_DATABASE_REFSEQ	Photobacterium damselae subsp. piscicida	38294	GalP1		Complete Genome	current		GCA_056234105.1	PRJNA1165676	SAMN43942537	GalP1			Sparus aurata	Greece: Galaxidi	2021-10-13	2025-11-08	Hellenic Centre for Marine Research	4561322	4	4	3252958	3252958	41	90.71	1.02	GCA_056234105.1|GCF_056234105.1
GCF_056234175.1	SOURCE_DATABASE_REFSEQ	Photobacterium damselae subsp. piscicida	38294	ML9		Complete Genome	current		GCA_056234175.1	PRJNA1165676	SAMN43942538	ML9			Dicentrarchus labrax	Greece: Leros island	2023-09-26	2025-11-08	Hellenic Centre for Marine Research	4599656	5	5	3251722	3251722	41	90.03	1.02	GCA_056234175.1|GCF_056234175.1
GCF_056643155.1	SOURCE_DATABASE_REFSEQ	Photobacterium damselae subsp. damselae	85581	51718_1		Chromosome	current		GCA_056643155.1	PRJNA1363751	SAMN53235116	51718_1		intestine	Puffinus yelkouan	Italy: MONDRAGONE (CE)	2025-05-27	2026-04-09	Istituto Zooprofilattico Sperimentale del Mezzogiorno	4563753	57	3	134326	3111267	40.5	98.56	0.46	GCA_056643155.1|GCF_056643155.1
GCF_056675655.1	SOURCE_DATABASE_REFSEQ	Photobacterium damselae subsp. damselae	85581	OF2		Complete Genome	current		GCA_056675655.1	PRJNA1449044	SAMN57108698	OF2		kidney	Paralichthys olivaceus	South Korea	2022	2026-04-11	Chonnam National University	4903387	3	3	3263786	3263786	40.5	98.65	1.22	GCA_056675655.1|GCF_056675655.1
GCF_056836685.1	SOURCE_DATABASE_REFSEQ	Photobacterium damselae subsp. damselae	85581	WF23		Complete Genome	current		GCA_056836685.1	PRJNA1452213	SAMN57225939	WF23		kidney	Trachurus japonicus	South Korea	2025	2026-04-22	Chonnam National University	4635285	3	3	3179316	3179316	41	99.22	0.55	GCA_056836685.1|GCF_056836685.1
GCF_057063665.1	SOURCE_DATABASE_REFSEQ	Photobacterium damselae subsp. damselae	85581	SF21		Contig	current		GCA_057063665.1	PRJNA1416945	SAMN54985246	SF21		stool	Ginglymostoma cirratum	USA: Baltimore. MD	not applicable	2026-04-29	University of Maryland School of Medicine, Institute for Genome Sciences	4535289	102	102	98144	98144	40.5	98.92	0.64	GCA_057063665.1|GCF_057063665.1
GCF_057922655.1	SOURCE_DATABASE_REFSEQ	Photobacterium damselae	38293	P08		Complete Genome	current		GCA_057922655.1	PRJNA993790	SAMN36409133	P08			fish	China: Qingdao	2023-05-01	2026-04-22	yellow sea fisheries research institute	4509630	3	3	3167990	3167990	41	98.96	0.87	GCA_057922655.1|GCF_057922655.1
GCF_057922685.1	SOURCE_DATABASE_REFSEQ	Photobacterium damselae	38293	T08		Complete Genome	current		GCA_057922685.1	PRJNA993790	SAMN36409132	T08			fish	China: Qingdao	2023-05-01	2026-04-22	yellow sea fisheries research institute	4669864	4	4	3166036	3166036	40.5	99.27	0.87	GCA_057922685.1|GCF_057922685.1
GCF_058072825.1	SOURCE_DATABASE_REFSEQ	Photobacterium leiognathi subsp. mandapamensis	48408	Sr3.28		Chromosome	current		GCA_058072825.1	PRJNA1426510	SAMN55874222	Sr3.28				Australia: Sydney	2023-04-17	2026-06-07	Temple University	5089675	4	4	3296021	3296021	41	98.31	0.67	GCA_058072825.1|GCF_058072825.1
GCF_058072835.1	SOURCE_DATABASE_REFSEQ	Photobacterium leiognathi subsp. mandapamensis	48408	Sr3.20		Contig	current		GCA_058072835.1	PRJNA1426510	SAMN55874221	Sr3.20				Australia: Sydney	2023-04-17	2026-06-07	Temple University	5086295	6	6	3017087	3017087	41	97.86	0.67	GCA_058072835.1|GCF_058072835.1
GCF_058072865.1	SOURCE_DATABASE_REFSEQ	Photobacterium leiognathi subsp. mandapamensis	48408	Sr3.18		Contig	current		GCA_058072865.1	PRJNA1426510	SAMN55874220	Sr3.18				Australia: Sydney	2023-04-17	2026-06-07	Temple University	5036172	8	8	3003917	3003917	41	98.54	0.74	GCA_058072865.1|GCF_058072865.1
GCF_058072885.1	SOURCE_DATABASE_REFSEQ	Photobacterium leiognathi subsp. mandapamensis	48408	Sr3.5		Chromosome	current		GCA_058072885.1	PRJNA1426510	SAMN55874218	Sr3.5				Australia: Sydney	2023-04-17	2026-06-07	Temple University	5059785	6	6	3278724	3278724	41	98.6	0.67	GCA_058072885.1|GCF_058072885.1
GCF_058072895.1	SOURCE_DATABASE_REFSEQ	Photobacterium leiognathi subsp. mandapamensis	48408	Sr2.20		Contig	current		GCA_058072895.1	PRJNA1426510	SAMN55874214	Sr2.20				Australia: Sydney	2023-04-17	2026-06-07	Temple University	5622561	13	13	3378511	3378511	41.5	95.81	1.39	GCA_058072895.1|GCF_058072895.1
GCF_058072915.1	SOURCE_DATABASE_REFSEQ	Photobacterium leiognathi subsp. mandapamensis	48408	Sr2.16		Contig	current		GCA_058072915.1	PRJNA1426510	SAMN55874212	Sr2.16				Australia: Sydney	2023-04-17	2026-06-07	Temple University	5653832	22	22	3380506	3380506	41.5	95.84	1.46	GCA_058072915.1|GCF_058072915.1
GCF_058072945.1	SOURCE_DATABASE_REFSEQ	Photobacterium leiognathi subsp. mandapamensis	48408	Sr1.7		Complete Genome	current		GCA_058072945.1	PRJNA1426510	SAMN55874207	Sr1.7				Australia: Sydney	2023-04-01	2026-06-07	Temple University	5085481	4	4	3306355	3306355	41	98.57	0.74	GCA_058072945.1|GCF_058072945.1
GCF_058072955.1	SOURCE_DATABASE_REFSEQ	Photobacterium leiognathi subsp. mandapamensis	48408	Sr1.11		Chromosome	current		GCA_058072955.1	PRJNA1426510	SAMN55874209	Sr1.11				Australia: Sydney	2023-04-01	2026-06-07	Temple University	5107651	10	6	2735135	3311960	41	98.55	2.15	GCA_058072955.1|GCF_058072955.1
GCA_058072965.1	SOURCE_DATABASE_GENBANK	Photobacterium leiognathi subsp. mandapamensis	48408	Sc1.31		Contig	current			PRJNA1426510	SAMN55874197	Sc1.31				Australia: Sydney	2023-02-26	2026-06-07	Temple University	4627104	11	11	1515329	1515329	44.5	55.82	7.6	GCA_058072965.1
GCF_058073005.1	SOURCE_DATABASE_REFSEQ	Photobacterium leiognathi subsp. mandapamensis	48408	Sc1.10		Contig	current		GCA_058073005.1	PRJNA1426510	SAMN55874196	Sc1.10				Australia: Sydney	2023-02-26	2026-06-07	Temple University	4709630	7	7	2785366	2785366	41.5	97.5	0.22	GCA_058073005.1|GCF_058073005.1
GCF_058136355.1	SOURCE_DATABASE_REFSEQ	Photobacterium halotolerans	265726	1B3.2(2)		Contig	current		GCA_058136355.1	PRJNA1474278	SAMN60589755	1B3.2(2)				Italy: Saline di Tarquinia	2008-01	2026-06-09	University of Tuscia	4806180	4	4	3039272	3039272	51	83.28	3.15	GCA_058136355.1|GCF_058136355.1
GCF_058273185.1	SOURCE_DATABASE_REFSEQ	Photobacterium damselae subsp. piscicida	38294	J23.1		Chromosome	current		GCA_058273185.1	PRJNA1460252	SAMN57564171	J23.1		Dicentrarchus labrax		Spain: Mediterranean	2021-10-21	2026-06-22	Universidade de Santiago de Compostela	4705028	6	5	3249020	3249020	41	91.58	1.02	GCA_058273185.1|GCF_058273185.1
GCF_058410825.1	SOURCE_DATABASE_REFSEQ	Photobacterium damselae subsp. piscicida	38294	Y25OFS1		Complete Genome	current		GCA_058410825.1	PRJNA1475804	SAMN60674962	Y25OFS1		spleen	Oplegnathus fasciatus	South Korea:Yeosu	2025	2026-06-25	Chonnam National University	4557237	6	6	3190389	3190389	41	94.14	0.82	GCA_058410825.1|GCF_058410825.1
GCF_059492265.1	SOURCE_DATABASE_REFSEQ	Photobacterium damselae subsp. damselae	85581	GCUPdd		Complete Genome	current		GCA_059492265.1	PRJNA1142228	SAMN42932910	GCUPdd		heart	Phoca largha	South Korea: Jeju	2023-03	2026-07-17	Gachon University	4552871	3	3	3173451	3173451	40.5	99.11	0.61	GCA_059492265.1|GCF_059492265.1
GCF_059552575.1	SOURCE_DATABASE_REFSEQ	Photobacterium sp. HL06	3740344	HL06		Complete Genome	current		GCA_059552575.1	PRJNA1495497	SAMN61643004	HL06		sediment		China:South China Sea	2025-12-01	2026-07-21	Shanghai Ocean University	6953181	3	3	4098334	4098334	47	95.09	9.19	GCA_059552575.1|GCF_059552575.1
GCF_059623475.1	SOURCE_DATABASE_REFSEQ	Photobacterium ganghwense	320778	CF1.2		Scaffold	current		GCA_059623475.1	PRJNA1490486	SAMN61429489	CF1.2		seawater		India: Kochi	2018-09-06	2026-07-26	CENTRAL MARINE FISHERIES RESEARCH INSTITUTE	5420604	15	13	1787934	3527779	50.5	94.68	3.41	GCA_059623475.1|GCF_059623475.1
GCF_059727865.1	SOURCE_DATABASE_REFSEQ	Photobacterium damselae subsp. damselae	85581	TUMSAT-PD4		Complete Genome	current		GCA_059727865.1	PRJDB19558	SAMD00840470	TUMSAT-PD4			Penaeus japonicus	Japan:Miyazaki	2018-10-12	2026-04-17	Laboratory of Genome Science  Graduate School of Marine Science and Technology,	4560861	8	8	3263126	3263126	41	98.63	0.81	GCA_059727865.1|GCF_059727865.1
GCF_059727875.1	SOURCE_DATABASE_REFSEQ	Photobacterium damselae subsp. damselae	85581	TUMSAT-PD3		Complete Genome	current		GCA_059727875.1	PRJDB19558	SAMD00840469	TUMSAT-PD3			Penaeus japonicus	Japan:Okinawa, Kume-jima	2018-09-05	2026-04-17	Laboratory of Genome Science  Graduate School of Marine Science and Technology,	4820739	8	8	3349821	3349821	41	97.94	0.54	GCA_059727875.1|GCF_059727875.1
GCF_059727885.1	SOURCE_DATABASE_REFSEQ	Photobacterium damselae subsp. damselae	85581	TUMSAT-PD2		Complete Genome	current		GCA_059727885.1	PRJDB19558	SAMD00840468	TUMSAT-PD2			Penaeus japonicus	Japan:Nagasaki	2018-09-19	2026-04-17	Laboratory of Genome Science  Graduate School of Marine Science and Technology,	4582136	5	5	3254164	3254164	41	98.96	1.02	GCA_059727885.1|GCF_059727885.1
GCF_059727895.1	SOURCE_DATABASE_REFSEQ	Photobacterium damselae subsp. damselae	85581	TUMSAT-PD1		Complete Genome	current		GCA_059727895.1	PRJDB19558	SAMD00840467	TUMSAT-PD1			Penaeus japonicus	Japan:Okinawa, Ginoza	2018-10-12	2026-04-17	Laboratory of Genome Science  Graduate School of Marine Science and Technology,	4491228	5	5	3245377	3245377	41	98.65	1.07	GCA_059727895.1|GCF_059727895.1
GCF_059735745.1	SOURCE_DATABASE_REFSEQ	Photobacterium damselae	38293	HNDF01		Complete Genome	current		GCA_059735745.1	PRJNA1484815	SAMN61258053	HNDF01			Plectropomus leopardus	China: Hainan, Dongfang	2021-07-11	2026-07-31	Hainan Academy of Ocean and Fisheries Sciences	4335498	3	3	2950689	2950689	40.5	95.78	0.56	GCA_059735745.1|GCF_059735745.1
GCF_059740845.1	SOURCE_DATABASE_REFSEQ	Photobacterium damselae subsp. damselae	85581	PDD-SF-2		Complete Genome	current		GCA_059740845.1	PRJNA1492829	SAMN61540158	PDD-SF-2		liver		South Korea: Keongsangbuk-do, Pohang	2024-09	2026-08-01	Pukyong National University	5150595	7	7	3238279	3238279	40.5	98.96	2.53	GCA_059740845.1|GCF_059740845.1
GCF_059740915.1	SOURCE_DATABASE_REFSEQ	Photobacterium damselae subsp. damselae	85581	PDD-SF-3		Complete Genome	current		GCA_059740915.1	PRJNA1492837	SAMN61544343	PDD-SF-3		liver		South Korea: Keongsangbuk-do, Pohang	2024-09	2026-08-01	Pukyong National University	5125404	9	9	3225961	3225961	40.5	96.02	0.91	GCA_059740915.1|GCF_059740915.1
GCF_059740945.1	SOURCE_DATABASE_REFSEQ	Photobacterium damselae subsp. damselae	85581	PDD-SF-5		Complete Genome	current		GCA_059740945.1	PRJNA1492838	SAMN61544344	PDD-SF-5		liver		South Korea: Keongsangbuk-do, Pohang	2024-09	2026-08-01	Pukyong National University	4501660	2	2	3238115	3238115	41	98.92	0.68	GCA_059740945.1|GCF_059740945.1
GCF_059749295.1	SOURCE_DATABASE_REFSEQ	Photobacterium phosphoreum	659		MF05007	Contig	current		GCA_059749295.1	PRJNA1458235	SAMN57499752		MF05007	food industry environment		Norway	missing	2026-08-03	Nofima	5035059	130	130	77193	77193	39.5	97.35	1.74	GCA_059749295.1|GCF_059749295.1
GCF_059749375.1	SOURCE_DATABASE_REFSEQ	Photobacterium phosphoreum	659		MF05006	Contig	current		GCA_059749375.1	PRJNA1458235	SAMN57499751		MF05006	food industry environment		Norway	missing	2026-08-03	Nofima	5090729	256	256	64158	64158	39.5	96.86	1.88	GCA_059749375.1|GCF_059749375.1
GCF_059749395.1	SOURCE_DATABASE_REFSEQ	Photobacterium phosphoreum	659		MF03450	Contig	current		GCA_059749395.1	PRJNA1458235	SAMN57499750		MF03450	food industry environment		Norway	missing	2026-08-03	Nofima	4582742	92	92	134909	134909	39.5	97.3	0.82	GCA_059749395.1|GCF_059749395.1
GCF_059761285.1	SOURCE_DATABASE_REFSEQ	Photobacterium piscicola	1378299		MF09208	Contig	current		GCA_059761285.1	PRJNA1458235	SAMN57499775		MF09208	food industry environment		Norway	2025	2026-08-02	Nofima	4450585	58	58	146961	146961	39	96.27	1.94	GCA_059761285.1|GCF_059761285.1
GCF_059761325.1	SOURCE_DATABASE_REFSEQ	Photobacterium piscicola	1378299		MF09155	Contig	current		GCA_059761325.1	PRJNA1458235	SAMN57499774		MF09155	food industry environment		Norway	2024	2026-08-02	Nofima	4590153	65	65	187897	187897	39	96.27	1.64	GCA_059761325.1|GCF_059761325.1
GCF_059761345.1	SOURCE_DATABASE_REFSEQ	Photobacterium piscicola	1378299		MF05918	Contig	current		GCA_059761345.1	PRJNA1458235	SAMN57499773		MF05918	food industry environment		Norway	2014	2026-08-02	Nofima	4328508	104	104	94225	94225	39	96.57	0.95	GCA_059761345.1|GCF_059761345.1
GCF_059761365.1	SOURCE_DATABASE_REFSEQ	Photobacterium piscicola	1378299		MF05916	Contig	current		GCA_059761365.1	PRJNA1458235	SAMN57499772		MF05916	food industry environment		Norway	2014	2026-08-02	Nofima	4420372	125	125	75060	75060	39	96.37	1.16	GCA_059761365.1|GCF_059761365.1
GCF_059761385.1	SOURCE_DATABASE_REFSEQ	Photobacterium piscicola	1378299		MF05878	Contig	current		GCA_059761385.1	PRJNA1458235	SAMN57499770		MF05878	food industry environment		Norway	2014	2026-08-02	Nofima	4302345	92	92	109561	109561	39	96.88	1.45	GCA_059761385.1|GCF_059761385.1
GCF_059761395.1	SOURCE_DATABASE_REFSEQ	Photobacterium piscicola	1378299		MF05915	Contig	current		GCA_059761395.1	PRJNA1458235	SAMN57499771		MF05915	food industry environment		Norway	2014	2026-08-02	Nofima	4424743	157	157	68140	68140	39	96.57	1.3	GCA_059761395.1|GCF_059761395.1
GCF_059761425.1	SOURCE_DATABASE_REFSEQ	Photobacterium phosphoreum	659		MF09207	Contig	current		GCA_059761425.1	PRJNA1458235	SAMN57499769		MF09207	food industry environment		Norway	2025	2026-08-02	Nofima	4740549	61	61	202102	202102	39.5	97.04	1.6	GCA_059761425.1|GCF_059761425.1
GCF_059761445.1	SOURCE_DATABASE_REFSEQ	Photobacterium phosphoreum	659		MF09197	Contig	current		GCA_059761445.1	PRJNA1458235	SAMN57499768		MF09197	food industry environment		Norway	2025	2026-08-02	Nofima	4564547	61	61	188446	188446	39.5	97.35	0.95	GCA_059761445.1|GCF_059761445.1
GCF_059761455.1	SOURCE_DATABASE_REFSEQ	Photobacterium phosphoreum	659		MF08898	Contig	current		GCA_059761455.1	PRJNA1458235	SAMN57499767		MF08898	food industry environment		Norway	2024	2026-08-02	Nofima	4815695	75	75	180924	180924	39.5	97.35	1.29	GCA_059761455.1|GCF_059761455.1
GCF_059761485.1	SOURCE_DATABASE_REFSEQ	Photobacterium phosphoreum	659		MF08896	Contig	current		GCA_059761485.1	PRJNA1458235	SAMN57499766		MF08896	food industry environment		Norway	2024	2026-08-02	Nofima	4751942	82	82	186898	186898	39.5	97.19	1.72	GCA_059761485.1|GCF_059761485.1
GCF_059761505.1	SOURCE_DATABASE_REFSEQ	Photobacterium phosphoreum	659		MF08894	Contig	current		GCA_059761505.1	PRJNA1458235	SAMN57499765		MF08894	food industry environment		Norway	2024	2026-08-02	Nofima	4526805	76	76	168158	168158	39.5	97.35	1.05	GCA_059761505.1|GCF_059761505.1
GCF_059761525.1	SOURCE_DATABASE_REFSEQ	Photobacterium phosphoreum	659		MF08640	Contig	current		GCA_059761525.1	PRJNA1458235	SAMN57499764		MF08640	food industry environment		Norway	2024	2026-08-02	Nofima	4780324	48	48	215785	215785	39.5	97.19	1.37	GCA_059761525.1|GCF_059761525.1
GCF_059761545.1	SOURCE_DATABASE_REFSEQ	Photobacterium phosphoreum	659		MF07469	Contig	current		GCA_059761545.1	PRJNA1458235	SAMN57499763		MF07469	food industry environment		Norway	2016	2026-08-02	Nofima	4789297	145	145	77007	77007	39.5	97.65	1.2	GCA_059761545.1|GCF_059761545.1
GCF_059761565.1	SOURCE_DATABASE_REFSEQ	Photobacterium phosphoreum	659		MF06143	Contig	current		GCA_059761565.1	PRJNA1458235	SAMN57499762		MF06143	food industry environment		Norway	2015	2026-08-02	Nofima	4521857	85	85	123632	123632	39.5	97.65	1.21	GCA_059761565.1|GCF_059761565.1
GCF_059761585.1	SOURCE_DATABASE_REFSEQ	Photobacterium phosphoreum	659		MF05845	Contig	current		GCA_059761585.1	PRJNA1458235	SAMN57499761		MF05845	food industry environment		Norway	2014	2026-08-02	Nofima	4769064	88	88	148401	148401	39.5	97.35	1.85	GCA_059761585.1|GCF_059761585.1
GCF_059761605.1	SOURCE_DATABASE_REFSEQ	Photobacterium phosphoreum	659		MF05524	Contig	current		GCA_059761605.1	PRJNA1458235	SAMN57499760		MF05524	food industry environment		Norway	2014	2026-08-02	Nofima	4841525	339	339	28640	28640	39.5	97.35	1.31	GCA_059761605.1|GCF_059761605.1
GCF_059761625.1	SOURCE_DATABASE_REFSEQ	Photobacterium phosphoreum	659		MF05520	Contig	current		GCA_059761625.1	PRJNA1458235	SAMN57499759		MF05520	food industry environment		Norway	2014	2026-08-02	Nofima	4547506	201	201	44138	44138	39.5	97.35	0.64	GCA_059761625.1|GCF_059761625.1
GCF_059761645.1	SOURCE_DATABASE_REFSEQ	Photobacterium phosphoreum	659		MF05456	Contig	current		GCA_059761645.1	PRJNA1458235	SAMN57499758		MF05456	food industry environment		Norway	2014	2026-08-02	Nofima	4914762	227	227	44459	44459	39.5	97.35	1.52	GCA_059761645.1|GCF_059761645.1
GCF_059761665.1	SOURCE_DATABASE_REFSEQ	Photobacterium phosphoreum	659		MF05455	Contig	current		GCA_059761665.1	PRJNA1458235	SAMN57499757		MF05455	food industry environment		Norway	2014	2026-08-02	Nofima	4394060	258	258	33832	33832	40	95.86	1.89	GCA_059761665.1|GCF_059761665.1
GCA_059761685.1	SOURCE_DATABASE_GENBANK	Photobacterium phosphoreum	659		MF05454	Contig	current			PRJNA1458235	SAMN57499756		MF05454	food industry environment		Norway	2014	2026-08-02	Nofima	4113256	295	295	25364	25364	40	87.14	0.61	GCA_059761685.1
GCF_059761705.1	SOURCE_DATABASE_REFSEQ	Photobacterium phosphoreum	659		MF05453	Contig	current		GCA_059761705.1	PRJNA1458235	SAMN57499755		MF05453	food industry environment		Norway	2014	2026-08-02	Nofima	4999145	107	107	127784	127784	39.5	97.35	1.61	GCA_059761705.1|GCF_059761705.1
GCF_059761725.1	SOURCE_DATABASE_REFSEQ	Photobacterium phosphoreum	659		MF05452	Contig	current		GCA_059761725.1	PRJNA1458235	SAMN57499754		MF05452	food industry environment		Norway	2014	2026-08-02	Nofima	4532713	87	87	124459	124459	39.5	97.35	1.36	GCA_059761725.1|GCF_059761725.1
GCF_059761745.1	SOURCE_DATABASE_REFSEQ	Photobacterium phosphoreum	659		MF05451	Contig	current		GCA_059761745.1	PRJNA1458235	SAMN57499753		MF05451	food industry environment		Norway	2014	2026-08-02	Nofima	4504006	178	178	55076	55076	39.5	97.35	1.05	GCA_059761745.1|GCF_059761745.1
GCF_059761755.1	SOURCE_DATABASE_REFSEQ	Photobacterium iliopiscarium	56192		MF08895	Contig	current		GCA_059761755.1	PRJNA1458235	SAMN57499749		MF08895	food industry environment		Norway	2024	2026-08-02	Nofima	4373238	58	58	245286	245286	39	96.06	0.69	GCA_059761755.1|GCF_059761755.1
GCF_059761785.1	SOURCE_DATABASE_REFSEQ	Photobacterium iliopiscarium	56192		MF08641	Contig	current		GCA_059761785.1	PRJNA1458235	SAMN57499747		MF08641	food industry environment		Norway	2024	2026-08-02	Nofima	4283144	44	44	914203	914203	39	96.37	1.14	GCA_059761785.1|GCF_059761785.1
GCF_059761805.1	SOURCE_DATABASE_REFSEQ	Photobacterium iliopiscarium	56192		MF08645	Contig	current		GCA_059761805.1	PRJNA1458235	SAMN57499748		MF08645	food industry environment		Norway	2024	2026-08-02	Nofima	4337168	64	64	170768	170768	39	96.06	1.14	GCA_059761805.1|GCF_059761805.1
GCF_059761825.1	SOURCE_DATABASE_REFSEQ	Photobacterium iliopiscarium	56192		MF07473	Contig	current		GCA_059761825.1	PRJNA1458235	SAMN57499746		MF07473	food industry environment		Norway	2016	2026-08-02	Nofima	4798277	341	341	77412	77412	39	95.56	1.85	GCA_059761825.1|GCF_059761825.1
GCF_059761845.1	SOURCE_DATABASE_REFSEQ	Photobacterium iliopiscarium	56192		MF06573	Contig	current		GCA_059761845.1	PRJNA1458235	SAMN57499745		MF06573	food industry environment		Norway	2016	2026-08-02	Nofima	4771645	409	409	45174	45174	39	95.56	1.67	GCA_059761845.1|GCF_059761845.1
GCF_059761855.1	SOURCE_DATABASE_REFSEQ	Photobacterium iliopiscarium	56192		MF06142	Contig	current		GCA_059761855.1	PRJNA1458235	SAMN57499744		MF06142	food industry environment		Norway	2015	2026-08-02	Nofima	4770922	422	422	36276	36276	39	95.71	1.61	GCA_059761855.1|GCF_059761855.1
GCF_059761885.1	SOURCE_DATABASE_REFSEQ	Photobacterium iliopiscarium	56192		MF06141	Contig	current		GCA_059761885.1	PRJNA1458235	SAMN57499743		MF06141	food industry environment		Norway	2015	2026-08-02	Nofima	4913588	423	423	49722	49722	39	95.65	2.05	GCA_059761885.1|GCF_059761885.1
GCF_059761905.1	SOURCE_DATABASE_REFSEQ	Photobacterium iliopiscarium	56192		MF05877	Contig	current		GCA_059761905.1	PRJNA1458235	SAMN57499741		MF05877	food industry environment		Norway	2014	2026-08-02	Nofima	4153627	96	96	106649	106649	39	96.32	1.74	GCA_059761905.1|GCF_059761905.1
GCF_059761915.1	SOURCE_DATABASE_REFSEQ	Photobacterium iliopiscarium	56192		MF05880	Contig	current		GCA_059761915.1	PRJNA1458235	SAMN57499742		MF05880	food industry environment		Norway	2014	2026-08-02	Nofima	4304378	123	123	78306	78306	39	96.68	1.13	GCA_059761915.1|GCF_059761915.1
GCF_059784805.1	SOURCE_DATABASE_REFSEQ	Photobacterium damselae subsp. damselae	85581	YC211109		Complete Genome	current		GCA_059784805.1	PRJNA1504430	SAMN62058209	YC211109	not collected	kidney tissus	Pampus argenteus	missing	2021-07-20	2026-08-04	ningbo university	4552924	4	4	3174388	3174388	40.5	98.58	1.15	GCA_059784805.1|GCF_059784805.1
GCF_059833865.1	SOURCE_DATABASE_REFSEQ	Photobacterium damselae	38293		R15-SW2-ISO4	Contig	current		GCA_059833865.1	PRJNA1432075	SAMN56336039		R15-SW2-ISO4	Key Biscayne coast	seawater	USA: Florida, Key Biscayne	2024-07-10	2026-08-05	University of Miami	4206821	444	444	13538	13538	40.5	92.8	2.97	GCA_059833865.1|GCF_059833865.1
GCF_059920555.1	SOURCE_DATABASE_REFSEQ	Photobacterium panuliri	1340529	JCM 19199		Complete Genome	current		GCA_059920555.1	PRJNA1285118	SAMN49749671	JCM 19199		eggs	Panulirus penicillatus	India: Andaman Sea	2012-03	2026-08-07	University of Miyazaki	5098285	2	2	3516117	3516117	49.5	95.86	4.1	GCA_059920555.1|GCF_059920555.1
GCF_059941365.1	SOURCE_DATABASE_REFSEQ	Photobacterium sp. 270122K	3447297	270122K		Contig	current		GCA_059941365.1	PRJNA1285116	SAMN49749670	270122K		Water sample		Japan: Miyazaki	2022-01-26	2026-08-07	University of Miyazaki	5254041	26	26	322828	322828	49.5	96.26	4.35	GCA_059941365.1|GCF_059941365.1
GCF_060143805.1	SOURCE_DATABASE_REFSEQ	Photobacterium leiognathi subsp. mandapamensis	48408	Sc7.11		Complete Genome	current		GCA_060143805.1	PRJNA1227675	SAMN46990475	Sc7.11		Isolated from fish organs	Siphamia cephalotes	Australia: Sydney, Fairlights	2023-03-10	2025-03-10	Temple University	4880562	3	3	3238926	3238926	41	99.04	0.31	GCA_060143805.1|GCF_060143805.1
GCF_900166965.1	SOURCE_DATABASE_REFSEQ	Photobacterium piscicola	1378299	NCCB 100098T		Scaffold	current		GCA_900166965.1	PRJEB19053	SAMEA93355168	NCCB 100098T				Netherlands	2004-07	2017-03-17	UVEG	4525300	66	65	553764	553764	39	96.57	1.61	GCA_900166965.1|GCF_900166965.1
GCF_900166975.1	SOURCE_DATABASE_REFSEQ	Photobacterium toruni	1935446	CECT 9189T		Scaffold	current		GCA_900166975.1	PRJEB19054	SAMEA93355918	CECT 9189T				Spain	2011	2017-03-17	UVEG	4420947	120	118	114487	128581	38.5	96.02	0.85	GCA_900166975.1|GCF_900166975.1
GCF_900185565.1	SOURCE_DATABASE_REFSEQ	Photobacterium aquimaris	512643	CECT 9191		Scaffold	current		GCA_900185565.1	PRJEB19610	SAMEA104106936	CECT 9191				Spain	2004	2017-06-03	UVEG	4306099	54	53	550839	550839	39.5	96.94	0.75	GCA_900185565.1|GCF_900185565.1
GCF_900185615.1	SOURCE_DATABASE_REFSEQ	Photobacterium malacitanum	2204294	CECT 9190T		Scaffold	current	reference genome	GCA_900185615.1	PRJEB19609	SAMEA104113108	CECT 9190T				Spain	2004	2017-06-06	UVEG	4380538	56	55	433037	433037	40	97.4	0.92	GCA_900185615.1|GCF_900185615.1
GCF_900185625.1	SOURCE_DATABASE_REFSEQ	Photobacterium andalusiense	2204296	CECT 9192T		Scaffold	current	reference genome	GCA_900185625.1	PRJEB19608	SAMEA104113107	CECT 9192T				Spain	2004	2017-06-06	UVEG	4455676	70	68	442834	442834	39.5	97.71	1.15	GCA_900185625.1|GCF_900185625.1
GCF_900454585.1	SOURCE_DATABASE_REFSEQ	Photobacterium damselae	38293	NCTC11647		Contig	current		GCA_900454585.1	PRJEB6403	SAMEA4362424	NCTC11647		skin lesion	Fish (Damsel Fish)		1900/1984	2018-06-29	SC	5058754	11	11	2798225	2798225	41	99.27	0.54	GCA_900454585.1|GCF_900454585.1
GCF_900454595.1	SOURCE_DATABASE_REFSEQ	Photobacterium damselae	38293	NCTC11648		Contig	current		GCA_900454595.1	PRJEB6403	SAMEA104338370	NCTC11648		not available: to be reported later	missing		1900/1984	2018-06-29	SC	4607709	12	12	1229970	1229970	40.5	97.58	0.89	GCA_900454595.1|GCF_900454595.1
GCF_900454675.1	SOURCE_DATABASE_REFSEQ	Photobacterium damselae	38293	NCTC11646		Contig	current		GCA_900454675.1	PRJEB6403	SAMEA104210785	NCTC11646		Leg Wound	Homo sapiens	United Kingdom: Chichester	1900/1984	2018-08-01	SC	4660302	6	6	2422534	2422534	40.5	99.04	0.23	GCA_900454675.1|GCF_900454675.1
GCF_900537155.1	SOURCE_DATABASE_REFSEQ	Photobacterium sp. Alg240-V54	2305995		Alg240-V54	Contig	current		GCA_900537155.1	PRJEB28331	SAMEA4873277					Portugal	2015-04-30	2020-02-10	Elham Karimi	4388228	22	22	590928	590928	40	97.4	1.15	GCA_900537155.1|GCF_900537155.1
GCF_947498665.1	SOURCE_DATABASE_REFSEQ	Photobacterium sanguinicancri	875932		459.fasta	Contig	current		GCA_947498665.1	PRJEB57783	SAMEA112157095					China	2018-10-15	2023-01-30	marine college, shandong university	5392110	125	125	192615	192615	43.5	96.31	2.4	GCA_947498665.1|GCF_947498665.1
GCF_949787665.1	SOURCE_DATABASE_REFSEQ	Photobacterium phosphoreum	659	MIP2473	MIP2473	Complete Genome	current		GCA_949787665.1	PRJEB60605	SAMEA112774573	MIP2473	MIP2473	bacterial strain isolated from fresh salmon		France	2010-01-01	2023-04-16	Ifremer	4663684	2	2	3242459	3242459	40	97.35	1.47	GCA_949787665.1|GCF_949787665.1
GCF_963861245.1	SOURCE_DATABASE_REFSEQ	Photobacterium marinum	1056511		ena-yuan-GCF_000331515.1	Contig	current		GCA_963861245.1	PRJEB71012	SAMEA115014853					not collected	not collected	2024-03-04	Nanjing Agriculture University	5536962	83	83	179358	179358	46	94.85	5.41	GCA_963861245.1|GCF_963861245.1
GCF_963870815.1	SOURCE_DATABASE_REFSEQ	Photobacterium sp. J15	265901		ena-yuan-GCF_001655635.1	Contig	current		GCA_963870815.1	PRJEB71012	SAMEA115015916					not collected	not collected	2024-03-04	Nanjing Agriculture University	5684538	3	3	3750962	3750962	46.5	95	6.01	GCA_963870815.1|GCF_963870815.1
GCF_963886015.1	SOURCE_DATABASE_REFSEQ	Photobacterium lucens	2562949		ena-yuan-GCF_009873615.1	Scaffold	current		GCA_963886015.1	PRJEB71012	SAMEA115018119					not collected	not collected	2024-03-04	Nanjing Agriculture University	4511596	504	494	16597	17109	41.5	98.72	0.68	GCA_963886015.1|GCF_963886015.1
GCF_963886165.1	SOURCE_DATABASE_REFSEQ	Photobacterium lucens	2562949		ena-yuan-GCF_009874335.1	Scaffold	current		GCA_963886165.1	PRJEB71012	SAMEA115018120					not collected	not collected	2024-03-04	Nanjing Agriculture University	4547386	378	377	24598	24598	41.5	99.02	0.34	GCA_963886165.1|GCF_963886165.1
GCF_965118505.1	SOURCE_DATABASE_REFSEQ	Photobacterium phosphoreum	659	SF1731	SF1731	Contig	current		GCA_965118505.1	PRJEB60605	SAMEA117624683	SF1731	SF1731	bacterial strain isolated from smoked salmon		France	1999-01-01	2025-01-29	The French Research Institute for Exploitation of the Sea	4456388	72	72	157697	157697	39.5	97.35	1.36	GCA_965118505.1|GCF_965118505.1
GCF_965118525.1	SOURCE_DATABASE_REFSEQ	Photobacterium phosphoreum	659	SF661-B	SF661-B	Contig	current		GCA_965118525.1	PRJEB60605	SAMEA117624689	SF661-B	SF661-B	bacterial strain isolated from smoked salmon		France	1996-01-01	2025-01-29	The French Research Institute for Exploitation of the Sea	4565602	88	88	167074	167074	39.5	97.35	1.05	GCA_965118525.1|GCF_965118525.1
GCF_965119175.1	SOURCE_DATABASE_REFSEQ	Photobacterium phosphoreum	659	MIP2569	MIP2569	Contig	current		GCA_965119175.1	PRJEB60605	SAMEA117624651	MIP2569	MIP2569	bacterial strain isolated from fresh salmon		France	2010-01-01	2025-01-29	The French Research Institute for Exploitation of the Sea	4686147	61	61	207881	207881	39.5	97.35	1.97	GCA_965119175.1|GCF_965119175.1
GCF_965119195.1	SOURCE_DATABASE_REFSEQ	Photobacterium phosphoreum	659	MIP2586	MIP2586	Contig	current		GCA_965119195.1	PRJEB60605	SAMEA117624655	MIP2586	MIP2586	bacterial strain isolated from fresh salmon		France	2010-01-01	2025-01-29	The French Research Institute for Exploitation of the Sea	4515374	62	62	188731	188731	39.5	97.25	1.33	GCA_965119195.1|GCF_965119195.1
