WP_065193859.1	GCF_003026615.1|WP_065193859.1	100.000	770	770	770	0.0	1612	100	Orn/Lys/Arg family decarboxylase [Photobacterium phosphoreum]
WP_065193859.1	GCF_001676135.1|WP_065193859.1	100.000	770	770	770	0.0	1612	100	Orn/Lys/Arg family decarboxylase [Photobacterium phosphoreum]
WP_065193859.1	GCF_059761645.1|WP_065194415.1	99.870	770	770	770	0.0	1610	100	Orn/Lys/Arg family decarboxylase [Photobacterium phosphoreum]
WP_065193859.1	GCF_059761625.1|WP_065194415.1	99.870	770	770	770	0.0	1610	100	Orn/Lys/Arg family decarboxylase [Photobacterium phosphoreum]
WP_065193859.1	GCF_059761565.1|WP_065194415.1	99.870	770	770	770	0.0	1610	100	Orn/Lys/Arg family decarboxylase [Photobacterium phosphoreum]
WP_065193859.1	GCF_059749375.1|WP_065194415.1	99.870	770	770	770	0.0	1610	100	Orn/Lys/Arg family decarboxylase [Photobacterium phosphoreum]
WP_065193859.1	GCF_021237045.1|WP_065194415.1	99.870	770	770	770	0.0	1610	100	Orn/Lys/Arg family decarboxylase [Photobacterium phosphoreum]
WP_065193859.1	GCF_021237025.1|WP_065194415.1	99.870	770	770	770	0.0	1610	100	Orn/Lys/Arg family decarboxylase [Photobacterium phosphoreum]
WP_065193859.1	GCF_021236685.1|WP_065194415.1	99.870	770	770	770	0.0	1610	100	Orn/Lys/Arg family decarboxylase [Photobacterium phosphoreum]
WP_065193859.1	GCF_003026545.1|WP_065194415.1	99.870	770	770	770	0.0	1610	100	Orn/Lys/Arg family decarboxylase [Photobacterium phosphoreum]
WP_065193859.1	GCF_003025855.1|WP_065194415.1	99.870	770	770	770	0.0	1610	100	Orn/Lys/Arg family decarboxylase [Photobacterium phosphoreum]
WP_065193859.1	GCF_003025795.1|WP_065194415.1	99.870	770	770	770	0.0	1610	100	Orn/Lys/Arg family decarboxylase [Photobacterium phosphoreum]
WP_065193859.1	GCF_001676195.1|WP_065194415.1	99.870	770	770	770	0.0	1610	100	Orn/Lys/Arg family decarboxylase [Photobacterium phosphoreum]
WP_065193859.1	GCF_021236705.1|WP_232573904.1	99.740	770	770	770	0.0	1609	100	Orn/Lys/Arg family decarboxylase [Photobacterium phosphoreum]
WP_065193859.1	GCF_965118505.1|WP_413516788.1	99.740	770	770	770	0.0	1608	100	Orn/Lys/Arg family decarboxylase [Photobacterium phosphoreum]
WP_065193859.1	GCF_059761745.1|WP_413516788.1	99.740	770	770	770	0.0	1608	100	Orn/Lys/Arg family decarboxylase [Photobacterium phosphoreum]
WP_065193859.1	GCF_059761725.1|WP_413516788.1	99.740	770	770	770	0.0	1608	100	Orn/Lys/Arg family decarboxylase [Photobacterium phosphoreum]
WP_065193859.1	GCF_965119175.1|WP_413505860.1	99.740	770	770	770	0.0	1608	100	Orn/Lys/Arg family decarboxylase [Photobacterium phosphoreum]
WP_065193859.1	GCF_965118525.1|WP_107303299.1	99.740	770	770	770	0.0	1608	100	Orn/Lys/Arg family decarboxylase [Photobacterium phosphoreum]
WP_065193859.1	GCF_949787665.1|WP_107303299.1	99.740	770	770	770	0.0	1608	100	Orn/Lys/Arg family decarboxylase [Photobacterium phosphoreum]
WP_065193859.1	GCF_059761705.1|WP_107303299.1	99.740	770	770	770	0.0	1608	100	Orn/Lys/Arg family decarboxylase [Photobacterium phosphoreum]
WP_065193859.1	GCF_059761525.1|WP_107303299.1	99.740	770	770	770	0.0	1608	100	Orn/Lys/Arg family decarboxylase [Photobacterium phosphoreum]
WP_065193859.1	GCF_059761485.1|WP_107303299.1	99.740	770	770	770	0.0	1608	100	Orn/Lys/Arg family decarboxylase [Photobacterium phosphoreum]
WP_065193859.1	GCF_059761445.1|WP_107303299.1	99.740	770	770	770	0.0	1608	100	Orn/Lys/Arg family decarboxylase [Photobacterium phosphoreum]
WP_065193859.1	GCF_059749295.1|WP_107303299.1	99.740	770	770	770	0.0	1608	100	Orn/Lys/Arg family decarboxylase [Photobacterium phosphoreum]
WP_065193859.1	GCF_003025775.1|WP_107303299.1	99.740	770	770	770	0.0	1608	100	Orn/Lys/Arg family decarboxylase [Photobacterium phosphoreum]
WP_065193859.1	GCF_059761545.1|WP_498207788.1	99.610	770	770	770	0.0	1607	100	Orn/Lys/Arg family decarboxylase [Photobacterium phosphoreum]
WP_065193859.1	GCF_003025815.1|WP_338090079.1	99.607	764	770	764	0.0	1595	99	Orn/Lys/Arg family decarboxylase [Photobacterium phosphoreum]
WP_065193859.1	GCF_036040135.1|WP_327777331.1	97.659	769	770	769	0.0	1574	99	Orn/Lys/Arg family decarboxylase [Photobacterium toruni]
WP_065193859.1	GCF_021236805.1|WP_232575933.1	97.013	770	770	771	0.0	1571	100	Orn/Lys/Arg family decarboxylase [Photobacterium carnosum]
WP_065193859.1	GCF_059761605.1|WP_498163305.1	99.733	749	770	749	0.0	1567	97	Orn/Lys/Arg family decarboxylase, partial [Photobacterium phosphoreum]
WP_065193859.1	GCF_003025995.1|WP_054262195.1	94.286	770	770	771	0.0	1533	100	Orn/Lys/Arg family decarboxylase [Photobacterium kishitanii]
WP_065193859.1	GCF_000613045.3|WP_054262195.1	94.286	770	770	771	0.0	1533	100	Orn/Lys/Arg family decarboxylase [Photobacterium kishitanii]
WP_065193859.1	GCF_003025935.1|WP_107226104.1	94.026	770	770	771	0.0	1529	100	Orn/Lys/Arg family decarboxylase [Photobacterium kishitanii]
WP_065193859.1	GCF_003025875.1|WP_338133856.1	89.136	764	770	765	0.0	1451	99	Orn/Lys/Arg family decarboxylase [Photobacterium phosphoreum]
WP_065193859.1	GCF_001676275.1|WP_202908000.1	97.405	655	770	680	0.0	1344	85	Orn/Lys/Arg decarboxylase N-terminal domain-containing protein [Photobacterium phosphoreum]
WP_065193859.1	GCF_051046875.1|WP_434144853.1	38.278	755	770	764	0.0	558	98	arginine decarboxylase [Photobacterium leiognathi]
WP_065193859.1	GCF_049315015.1|WP_422767391.1	38.278	755	770	764	0.0	558	98	arginine decarboxylase [Photobacterium leiognathi]
WP_065193859.1	GCF_033447665.1|WP_318453301.1	38.278	755	770	764	0.0	558	98	arginine decarboxylase [Photobacterium leiognathi]
WP_065193859.1	GCF_052879315.1|WP_446524057.1	38.970	757	770	763	0.0	558	98	arginine decarboxylase [Photobacterium damselae]
WP_065193859.1	GCF_030169005.1|WP_284633567.1	38.970	757	770	763	0.0	558	98	arginine decarboxylase [Photobacterium damselae]
WP_065193859.1	GCF_963886165.1|WP_161118043.1	38.462	754	770	764	0.0	557	98	arginine decarboxylase [Photobacterium lucens]
WP_065193859.1	GCF_058073005.1|WP_489742991.1	38.146	755	770	764	0.0	557	98	arginine decarboxylase [Photobacterium leiognathi]
WP_065193859.1	GCF_033458845.1|WP_318486042.1	38.146	755	770	764	0.0	557	98	arginine decarboxylase [Photobacterium leiognathi]
WP_065193859.1	GCF_033447905.1|WP_318511400.1	38.146	755	770	764	0.0	557	98	arginine decarboxylase [Photobacterium leiognathi]
WP_065193859.1	GCF_033447865.1|WP_318486042.1	38.146	755	770	764	0.0	557	98	arginine decarboxylase [Photobacterium leiognathi]
WP_065193859.1	GCF_033447645.1|WP_107233735.1	38.146	755	770	764	0.0	557	98	arginine decarboxylase [Photobacterium leiognathi]
WP_065193859.1	GCF_033447445.1|WP_107233735.1	38.146	755	770	764	0.0	557	98	arginine decarboxylase [Photobacterium leiognathi]
WP_065193859.1	GCF_033447415.1|WP_107233735.1	38.146	755	770	764	0.0	557	98	arginine decarboxylase [Photobacterium leiognathi]
WP_065193859.1	GCF_033447345.1|WP_107233735.1	38.146	755	770	764	0.0	557	98	arginine decarboxylase [Photobacterium leiognathi]
WP_065193859.1	GCF_030716995.1|WP_305817883.1	38.146	755	770	764	0.0	557	98	arginine decarboxylase [Photobacterium leiognathi]
WP_065193859.1	GCF_009874335.1|WP_161118043.1	38.462	754	770	764	0.0	557	98	arginine decarboxylase [Photobacterium lucens]
WP_065193859.1	GCF_003026235.1|WP_045062983.1	38.462	754	770	764	0.0	557	98	arginine decarboxylase [Photobacterium leiognathi]
WP_065193859.1	GCF_003026015.1|WP_107233735.1	38.146	755	770	764	0.0	557	98	arginine decarboxylase [Photobacterium leiognathi]
WP_065193859.1	GCF_000950415.1|WP_045062983.1	38.462	754	770	764	0.0	557	98	arginine decarboxylase [Photobacterium leiognathi]
WP_065193859.1	GCF_900454585.1|WP_005299980.1	38.838	757	770	763	0.0	556	98	arginine decarboxylase [Photobacterium damselae]
WP_065193859.1	GCF_060143805.1|WP_008986697.1	38.146	755	770	764	0.0	556	98	arginine decarboxylase [Photobacterium leiognathi]
WP_065193859.1	GCF_054486545.1|WP_459060109.1	38.970	757	770	763	0.0	556	98	arginine decarboxylase [Photobacterium damselae]
WP_065193859.1	GCF_051046865.1|WP_008986697.1	38.146	755	770	764	0.0	556	98	arginine decarboxylase [Photobacterium leiognathi]
WP_065193859.1	GCF_033458905.1|WP_008986697.1	38.146	755	770	764	0.0	556	98	arginine decarboxylase [Photobacterium leiognathi]
WP_065193859.1	GCF_033448665.1|WP_008986697.1	38.146	755	770	764	0.0	556	98	arginine decarboxylase [Photobacterium leiognathi]
WP_065193859.1	GCF_033448645.1|WP_008986697.1	38.146	755	770	764	0.0	556	98	arginine decarboxylase [Photobacterium leiognathi]
WP_065193859.1	GCF_033448625.1|WP_008986697.1	38.146	755	770	764	0.0	556	98	arginine decarboxylase [Photobacterium leiognathi]
WP_065193859.1	GCF_033448605.1|WP_008986697.1	38.146	755	770	764	0.0	556	98	arginine decarboxylase [Photobacterium leiognathi]
WP_065193859.1	GCF_033448585.1|WP_008986697.1	38.146	755	770	764	0.0	556	98	arginine decarboxylase [Photobacterium leiognathi]
WP_065193859.1	GCF_033448485.1|WP_008986697.1	38.146	755	770	764	0.0	556	98	arginine decarboxylase [Photobacterium leiognathi]
WP_065193859.1	GCF_033448445.1|WP_008986697.1	38.146	755	770	764	0.0	556	98	arginine decarboxylase [Photobacterium leiognathi]
WP_065193859.1	GCF_033448425.1|WP_008986697.1	38.146	755	770	764	0.0	556	98	arginine decarboxylase [Photobacterium leiognathi]
WP_065193859.1	GCF_033448405.1|WP_008986697.1	38.146	755	770	764	0.0	556	98	arginine decarboxylase [Photobacterium leiognathi]
WP_065193859.1	GCF_033448385.1|WP_008986697.1	38.146	755	770	764	0.0	556	98	arginine decarboxylase [Photobacterium leiognathi]
WP_065193859.1	GCF_033448365.1|WP_008986697.1	38.146	755	770	764	0.0	556	98	arginine decarboxylase [Photobacterium leiognathi]
WP_065193859.1	GCF_033448305.1|WP_008986697.1	38.146	755	770	764	0.0	556	98	arginine decarboxylase [Photobacterium leiognathi]
WP_065193859.1	GCF_033448245.1|WP_008986697.1	38.146	755	770	764	0.0	556	98	arginine decarboxylase [Photobacterium leiognathi]
WP_065193859.1	GCF_033448215.1|WP_008986697.1	38.146	755	770	764	0.0	556	98	arginine decarboxylase [Photobacterium leiognathi]
WP_065193859.1	GCF_033448145.1|WP_008986697.1	38.146	755	770	764	0.0	556	98	arginine decarboxylase [Photobacterium leiognathi]
WP_065193859.1	GCF_033448125.1|WP_008986697.1	38.146	755	770	764	0.0	556	98	arginine decarboxylase [Photobacterium leiognathi]
WP_065193859.1	GCF_033448105.1|WP_008986697.1	38.146	755	770	764	0.0	556	98	arginine decarboxylase [Photobacterium leiognathi]
WP_065193859.1	GCF_033448085.1|WP_008986697.1	38.146	755	770	764	0.0	556	98	arginine decarboxylase [Photobacterium leiognathi]
WP_065193859.1	GCF_033448065.1|WP_008986697.1	38.146	755	770	764	0.0	556	98	arginine decarboxylase [Photobacterium leiognathi]
WP_065193859.1	GCF_033448045.1|WP_008986697.1	38.146	755	770	764	0.0	556	98	arginine decarboxylase [Photobacterium leiognathi]
WP_065193859.1	GCF_033448025.1|WP_008986697.1	38.146	755	770	764	0.0	556	98	arginine decarboxylase [Photobacterium leiognathi]
WP_065193859.1	GCF_033448005.1|WP_008986697.1	38.146	755	770	764	0.0	556	98	arginine decarboxylase [Photobacterium leiognathi]
WP_065193859.1	GCF_033447985.1|WP_008986697.1	38.146	755	770	764	0.0	556	98	arginine decarboxylase [Photobacterium leiognathi]
WP_065193859.1	GCF_033447965.1|WP_008986697.1	38.146	755	770	764	0.0	556	98	arginine decarboxylase [Photobacterium leiognathi]
WP_065193859.1	GCF_033447945.1|WP_008986697.1	38.146	755	770	764	0.0	556	98	arginine decarboxylase [Photobacterium leiognathi]
WP_065193859.1	GCF_033447755.1|WP_318455943.1	38.146	755	770	764	0.0	556	98	arginine decarboxylase [Photobacterium leiognathi]
WP_065193859.1	GCF_033447745.1|WP_008986697.1	38.146	755	770	764	0.0	556	98	arginine decarboxylase [Photobacterium leiognathi]
WP_065193859.1	GCF_033447695.1|WP_008986697.1	38.146	755	770	764	0.0	556	98	arginine decarboxylase [Photobacterium leiognathi]
WP_065193859.1	GCF_033447685.1|WP_008986697.1	38.146	755	770	764	0.0	556	98	arginine decarboxylase [Photobacterium leiognathi]
WP_065193859.1	GCF_033447605.1|WP_008986697.1	38.146	755	770	764	0.0	556	98	arginine decarboxylase [Photobacterium leiognathi]
WP_065193859.1	GCF_033447565.1|WP_008986697.1	38.146	755	770	764	0.0	556	98	arginine decarboxylase [Photobacterium leiognathi]
WP_065193859.1	GCF_033447505.1|WP_008986697.1	38.146	755	770	764	0.0	556	98	arginine decarboxylase [Photobacterium leiognathi]
WP_065193859.1	GCF_033447495.1|WP_008986697.1	38.146	755	770	764	0.0	556	98	arginine decarboxylase [Photobacterium leiognathi]
WP_065193859.1	GCF_033447385.1|WP_008986697.1	38.146	755	770	764	0.0	556	98	arginine decarboxylase [Photobacterium leiognathi]
WP_065193859.1	GCF_033447365.1|WP_008986697.1	38.146	755	770	764	0.0	556	98	arginine decarboxylase [Photobacterium leiognathi]
WP_065193859.1	GCF_033447015.1|WP_008986697.1	38.146	755	770	764	0.0	556	98	arginine decarboxylase [Photobacterium leiognathi]
WP_065193859.1	GCF_033446985.1|WP_008986697.1	38.146	755	770	764	0.0	556	98	arginine decarboxylase [Photobacterium leiognathi]
WP_065193859.1	GCF_030716975.1|WP_008986697.1	38.146	755	770	764	0.0	556	98	arginine decarboxylase [Photobacterium leiognathi]
WP_065193859.1	GCF_030685515.1|WP_305374143.1	38.146	755	770	764	0.0	556	98	arginine decarboxylase [Photobacterium leiognathi]
WP_065193859.1	GCF_030685435.1|WP_008986697.1	38.146	755	770	764	0.0	556	98	arginine decarboxylase [Photobacterium leiognathi]
WP_065193859.1	GCF_030685395.1|WP_008986697.1	38.146	755	770	764	0.0	556	98	arginine decarboxylase [Photobacterium leiognathi]
WP_065193859.1	GCF_030685355.1|WP_008986697.1	38.146	755	770	764	0.0	556	98	arginine decarboxylase [Photobacterium leiognathi]
WP_065193859.1	GCF_030685335.1|WP_008986697.1	38.146	755	770	764	0.0	556	98	arginine decarboxylase [Photobacterium leiognathi]
WP_065193859.1	GCF_030685315.1|WP_008986697.1	38.146	755	770	764	0.0	556	98	arginine decarboxylase [Photobacterium leiognathi]
WP_065193859.1	GCF_022129615.1|WP_008986697.1	38.146	755	770	764	0.0	556	98	arginine decarboxylase [Photobacterium leiognathi]
WP_065193859.1	GCF_003026815.1|WP_005299980.1	38.838	757	770	763	0.0	556	98	arginine decarboxylase [Photobacterium damselae]
WP_065193859.1	GCF_003026715.1|WP_107175220.1	38.146	755	770	764	0.0	556	98	arginine decarboxylase [Photobacterium leiognathi]
WP_065193859.1	GCF_003026695.1|WP_107216701.1	38.146	755	770	764	0.0	556	98	arginine decarboxylase [Photobacterium leiognathi]
WP_065193859.1	GCF_001558075.1|WP_061011968.1	38.196	754	770	764	0.0	556	98	arginine decarboxylase [Photobacterium leiognathi]
WP_065193859.1	GCF_001557755.1|WP_008986697.1	38.146	755	770	764	0.0	556	98	arginine decarboxylase [Photobacterium leiognathi]
WP_065193859.1	GCF_000176795.1|WP_005299980.1	38.838	757	770	763	0.0	556	98	arginine decarboxylase [Photobacterium damselae]
WP_065193859.1	GCF_900454675.1|WP_106261379.1	38.838	757	770	763	0.0	556	98	arginine decarboxylase [Photobacterium damselae]
WP_065193859.1	GCF_059740915.1|WP_498048320.1	38.838	757	770	763	0.0	556	98	arginine decarboxylase [Photobacterium damselae]
WP_065193859.1	GCF_059735745.1|WP_106261379.1	38.838	757	770	763	0.0	556	98	arginine decarboxylase [Photobacterium damselae]
WP_065193859.1	GCF_059727895.1|WP_341489258.1	38.838	757	770	763	0.0	556	98	arginine decarboxylase [Photobacterium damselae]
WP_065193859.1	GCF_059727885.1|WP_341489258.1	38.838	757	770	763	0.0	556	98	arginine decarboxylase [Photobacterium damselae]
WP_065193859.1	GCF_059727875.1|WP_106261379.1	38.838	757	770	763	0.0	556	98	arginine decarboxylase [Photobacterium damselae]
WP_065193859.1	GCF_059727865.1|WP_341489258.1	38.838	757	770	763	0.0	556	98	arginine decarboxylase [Photobacterium damselae]
WP_065193859.1	GCF_058072915.1|WP_419208600.1	38.146	755	770	764	0.0	556	98	arginine decarboxylase [Photobacterium leiognathi]
WP_065193859.1	GCF_058072895.1|WP_419208600.1	38.146	755	770	764	0.0	556	98	arginine decarboxylase [Photobacterium leiognathi]
WP_065193859.1	GCF_056675655.1|WP_106261379.1	38.838	757	770	763	0.0	556	98	arginine decarboxylase [Photobacterium damselae]
WP_065193859.1	GCF_054486505.1|WP_106261379.1	38.838	757	770	763	0.0	556	98	arginine decarboxylase [Photobacterium damselae]
WP_065193859.1	GCF_053005025.1|WP_106261379.1	38.838	757	770	763	0.0	556	98	arginine decarboxylase [Photobacterium damselae]
WP_065193859.1	GCF_052878815.1|WP_106261379.1	38.838	757	770	763	0.0	556	98	arginine decarboxylase [Photobacterium damselae]
WP_065193859.1	GCF_052878375.1|WP_106261379.1	38.838	757	770	763	0.0	556	98	arginine decarboxylase [Photobacterium damselae]
WP_065193859.1	GCF_052878335.1|WP_106261379.1	38.838	757	770	763	0.0	556	98	arginine decarboxylase [Photobacterium damselae]
WP_065193859.1	GCF_052873895.1|WP_106261379.1	38.838	757	770	763	0.0	556	98	arginine decarboxylase [Photobacterium damselae]
WP_065193859.1	GCF_050875365.1|WP_106261379.1	38.838	757	770	763	0.0	556	98	arginine decarboxylase [Photobacterium damselae]
WP_065193859.1	GCF_048537515.1|WP_419208600.1	38.146	755	770	764	0.0	556	98	arginine decarboxylase [Photobacterium leiognathi]
WP_065193859.1	GCF_043106595.1|WP_106261379.1	38.838	757	770	763	0.0	556	98	arginine decarboxylase [Photobacterium damselae]
WP_065193859.1	GCF_038086915.1|WP_106261379.1	38.838	757	770	763	0.0	556	98	arginine decarboxylase [Photobacterium damselae]
WP_065193859.1	GCF_038086725.1|WP_341489258.1	38.838	757	770	763	0.0	556	98	arginine decarboxylase [Photobacterium damselae]
WP_065193859.1	GCF_038086615.1|WP_106261379.1	38.838	757	770	763	0.0	556	98	arginine decarboxylase [Photobacterium damselae]
WP_065193859.1	GCF_037997135.1|WP_106261379.1	38.838	757	770	763	0.0	556	98	arginine decarboxylase [Photobacterium damselae]
WP_065193859.1	GCF_030716725.1|WP_305837911.1	38.329	754	770	764	0.0	556	98	arginine decarboxylase [Photobacterium leiognathi]
WP_065193859.1	GCF_030168795.1|WP_106261379.1	38.838	757	770	763	0.0	556	98	arginine decarboxylase [Photobacterium damselae]
WP_065193859.1	GCF_026001825.1|WP_106261379.1	38.838	757	770	763	0.0	556	98	arginine decarboxylase [Photobacterium damselae]
WP_065193859.1	GCF_022398555.1|WP_106261379.1	38.838	757	770	763	0.0	556	98	arginine decarboxylase [Photobacterium damselae]
WP_065193859.1	GCF_022129675.1|WP_106261379.1	38.838	757	770	763	0.0	556	98	arginine decarboxylase [Photobacterium damselae]
WP_065193859.1	GCF_022129485.1|WP_106261379.1	38.838	757	770	763	0.0	556	98	arginine decarboxylase [Photobacterium damselae]
WP_065193859.1	GCF_021768345.1|WP_106261379.1	38.838	757	770	763	0.0	556	98	arginine decarboxylase [Photobacterium damselae]
WP_065193859.1	GCF_013377875.1|WP_106261379.1	38.838	757	770	763	0.0	556	98	arginine decarboxylase [Photobacterium damselae]
WP_065193859.1	GCF_013371545.1|WP_106261379.1	38.838	757	770	763	0.0	556	98	arginine decarboxylase [Photobacterium damselae]
WP_065193859.1	GCF_005819885.1|WP_106261379.1	38.838	757	770	763	0.0	556	98	arginine decarboxylase [Photobacterium damselae]
WP_065193859.1	GCF_005819845.1|WP_106261379.1	38.838	757	770	763	0.0	556	98	arginine decarboxylase [Photobacterium damselae]
WP_065193859.1	GCF_005819825.1|WP_106261379.1	38.838	757	770	763	0.0	556	98	arginine decarboxylase [Photobacterium damselae]
WP_065193859.1	GCF_005819805.1|WP_106261379.1	38.838	757	770	763	0.0	556	98	arginine decarboxylase [Photobacterium damselae]
WP_065193859.1	GCF_003130755.1|WP_106261379.1	38.838	757	770	763	0.0	556	98	arginine decarboxylase [Photobacterium damselae]
WP_065193859.1	GCF_003004595.1|WP_106261379.1	38.838	757	770	763	0.0	556	98	arginine decarboxylase [Photobacterium damselae]
WP_065193859.1	GCF_049563835.1|WP_423807200.1	38.838	757	770	763	0.0	556	98	arginine decarboxylase [Photobacterium damselae]
WP_065193859.1	GCF_033448545.1|WP_318482860.1	38.146	755	770	764	0.0	556	98	arginine decarboxylase [Photobacterium leiognathi]
WP_065193859.1	GCF_033447925.1|WP_305371798.1	38.146	755	770	764	0.0	556	98	arginine decarboxylase [Photobacterium leiognathi]
WP_065193859.1	GCF_030685415.1|WP_305371798.1	38.146	755	770	764	0.0	556	98	arginine decarboxylase [Photobacterium leiognathi]
WP_065193859.1	GCF_058072955.1|WP_419237399.1	38.146	755	770	764	0.0	555	98	arginine decarboxylase [Photobacterium leiognathi]
WP_065193859.1	GCF_058072945.1|WP_419237399.1	38.146	755	770	764	0.0	555	98	arginine decarboxylase [Photobacterium leiognathi]
WP_065193859.1	GCF_058072885.1|WP_419237399.1	38.146	755	770	764	0.0	555	98	arginine decarboxylase [Photobacterium leiognathi]
WP_065193859.1	GCF_058072865.1|WP_419237399.1	38.146	755	770	764	0.0	555	98	arginine decarboxylase [Photobacterium leiognathi]
WP_065193859.1	GCF_058072835.1|WP_419237399.1	38.146	755	770	764	0.0	555	98	arginine decarboxylase [Photobacterium leiognathi]
WP_065193859.1	GCF_058072825.1|WP_419237399.1	38.146	755	770	764	0.0	555	98	arginine decarboxylase [Photobacterium leiognathi]
WP_065193859.1	GCF_052878195.1|WP_446517378.1	38.838	757	770	763	0.0	555	98	arginine decarboxylase [Photobacterium damselae]
WP_065193859.1	GCF_052877815.1|WP_446517378.1	38.838	757	770	763	0.0	555	98	arginine decarboxylase [Photobacterium damselae]
WP_065193859.1	GCF_048537525.1|WP_419237399.1	38.146	755	770	764	0.0	555	98	arginine decarboxylase [Photobacterium leiognathi]
WP_065193859.1	GCF_048537505.1|WP_419237399.1	38.146	755	770	764	0.0	555	98	arginine decarboxylase [Photobacterium leiognathi]
WP_065193859.1	GCF_048537445.1|WP_419243644.1	38.146	755	770	764	0.0	555	98	arginine decarboxylase [Photobacterium leiognathi]
WP_065193859.1	GCF_033448285.1|WP_318467999.1	38.146	755	770	764	0.0	555	98	arginine decarboxylase [Photobacterium leiognathi]
WP_065193859.1	GCF_030716945.1|WP_305813614.1	38.146	755	770	764	0.0	555	98	arginine decarboxylase [Photobacterium leiognathi]
WP_065193859.1	GCF_003026315.1|WP_045070166.1	38.329	754	770	764	0.0	555	98	arginine decarboxylase [Photobacterium leiognathi]
WP_065193859.1	GCF_000950435.1|WP_045070166.1	38.329	754	770	764	0.0	555	98	arginine decarboxylase [Photobacterium leiognathi]
WP_065193859.1	GCF_048835935.1|WP_420745167.1	38.838	757	770	763	0.0	555	98	arginine decarboxylase [Photobacterium damselae]
WP_065193859.1	GCF_048537465.1|WP_107184109.1	38.013	755	770	764	0.0	555	98	arginine decarboxylase [Photobacterium leiognathi]
WP_065193859.1	GCF_048537455.1|WP_107184109.1	38.013	755	770	764	0.0	555	98	arginine decarboxylase [Photobacterium leiognathi]
WP_065193859.1	GCF_033448705.1|WP_107184109.1	38.013	755	770	764	0.0	555	98	arginine decarboxylase [Photobacterium leiognathi]
WP_065193859.1	GCF_033448685.1|WP_107184109.1	38.013	755	770	764	0.0	555	98	arginine decarboxylase [Photobacterium leiognathi]
WP_065193859.1	GCF_033448555.1|WP_107184109.1	38.013	755	770	764	0.0	555	98	arginine decarboxylase [Photobacterium leiognathi]
WP_065193859.1	GCF_033448525.1|WP_107184109.1	38.013	755	770	764	0.0	555	98	arginine decarboxylase [Photobacterium leiognathi]
WP_065193859.1	GCF_033448505.1|WP_107184109.1	38.013	755	770	764	0.0	555	98	arginine decarboxylase [Photobacterium leiognathi]
WP_065193859.1	GCF_033448465.1|WP_107184109.1	38.013	755	770	764	0.0	555	98	arginine decarboxylase [Photobacterium leiognathi]
WP_065193859.1	GCF_033448345.1|WP_318492443.1	38.013	755	770	764	0.0	555	98	arginine decarboxylase [Photobacterium leiognathi]
WP_065193859.1	GCF_033448325.1|WP_107184109.1	38.013	755	770	764	0.0	555	98	arginine decarboxylase [Photobacterium leiognathi]
WP_065193859.1	GCF_033448265.1|WP_107184109.1	38.013	755	770	764	0.0	555	98	arginine decarboxylase [Photobacterium leiognathi]
WP_065193859.1	GCF_033448185.1|WP_107184109.1	38.013	755	770	764	0.0	555	98	arginine decarboxylase [Photobacterium leiognathi]
WP_065193859.1	GCF_033448165.1|WP_107184109.1	38.013	755	770	764	0.0	555	98	arginine decarboxylase [Photobacterium leiognathi]
WP_065193859.1	GCF_033447825.1|WP_107184109.1	38.013	755	770	764	0.0	555	98	arginine decarboxylase [Photobacterium leiognathi]
WP_065193859.1	GCF_033447465.1|WP_107184109.1	38.013	755	770	764	0.0	555	98	arginine decarboxylase [Photobacterium leiognathi]
WP_065193859.1	GCF_030716845.1|WP_107184109.1	38.013	755	770	764	0.0	555	98	arginine decarboxylase [Photobacterium leiognathi]
WP_065193859.1	GCF_030716825.1|WP_107279345.1	38.013	755	770	764	0.0	555	98	arginine decarboxylase [Photobacterium leiognathi]
WP_065193859.1	GCF_030685575.1|WP_107279345.1	38.013	755	770	764	0.0	555	98	arginine decarboxylase [Photobacterium leiognathi]
WP_065193859.1	GCF_030685475.1|WP_305464952.1	38.013	755	770	764	0.0	555	98	arginine decarboxylase [Photobacterium leiognathi]
WP_065193859.1	GCF_030685375.1|WP_107279345.1	38.013	755	770	764	0.0	555	98	arginine decarboxylase [Photobacterium leiognathi]
WP_065193859.1	GCF_003026735.1|WP_107279345.1	38.013	755	770	764	0.0	555	98	arginine decarboxylase [Photobacterium leiognathi]
WP_065193859.1	GCF_003026055.1|WP_107184109.1	38.013	755	770	764	0.0	555	98	arginine decarboxylase [Photobacterium leiognathi]
WP_065193859.1	GCF_003004605.1|WP_106339657.1	38.838	757	770	763	0.0	555	98	arginine decarboxylase [Photobacterium damselae]
WP_065193859.1	GCF_033447845.1|WP_318401566.1	38.013	755	770	764	0.0	555	98	arginine decarboxylase [Photobacterium leiognathi]
WP_065193859.1	GCF_033447395.1|WP_318401566.1	38.013	755	770	764	0.0	555	98	arginine decarboxylase [Photobacterium leiognathi]
WP_065193859.1	GCF_030716925.1|WP_305844039.1	38.064	754	770	764	0.0	555	98	arginine decarboxylase [Photobacterium leiognathi]
WP_065193859.1	GCF_030716875.1|WP_305841669.1	38.278	755	770	764	0.0	555	98	arginine decarboxylase [Photobacterium leiognathi]
WP_065193859.1	GCF_028439335.1|WP_272468783.1	38.970	757	770	763	0.0	555	98	arginine decarboxylase [Photobacterium damselae]
WP_065193859.1	GCF_057922685.1|WP_284648970.1	38.705	757	770	763	0.0	554	98	arginine decarboxylase [Photobacterium damselae]
WP_065193859.1	GCF_057922655.1|WP_284648970.1	38.705	757	770	763	0.0	554	98	arginine decarboxylase [Photobacterium damselae]
WP_065193859.1	GCF_030716965.1|WP_305816322.1	38.146	755	770	764	0.0	554	98	arginine decarboxylase [Photobacterium leiognathi]
WP_065193859.1	GCF_030685555.1|WP_107165042.1	38.196	754	770	764	0.0	554	98	arginine decarboxylase [Photobacterium leiognathi]
WP_065193859.1	GCF_030685295.1|WP_305417438.1	38.013	755	770	764	0.0	554	98	arginine decarboxylase [Photobacterium leiognathi]
WP_065193859.1	GCF_030169045.1|WP_284648970.1	38.705	757	770	763	0.0	554	98	arginine decarboxylase [Photobacterium damselae]
WP_065193859.1	GCF_009763125.1|WP_158136011.1	38.838	757	770	763	0.0	554	98	arginine decarboxylase [Photobacterium damselae]
WP_065193859.1	GCF_003004505.1|WP_106224621.1	38.441	757	770	763	0.0	554	98	arginine decarboxylase [Photobacterium damselae]
WP_065193859.1	GCF_059784805.1|WP_498465973.1	38.705	757	770	763	0.0	554	98	arginine decarboxylase [Photobacterium damselae]
WP_065193859.1	GCF_052877935.1|WP_115427011.1	38.705	757	770	763	0.0	554	98	arginine decarboxylase [Photobacterium damselae]
WP_065193859.1	GCF_013371045.1|WP_176285075.1	38.705	757	770	763	0.0	554	98	arginine decarboxylase [Photobacterium damselae]
WP_065193859.1	GCF_009665375.1|WP_115427011.1	38.705	757	770	763	0.0	554	98	arginine decarboxylase [Photobacterium damselae]
WP_065193859.1	GCF_006124915.1|WP_115427011.1	38.705	757	770	763	0.0	554	98	arginine decarboxylase [Photobacterium damselae]
WP_065193859.1	GCF_006124835.1|WP_115427011.1	38.705	757	770	763	0.0	554	98	arginine decarboxylase [Photobacterium damselae]
WP_065193859.1	GCF_006124795.1|WP_115427011.1	38.705	757	770	763	0.0	554	98	arginine decarboxylase [Photobacterium damselae]
WP_065193859.1	GCF_003355625.1|WP_115427011.1	38.705	757	770	763	0.0	554	98	arginine decarboxylase [Photobacterium damselae]
WP_065193859.1	GCF_030685535.1|WP_305423899.1	38.329	754	770	764	0.0	553	98	arginine decarboxylase [Photobacterium leiognathi]
WP_065193859.1	GCF_000509205.1|WP_023932820.1	38.278	755	770	764	0.0	553	98	arginine decarboxylase [Photobacterium leiognathi]
WP_065193859.1	GCF_900454595.1|WP_065170323.1	38.705	757	770	763	0.0	553	98	arginine decarboxylase [Photobacterium damselae]
WP_065193859.1	GCF_059740845.1|WP_065170323.1	38.705	757	770	763	0.0	553	98	arginine decarboxylase [Photobacterium damselae]
WP_065193859.1	GCF_059492265.1|WP_065170323.1	38.705	757	770	763	0.0	553	98	arginine decarboxylase [Photobacterium damselae]
WP_065193859.1	GCF_057063665.1|WP_065170323.1	38.705	757	770	763	0.0	553	98	arginine decarboxylase [Photobacterium damselae]
WP_065193859.1	GCF_056836685.1|WP_065170323.1	38.705	757	770	763	0.0	553	98	arginine decarboxylase [Photobacterium damselae]
WP_065193859.1	GCF_056643155.1|WP_065170323.1	38.705	757	770	763	0.0	553	98	arginine decarboxylase [Photobacterium damselae]
WP_065193859.1	GCF_054486525.1|WP_065170323.1	38.705	757	770	763	0.0	553	98	arginine decarboxylase [Photobacterium damselae]
WP_065193859.1	GCF_053850225.1|WP_456013839.1	38.705	757	770	763	0.0	553	98	arginine decarboxylase [Photobacterium damselae]
WP_065193859.1	GCF_052878295.1|WP_065170323.1	38.705	757	770	763	0.0	553	98	arginine decarboxylase [Photobacterium damselae]
WP_065193859.1	GCF_052878215.1|WP_065170323.1	38.705	757	770	763	0.0	553	98	arginine decarboxylase [Photobacterium damselae]
WP_065193859.1	GCF_052877475.1|WP_065170323.1	38.705	757	770	763	0.0	553	98	arginine decarboxylase [Photobacterium damselae]
WP_065193859.1	GCF_052877375.1|WP_065170323.1	38.705	757	770	763	0.0	553	98	arginine decarboxylase [Photobacterium damselae]
WP_065193859.1	GCF_052877355.1|WP_065170323.1	38.705	757	770	763	0.0	553	98	arginine decarboxylase [Photobacterium damselae]
WP_065193859.1	GCF_043105905.1|WP_392513173.1	38.705	757	770	763	0.0	553	98	arginine decarboxylase [Photobacterium damselae]
WP_065193859.1	GCF_030168855.1|WP_065170323.1	38.705	757	770	763	0.0	553	98	arginine decarboxylase [Photobacterium damselae]
WP_065193859.1	GCF_030168835.1|WP_065170323.1	38.705	757	770	763	0.0	553	98	arginine decarboxylase [Photobacterium damselae]
WP_065193859.1	GCF_023973125.1|WP_065170323.1	38.705	757	770	763	0.0	553	98	arginine decarboxylase [Photobacterium damselae]
WP_065193859.1	GCF_022129605.1|WP_065170323.1	38.705	757	770	763	0.0	553	98	arginine decarboxylase [Photobacterium damselae]
WP_065193859.1	GCF_021768405.1|WP_065170323.1	38.705	757	770	763	0.0	553	98	arginine decarboxylase [Photobacterium damselae]
WP_065193859.1	GCF_021768385.1|WP_065170323.1	38.705	757	770	763	0.0	553	98	arginine decarboxylase [Photobacterium damselae]
WP_065193859.1	GCF_021768365.1|WP_065170323.1	38.705	757	770	763	0.0	553	98	arginine decarboxylase [Photobacterium damselae]
WP_065193859.1	GCF_021768305.1|WP_065170323.1	38.705	757	770	763	0.0	553	98	arginine decarboxylase [Photobacterium damselae]
WP_065193859.1	GCF_021766015.1|WP_065170323.1	38.705	757	770	763	0.0	553	98	arginine decarboxylase [Photobacterium damselae]
WP_065193859.1	GCF_021765875.1|WP_065170323.1	38.705	757	770	763	0.0	553	98	arginine decarboxylase [Photobacterium damselae]
WP_065193859.1	GCF_015602445.1|WP_065170323.1	38.705	757	770	763	0.0	553	98	arginine decarboxylase [Photobacterium damselae]
WP_065193859.1	GCF_014525015.1|WP_065170323.1	38.705	757	770	763	0.0	553	98	arginine decarboxylase [Photobacterium damselae]
WP_065193859.1	GCF_013377775.1|WP_065170323.1	38.705	757	770	763	0.0	553	98	arginine decarboxylase [Photobacterium damselae]
WP_065193859.1	GCF_013377605.1|WP_065170323.1	38.705	757	770	763	0.0	553	98	arginine decarboxylase [Photobacterium damselae]
WP_065193859.1	GCF_008806825.1|WP_065170323.1	38.705	757	770	763	0.0	553	98	arginine decarboxylase [Photobacterium damselae]
WP_065193859.1	GCF_008806795.1|WP_065170323.1	38.705	757	770	763	0.0	553	98	arginine decarboxylase [Photobacterium damselae]
WP_065193859.1	GCF_006297395.2|WP_065170323.1	38.705	757	770	763	0.0	553	98	arginine decarboxylase [Photobacterium damselae]
WP_065193859.1	GCF_004794735.1|WP_065170323.1	38.705	757	770	763	0.0	553	98	arginine decarboxylase [Photobacterium damselae]
WP_065193859.1	GCF_003025675.1|WP_065170323.1	38.705	757	770	763	0.0	553	98	arginine decarboxylase [Photobacterium damselae]
WP_065193859.1	GCF_003004585.1|WP_065170323.1	38.705	757	770	763	0.0	553	98	arginine decarboxylase [Photobacterium damselae]
WP_065193859.1	GCF_001729115.1|WP_065170323.1	38.705	757	770	763	0.0	553	98	arginine decarboxylase [Photobacterium damselae]
WP_065193859.1	GCF_001708035.2|WP_065170323.1	38.705	757	770	763	0.0	553	98	arginine decarboxylase [Photobacterium damselae]
WP_065193859.1	GCF_001707815.1|WP_065170323.1	38.705	757	770	763	0.0	553	98	arginine decarboxylase [Photobacterium damselae]
WP_065193859.1	GCF_001676145.1|WP_065170323.1	38.705	757	770	763	0.0	553	98	arginine decarboxylase [Photobacterium damselae]
WP_065193859.1	GCF_059920555.1|WP_500850142.1	38.583	762	770	763	0.0	553	98	arginine decarboxylase [Photobacterium panuliri]
WP_065193859.1	GCF_059833865.1|WP_500575266.1	38.705	757	770	763	0.0	553	98	arginine decarboxylase [Photobacterium damselae]
WP_065193859.1	GCF_030169025.1|WP_284668931.1	38.705	757	770	763	0.0	553	98	arginine decarboxylase [Photobacterium damselae]
WP_065193859.1	GCF_022129505.1|WP_238070442.1	38.705	757	770	763	0.0	553	98	arginine decarboxylase [Photobacterium damselae]
WP_065193859.1	GCF_014525275.1|WP_188013570.1	38.705	757	770	763	0.0	553	98	arginine decarboxylase [Photobacterium damselae]
WP_065193859.1	GCF_059740945.1|WP_237030995.1	38.705	757	770	763	0.0	552	98	arginine decarboxylase [Photobacterium damselae]
WP_065193859.1	GCF_021768425.1|WP_237030995.1	38.705	757	770	763	0.0	552	98	arginine decarboxylase [Photobacterium damselae]
WP_065193859.1	GCF_005819835.1|WP_138222301.1	38.573	757	770	763	0.0	552	98	arginine decarboxylase [Photobacterium damselae]
WP_065193859.1	GCF_003026335.1|WP_045127189.1	39.771	699	770	764	0.0	552	90	arginine decarboxylase [Photobacterium angustum]
WP_065193859.1	GCF_000950015.1|WP_045127189.1	39.771	699	770	764	0.0	552	90	arginine decarboxylase [Photobacterium angustum]
WP_065193859.1	GCF_022398535.1|WP_239972016.1	38.705	757	770	763	0.0	552	98	arginine decarboxylase [Photobacterium damselae]
WP_065193859.1	GCF_014930975.1|WP_086366707.1	38.705	757	770	763	0.0	552	98	arginine decarboxylase [Photobacterium damselae]
WP_065193859.1	GCF_014042565.1|WP_182079498.1	38.705	757	770	763	0.0	552	98	arginine decarboxylase [Photobacterium damselae]
WP_065193859.1	GCF_004135105.1|WP_086366707.1	38.705	757	770	763	0.0	552	98	arginine decarboxylase [Photobacterium damselae]
WP_065193859.1	GCF_002142615.1|WP_086366707.1	38.705	757	770	763	0.0	552	98	arginine decarboxylase [Photobacterium damselae]
WP_065193859.1	GCF_042430005.1|WP_047875156.1	37.467	750	770	764	0.0	551	97	arginine decarboxylase [Photobacterium aphoticum]
WP_065193859.1	GCF_014652075.1|WP_047875156.1	37.467	750	770	764	0.0	551	97	arginine decarboxylase [Photobacterium aphoticum]
WP_065193859.1	GCF_003026955.1|WP_045151164.1	39.771	699	770	764	0.0	551	90	arginine decarboxylase [Photobacterium angustum]
WP_065193859.1	GCF_003025575.1|WP_047875156.1	37.467	750	770	764	0.0	551	97	arginine decarboxylase [Photobacterium aphoticum]
WP_065193859.1	GCF_001029435.1|WP_047875156.1	37.467	750	770	764	0.0	551	97	arginine decarboxylase [Photobacterium aphoticum]
WP_065193859.1	GCF_000950155.1|WP_045151164.1	39.771	699	770	764	0.0	551	90	arginine decarboxylase [Photobacterium angustum]
WP_065193859.1	GCF_055456455.1|WP_464689998.1	39.771	699	770	764	0.0	551	90	arginine decarboxylase [Photobacterium angustum]
WP_065193859.1	GCF_050337795.1|WP_039872642.1	39.628	699	770	764	0.0	551	90	arginine decarboxylase [Photobacterium angustum]
WP_065193859.1	GCF_030716865.1|WP_305829265.1	37.931	754	770	764	0.0	551	98	arginine decarboxylase [Photobacterium leiognathi]
WP_065193859.1	GCF_003027095.1|WP_045129536.1	39.771	699	770	764	0.0	551	90	arginine decarboxylase [Photobacterium angustum]
WP_065193859.1	GCF_003027075.1|WP_045129536.1	39.771	699	770	764	0.0	551	90	arginine decarboxylase [Photobacterium angustum]
WP_065193859.1	GCF_003027015.1|WP_045129536.1	39.771	699	770	764	0.0	551	90	arginine decarboxylase [Photobacterium angustum]
WP_065193859.1	GCF_003026995.1|WP_045129536.1	39.771	699	770	764	0.0	551	90	arginine decarboxylase [Photobacterium angustum]
WP_065193859.1	GCF_003026935.1|WP_045129536.1	39.771	699	770	764	0.0	551	90	arginine decarboxylase [Photobacterium angustum]
WP_065193859.1	GCF_003026905.1|WP_045129536.1	39.771	699	770	764	0.0	551	90	arginine decarboxylase [Photobacterium angustum]
WP_065193859.1	GCF_003026895.1|WP_045129536.1	39.771	699	770	764	0.0	551	90	arginine decarboxylase [Photobacterium angustum]
WP_065193859.1	GCF_003026855.1|WP_045185590.1	39.857	700	770	764	0.0	551	90	arginine decarboxylase [Photobacterium angustum]
WP_065193859.1	GCF_003026835.1|WP_045129536.1	39.771	699	770	764	0.0	551	90	arginine decarboxylase [Photobacterium angustum]
WP_065193859.1	GCF_002954615.1|WP_045129536.1	39.771	699	770	764	0.0	551	90	arginine decarboxylase [Photobacterium angustum]
WP_065193859.1	GCF_000950355.1|WP_045129536.1	39.771	699	770	764	0.0	551	90	arginine decarboxylase [Photobacterium angustum]
WP_065193859.1	GCF_000950275.1|WP_045129536.1	39.771	699	770	764	0.0	551	90	arginine decarboxylase [Photobacterium angustum]
WP_065193859.1	GCF_000950255.1|WP_045185590.1	39.857	700	770	764	0.0	551	90	arginine decarboxylase [Photobacterium angustum]
WP_065193859.1	GCF_000950225.1|WP_045129536.1	39.771	699	770	764	0.0	551	90	arginine decarboxylase [Photobacterium angustum]
WP_065193859.1	GCF_000950215.1|WP_045129536.1	39.771	699	770	764	0.0	551	90	arginine decarboxylase [Photobacterium angustum]
WP_065193859.1	GCF_000950185.1|WP_045129536.1	39.771	699	770	764	0.0	551	90	arginine decarboxylase [Photobacterium angustum]
WP_065193859.1	GCF_000950085.1|WP_045129536.1	39.771	699	770	764	0.0	551	90	arginine decarboxylase [Photobacterium angustum]
WP_065193859.1	GCF_000950025.1|WP_045129536.1	39.771	699	770	764	0.0	551	90	arginine decarboxylase [Photobacterium angustum]
WP_065193859.1	GCF_000153265.1|WP_039872642.1	39.628	699	770	764	0.0	551	90	arginine decarboxylase [Photobacterium angustum]
WP_065193859.1	GCF_003026755.1|WP_107205688.1	39.771	699	770	764	0.0	551	90	MULTISPECIES: arginine decarboxylase [unclassified Photobacterium]
WP_065193859.1	GCF_003026175.1|WP_107205688.1	39.771	699	770	764	0.0	551	90	MULTISPECIES: arginine decarboxylase [unclassified Photobacterium]
WP_065193859.1	GCF_003026165.1|WP_107205688.1	39.771	699	770	764	0.0	551	90	MULTISPECIES: arginine decarboxylase [unclassified Photobacterium]
WP_065193859.1	GCF_003026155.1|WP_107205688.1	39.771	699	770	764	0.0	551	90	MULTISPECIES: arginine decarboxylase [unclassified Photobacterium]
WP_065193859.1	GCF_003026135.1|WP_107205688.1	39.771	699	770	764	0.0	551	90	MULTISPECIES: arginine decarboxylase [unclassified Photobacterium]
WP_065193859.1	GCF_003026105.1|WP_107205688.1	39.771	699	770	764	0.0	551	90	MULTISPECIES: arginine decarboxylase [unclassified Photobacterium]
WP_065193859.1	GCF_003026095.1|WP_107205688.1	39.771	699	770	764	0.0	551	90	MULTISPECIES: arginine decarboxylase [unclassified Photobacterium]
WP_065193859.1	GCF_003026075.1|WP_107205688.1	39.771	699	770	764	0.0	551	90	MULTISPECIES: arginine decarboxylase [unclassified Photobacterium]
WP_065193859.1	GCF_058273185.1|WP_075984928.1	38.441	757	770	767	0.0	549	98	arginine decarboxylase [Photobacterium damselae]
WP_065193859.1	GCF_056234175.1|WP_075984928.1	38.441	757	770	767	0.0	549	98	arginine decarboxylase [Photobacterium damselae]
WP_065193859.1	GCF_056234105.1|WP_075984928.1	38.441	757	770	767	0.0	549	98	arginine decarboxylase [Photobacterium damselae]
WP_065193859.1	GCF_022129465.1|WP_238028791.1	39.628	699	770	764	0.0	549	90	MULTISPECIES: arginine decarboxylase [unclassified Photobacterium]
WP_065193859.1	GCF_022129445.1|WP_238028791.1	39.628	699	770	764	0.0	549	90	MULTISPECIES: arginine decarboxylase [unclassified Photobacterium]
WP_065193859.1	GCF_005048985.1|WP_075984928.1	38.441	757	770	767	0.0	549	98	arginine decarboxylase [Photobacterium damselae]
WP_065193859.1	GCF_000300355.2|WP_044175335.1	38.441	757	770	764	0.0	549	98	arginine decarboxylase, partial [Photobacterium damselae]
WP_065193859.1	GCF_003026365.1|WP_045149588.1	39.628	699	770	764	0.0	549	90	arginine decarboxylase [Photobacterium angustum]
WP_065193859.1	GCF_000950005.1|WP_045149588.1	39.628	699	770	764	0.0	549	90	arginine decarboxylase [Photobacterium angustum]
WP_065193859.1	GCF_058410825.1|WP_086957882.1	38.441	757	770	767	0.0	548	98	arginine decarboxylase [Photobacterium damselae]
WP_065193859.1	GCF_053202905.1|WP_086957882.1	38.441	757	770	767	0.0	548	98	arginine decarboxylase [Photobacterium damselae]
WP_065193859.1	GCF_014775695.1|WP_086957882.1	38.441	757	770	767	0.0	548	98	arginine decarboxylase [Photobacterium damselae]
WP_065193859.1	GCF_003026775.1|WP_086957882.1	38.441	757	770	767	0.0	548	98	arginine decarboxylase [Photobacterium damselae]
WP_065193859.1	GCF_003026245.1|WP_086957882.1	38.441	757	770	767	0.0	548	98	arginine decarboxylase [Photobacterium damselae]
WP_065193859.1	GCF_002356235.1|WP_086957882.1	38.441	757	770	767	0.0	548	98	arginine decarboxylase [Photobacterium damselae]
WP_065193859.1	GCF_002157645.1|WP_086957882.1	38.441	757	770	767	0.0	548	98	arginine decarboxylase [Photobacterium damselae]
WP_065193859.1	GCA_014775675.1|QOD57854.1	38.441	757	770	767	0.0	548	98	arginine decarboxylase [Photobacterium damselae subsp. piscicida]
WP_065193859.1	GCF_004683985.2|WP_135300359.1	38.441	757	770	767	0.0	548	98	arginine decarboxylase [Photobacterium damselae]
WP_065193859.1	GCF_003025715.1|WP_107189225.1	38.349	751	770	763	0.0	548	97	arginine decarboxylase [Photobacterium phosphoreum]
WP_065193859.1	GCF_003025695.1|WP_107189225.1	38.349	751	770	763	0.0	548	97	arginine decarboxylase [Photobacterium phosphoreum]
WP_065193859.1	GCF_003025655.1|WP_107189225.1	38.349	751	770	763	0.0	548	97	arginine decarboxylase [Photobacterium phosphoreum]
WP_065193859.1	GCF_059761905.1|WP_107237431.1	38.083	751	770	763	0.0	547	97	arginine decarboxylase [Photobacterium iliopiscarium]
WP_065193859.1	GCF_059761885.1|WP_107237431.1	38.083	751	770	763	0.0	547	97	arginine decarboxylase [Photobacterium iliopiscarium]
WP_065193859.1	GCF_059761845.1|WP_107237431.1	38.083	751	770	763	0.0	547	97	arginine decarboxylase [Photobacterium iliopiscarium]
WP_065193859.1	GCF_059761825.1|WP_107237431.1	38.083	751	770	763	0.0	547	97	arginine decarboxylase [Photobacterium iliopiscarium]
WP_065193859.1	GCF_059761805.1|WP_107237431.1	38.083	751	770	763	0.0	547	97	arginine decarboxylase [Photobacterium iliopiscarium]
WP_065193859.1	GCF_021504575.1|WP_107237431.1	38.083	751	770	763	0.0	547	97	arginine decarboxylase [Photobacterium iliopiscarium]
WP_065193859.1	GCF_021237065.1|WP_107237431.1	38.083	751	770	763	0.0	547	97	arginine decarboxylase [Photobacterium iliopiscarium]
WP_065193859.1	GCF_021236605.1|WP_107237431.1	38.083	751	770	763	0.0	547	97	arginine decarboxylase [Photobacterium iliopiscarium]
WP_065193859.1	GCF_003026405.1|WP_107237431.1	38.083	751	770	763	0.0	547	97	arginine decarboxylase [Photobacterium iliopiscarium]
WP_065193859.1	GCF_003025425.1|WP_107237431.1	38.083	751	770	763	0.0	547	97	arginine decarboxylase [Photobacterium iliopiscarium]
WP_065193859.1	GCF_059761565.1|WP_498242544.1	38.349	751	770	763	0.0	546	97	arginine decarboxylase [Photobacterium phosphoreum]
WP_065193859.1	GCF_021504715.1|WP_221942629.1	38.083	751	770	763	0.0	546	97	arginine decarboxylase [Photobacterium carnosum]
WP_065193859.1	GCF_021504655.1|WP_221942629.1	38.083	751	770	763	0.0	546	97	arginine decarboxylase [Photobacterium carnosum]
WP_065193859.1	GCF_021504615.1|WP_232580704.1	38.349	751	770	763	0.0	546	97	arginine decarboxylase [Photobacterium phosphoreum]
WP_065193859.1	GCF_021504545.1|WP_232580704.1	38.349	751	770	763	0.0	546	97	arginine decarboxylase [Photobacterium phosphoreum]
WP_065193859.1	GCF_021236975.1|WP_221942629.1	38.083	751	770	763	0.0	546	97	arginine decarboxylase [Photobacterium carnosum]
WP_065193859.1	GCF_021236965.1|WP_221942629.1	38.083	751	770	763	0.0	546	97	arginine decarboxylase [Photobacterium carnosum]
WP_065193859.1	GCF_021236945.1|WP_221942629.1	38.083	751	770	763	0.0	546	97	arginine decarboxylase [Photobacterium carnosum]
WP_065193859.1	GCF_021236925.1|WP_221942629.1	38.083	751	770	763	0.0	546	97	arginine decarboxylase [Photobacterium carnosum]
WP_065193859.1	GCF_021236875.1|WP_221942629.1	38.083	751	770	763	0.0	546	97	arginine decarboxylase [Photobacterium carnosum]
WP_065193859.1	GCF_021236825.1|WP_221942629.1	38.083	751	770	763	0.0	546	97	arginine decarboxylase [Photobacterium carnosum]
WP_065193859.1	GCF_021236785.1|WP_221942629.1	38.083	751	770	763	0.0	546	97	arginine decarboxylase [Photobacterium carnosum]
WP_065193859.1	GCF_021236765.1|WP_221942629.1	38.083	751	770	763	0.0	546	97	arginine decarboxylase [Photobacterium carnosum]
WP_065193859.1	GCF_021236655.1|WP_232580704.1	38.349	751	770	763	0.0	546	97	arginine decarboxylase [Photobacterium phosphoreum]
WP_065193859.1	GCF_019781095.1|WP_221942629.1	38.083	751	770	763	0.0	546	97	arginine decarboxylase [Photobacterium carnosum]
WP_065193859.1	GCF_009389665.1|WP_152652857.1	38.083	751	770	763	0.0	546	97	arginine decarboxylase [Photobacterium carnosum]
WP_065193859.1	GCF_965119195.1|WP_045026626.1	38.349	751	770	763	0.0	546	97	arginine decarboxylase [Photobacterium phosphoreum]
WP_065193859.1	GCF_965119175.1|WP_045026626.1	38.349	751	770	763	0.0	546	97	arginine decarboxylase [Photobacterium phosphoreum]
WP_065193859.1	GCF_965118525.1|WP_045026626.1	38.349	751	770	763	0.0	546	97	arginine decarboxylase [Photobacterium phosphoreum]
WP_065193859.1	GCF_965118505.1|WP_045026626.1	38.349	751	770	763	0.0	546	97	arginine decarboxylase [Photobacterium phosphoreum]
WP_065193859.1	GCF_949787665.1|WP_045026626.1	38.349	751	770	763	0.0	546	97	arginine decarboxylase [Photobacterium phosphoreum]
WP_065193859.1	GCF_059761915.1|WP_045035642.1	38.083	751	770	763	0.0	546	97	arginine decarboxylase [Photobacterium iliopiscarium]
WP_065193859.1	GCF_059761855.1|WP_045035642.1	38.083	751	770	763	0.0	546	97	arginine decarboxylase [Photobacterium iliopiscarium]
WP_065193859.1	GCF_059761785.1|WP_045035642.1	38.083	751	770	763	0.0	546	97	arginine decarboxylase [Photobacterium iliopiscarium]
WP_065193859.1	GCF_059761755.1|WP_045035642.1	38.083	751	770	763	0.0	546	97	arginine decarboxylase [Photobacterium iliopiscarium]
WP_065193859.1	GCF_059761745.1|WP_045026626.1	38.349	751	770	763	0.0	546	97	arginine decarboxylase [Photobacterium phosphoreum]
WP_065193859.1	GCF_059761725.1|WP_045026626.1	38.349	751	770	763	0.0	546	97	arginine decarboxylase [Photobacterium phosphoreum]
WP_065193859.1	GCF_059761705.1|WP_045026626.1	38.349	751	770	763	0.0	546	97	arginine decarboxylase [Photobacterium phosphoreum]
WP_065193859.1	GCF_059761665.1|WP_045026626.1	38.349	751	770	763	0.0	546	97	arginine decarboxylase [Photobacterium phosphoreum]
WP_065193859.1	GCF_059761645.1|WP_045026626.1	38.349	751	770	763	0.0	546	97	arginine decarboxylase [Photobacterium phosphoreum]
WP_065193859.1	GCF_059761625.1|WP_045026626.1	38.349	751	770	763	0.0	546	97	arginine decarboxylase [Photobacterium phosphoreum]
WP_065193859.1	GCF_059761605.1|WP_045026626.1	38.349	751	770	763	0.0	546	97	arginine decarboxylase [Photobacterium phosphoreum]
WP_065193859.1	GCF_059761585.1|WP_498234025.1	38.349	751	770	763	0.0	546	97	arginine decarboxylase [Photobacterium phosphoreum]
WP_065193859.1	GCF_059761525.1|WP_045026626.1	38.349	751	770	763	0.0	546	97	arginine decarboxylase [Photobacterium phosphoreum]
WP_065193859.1	GCF_059761505.1|WP_045026626.1	38.349	751	770	763	0.0	546	97	arginine decarboxylase [Photobacterium phosphoreum]
WP_065193859.1	GCF_059761485.1|WP_045026626.1	38.349	751	770	763	0.0	546	97	arginine decarboxylase [Photobacterium phosphoreum]
WP_065193859.1	GCF_059761455.1|WP_498184472.1	38.349	751	770	763	0.0	546	97	arginine decarboxylase [Photobacterium phosphoreum]
WP_065193859.1	GCF_059761445.1|WP_045026626.1	38.349	751	770	763	0.0	546	97	arginine decarboxylase [Photobacterium phosphoreum]
WP_065193859.1	GCF_059761425.1|WP_045026626.1	38.349	751	770	763	0.0	546	97	arginine decarboxylase [Photobacterium phosphoreum]
WP_065193859.1	GCF_059761385.1|WP_327765909.1	38.083	751	770	763	0.0	546	97	arginine decarboxylase [Photobacterium piscicola]
WP_065193859.1	GCF_059749395.1|WP_045026626.1	38.349	751	770	763	0.0	546	97	arginine decarboxylase [Photobacterium phosphoreum]
WP_065193859.1	GCF_059749375.1|WP_045026626.1	38.349	751	770	763	0.0	546	97	arginine decarboxylase [Photobacterium phosphoreum]
WP_065193859.1	GCF_059749295.1|WP_045026626.1	38.349	751	770	763	0.0	546	97	arginine decarboxylase [Photobacterium phosphoreum]
WP_065193859.1	GCF_036040255.1|WP_327765909.1	38.083	751	770	763	0.0	546	97	arginine decarboxylase [Photobacterium piscicola]
WP_065193859.1	GCF_036040205.1|WP_327765909.1	38.083	751	770	763	0.0	546	97	arginine decarboxylase [Photobacterium piscicola]
WP_065193859.1	GCF_036040195.1|WP_327765909.1	38.083	751	770	763	0.0	546	97	arginine decarboxylase [Photobacterium piscicola]
WP_065193859.1	GCF_036040035.1|WP_327761595.1	38.196	754	770	763	0.0	546	97	arginine decarboxylase [Photobacterium sp. S4TG1]
WP_065193859.1	GCF_021237045.1|WP_045026626.1	38.349	751	770	763	0.0	546	97	arginine decarboxylase [Photobacterium phosphoreum]
WP_065193859.1	GCF_021237025.1|WP_045026626.1	38.349	751	770	763	0.0	546	97	arginine decarboxylase [Photobacterium phosphoreum]
WP_065193859.1	GCF_021236745.1|WP_045026626.1	38.349	751	770	763	0.0	546	97	arginine decarboxylase [Photobacterium phosphoreum]
WP_065193859.1	GCF_021236725.1|WP_045026626.1	38.349	751	770	763	0.0	546	97	arginine decarboxylase [Photobacterium phosphoreum]
WP_065193859.1	GCF_021236705.1|WP_045026626.1	38.349	751	770	763	0.0	546	97	arginine decarboxylase [Photobacterium phosphoreum]
WP_065193859.1	GCF_021236685.1|WP_045026626.1	38.349	751	770	763	0.0	546	97	arginine decarboxylase [Photobacterium phosphoreum]
WP_065193859.1	GCF_021236645.1|WP_045026626.1	38.349	751	770	763	0.0	546	97	arginine decarboxylase [Photobacterium phosphoreum]
WP_065193859.1	GCF_021236625.1|WP_045026626.1	38.349	751	770	763	0.0	546	97	arginine decarboxylase [Photobacterium phosphoreum]
WP_065193859.1	GCF_003026875.1|WP_045035642.1	38.083	751	770	763	0.0	546	97	arginine decarboxylase [Photobacterium iliopiscarium]
WP_065193859.1	GCF_003026615.1|WP_045026626.1	38.349	751	770	763	0.0	546	97	arginine decarboxylase [Photobacterium phosphoreum]
WP_065193859.1	GCF_003026575.1|WP_045026626.1	38.349	751	770	763	0.0	546	97	arginine decarboxylase [Photobacterium phosphoreum]
WP_065193859.1	GCF_003026545.1|WP_045026626.1	38.349	751	770	763	0.0	546	97	arginine decarboxylase [Photobacterium phosphoreum]
WP_065193859.1	GCF_003026535.1|WP_045026626.1	38.349	751	770	763	0.0	546	97	arginine decarboxylase [Photobacterium phosphoreum]
WP_065193859.1	GCF_003026275.1|WP_045026626.1	38.349	751	770	763	0.0	546	97	arginine decarboxylase [Photobacterium phosphoreum]
WP_065193859.1	GCF_003025855.1|WP_045026626.1	38.349	751	770	763	0.0	546	97	arginine decarboxylase [Photobacterium phosphoreum]
WP_065193859.1	GCF_003025815.1|WP_045026626.1	38.349	751	770	763	0.0	546	97	arginine decarboxylase [Photobacterium phosphoreum]
WP_065193859.1	GCF_003025795.1|WP_045026626.1	38.349	751	770	763	0.0	546	97	arginine decarboxylase [Photobacterium phosphoreum]
WP_065193859.1	GCF_003025775.1|WP_045026626.1	38.349	751	770	763	0.0	546	97	arginine decarboxylase [Photobacterium phosphoreum]
WP_065193859.1	GCF_003025755.1|WP_045026626.1	38.349	751	770	763	0.0	546	97	arginine decarboxylase [Photobacterium phosphoreum]
WP_065193859.1	GCF_003025735.1|WP_045026626.1	38.349	751	770	763	0.0	546	97	arginine decarboxylase [Photobacterium phosphoreum]
WP_065193859.1	GCF_002954725.1|WP_045026626.1	38.349	751	770	763	0.0	546	97	arginine decarboxylase [Photobacterium phosphoreum]
WP_065193859.1	GCF_001676275.1|WP_045026626.1	38.349	751	770	763	0.0	546	97	arginine decarboxylase [Photobacterium phosphoreum]
WP_065193859.1	GCF_001676195.1|WP_045026626.1	38.349	751	770	763	0.0	546	97	arginine decarboxylase [Photobacterium phosphoreum]
WP_065193859.1	GCF_001676135.1|WP_045026626.1	38.349	751	770	763	0.0	546	97	arginine decarboxylase [Photobacterium phosphoreum]
WP_065193859.1	GCF_000949955.1|WP_045026626.1	38.349	751	770	763	0.0	546	97	arginine decarboxylase [Photobacterium phosphoreum]
WP_065193859.1	GCF_000949935.1|WP_045035642.1	38.083	751	770	763	0.0	546	97	arginine decarboxylase [Photobacterium iliopiscarium]
WP_065193859.1	GCF_021504635.1|WP_232610258.1	38.349	751	770	763	0.0	545	97	arginine decarboxylase [Photobacterium phosphoreum]
WP_065193859.1	GCF_021236585.1|WP_232610258.1	38.349	751	770	763	0.0	545	97	arginine decarboxylase [Photobacterium phosphoreum]
WP_065193859.1	GCF_003028875.1|WP_107273080.1	37.949	751	770	763	0.0	545	97	arginine decarboxylase [Photobacterium phosphoreum]
WP_065193859.1	GCF_003025475.1|WP_107275400.1	38.349	751	770	763	0.0	545	97	arginine decarboxylase [Photobacterium sp. NCIMB 13483]
WP_065193859.1	GCF_900537155.1|WP_107204454.1	39.571	700	770	763	0.0	545	90	MULTISPECIES: arginine decarboxylase [Photobacterium]
WP_065193859.1	GCF_021236805.1|WP_232574858.1	38.083	751	770	763	0.0	545	97	arginine decarboxylase [Photobacterium carnosum]
WP_065193859.1	GCF_003026515.1|WP_107204454.1	39.571	700	770	763	0.0	545	90	MULTISPECIES: arginine decarboxylase [Photobacterium]
WP_065193859.1	GCF_003025835.1|WP_107239278.1	38.083	751	770	763	0.0	545	97	arginine decarboxylase [Photobacterium phosphoreum]
WP_065193859.1	GCF_003025625.1|WP_107204454.1	39.571	700	770	763	0.0	545	90	MULTISPECIES: arginine decarboxylase [Photobacterium]
WP_065193859.1	GCF_003025415.1|WP_060996614.1	39.714	700	770	763	0.0	545	90	arginine decarboxylase [Photobacterium aquimaris]
WP_065193859.1	GCF_001676085.1|WP_060996614.1	39.714	700	770	763	0.0	545	90	arginine decarboxylase [Photobacterium aquimaris]
WP_065193859.1	GCF_001558115.1|WP_060996614.1	39.714	700	770	763	0.0	545	90	arginine decarboxylase [Photobacterium aquimaris]
WP_065193859.1	GCF_900185565.1|WP_087819474.1	39.714	700	770	763	0.0	545	90	arginine decarboxylase [Photobacterium aquimaris]
WP_065193859.1	GCF_003026595.1|WP_107211606.1	38.083	751	770	763	0.0	545	97	arginine decarboxylase [Photobacterium phosphoreum]
WP_065193859.1	GCF_003025875.1|WP_107211606.1	38.083	751	770	763	0.0	545	97	arginine decarboxylase [Photobacterium phosphoreum]
WP_065193859.1	GCF_059761545.1|WP_498208115.1	38.349	751	770	763	0.0	544	97	arginine decarboxylase [Photobacterium phosphoreum]
WP_065193859.1	GCF_027923345.1|WP_101767071.1	37.949	751	770	763	0.0	544	97	arginine decarboxylase [Photobacterium carnosum]
WP_065193859.1	GCF_021504695.1|WP_232577123.1	37.949	751	770	763	0.0	544	97	arginine decarboxylase [Photobacterium carnosum]
WP_065193859.1	GCF_021504665.1|WP_232577123.1	37.949	751	770	763	0.0	544	97	arginine decarboxylase [Photobacterium carnosum]
WP_065193859.1	GCF_021236985.1|WP_232577123.1	37.949	751	770	763	0.0	544	97	arginine decarboxylase [Photobacterium carnosum]
WP_065193859.1	GCF_021236905.1|WP_232577123.1	37.949	751	770	763	0.0	544	97	arginine decarboxylase [Photobacterium carnosum]
WP_065193859.1	GCF_021236845.1|WP_232577123.1	37.949	751	770	763	0.0	544	97	arginine decarboxylase [Photobacterium carnosum]
WP_065193859.1	GCF_002849605.1|WP_101767071.1	37.949	751	770	763	0.0	544	97	arginine decarboxylase [Photobacterium carnosum]
WP_065193859.1	GCF_900166965.1|WP_080156741.1	38.216	751	770	763	0.0	544	97	arginine decarboxylase [Photobacterium piscicola]
WP_065193859.1	GCF_059761395.1|WP_080156741.1	38.216	751	770	763	0.0	544	97	arginine decarboxylase [Photobacterium piscicola]
WP_065193859.1	GCF_059761345.1|WP_080156741.1	38.216	751	770	763	0.0	544	97	arginine decarboxylase [Photobacterium piscicola]
WP_065193859.1	GCF_059761325.1|WP_080156741.1	38.216	751	770	763	0.0	544	97	arginine decarboxylase [Photobacterium piscicola]
WP_065193859.1	GCF_046058925.1|WP_080156741.1	38.216	751	770	763	0.0	544	97	arginine decarboxylase [Photobacterium piscicola]
WP_065193859.1	GCF_900185625.1|WP_087852301.1	39.429	700	770	763	0.0	543	90	arginine decarboxylase [Photobacterium andalusiense]
WP_065193859.1	GCF_059761365.1|WP_498218821.1	38.083	751	770	763	0.0	543	97	arginine decarboxylase [Photobacterium piscicola]
WP_065193859.1	GCF_003026395.1|WP_045039345.1	38.216	751	770	763	0.0	543	97	arginine decarboxylase [Photobacterium iliopiscarium]
WP_065193859.1	GCF_003025455.1|WP_045039345.1	38.216	751	770	763	0.0	543	97	arginine decarboxylase [Photobacterium iliopiscarium]
WP_065193859.1	GCF_030716765.1|WP_065190324.1	37.816	751	770	763	0.0	543	97	arginine decarboxylase [Photobacterium kishitanii]
WP_065193859.1	GCF_003026655.1|WP_065190324.1	37.816	751	770	763	0.0	543	97	arginine decarboxylase [Photobacterium kishitanii]
WP_065193859.1	GCF_003026635.1|WP_065190324.1	37.816	751	770	763	0.0	543	97	arginine decarboxylase [Photobacterium kishitanii]
WP_065193859.1	GCF_003025535.1|WP_065190324.1	37.816	751	770	763	0.0	543	97	arginine decarboxylase [Photobacterium kishitanii]
WP_065193859.1	GCF_001676235.1|WP_065190324.1	37.816	751	770	763	0.0	543	97	arginine decarboxylase [Photobacterium kishitanii]
WP_065193859.1	GCF_030717005.1|WP_036795328.1	37.816	751	770	763	0.0	542	97	arginine decarboxylase [Photobacterium kishitanii]
WP_065193859.1	GCF_003027115.1|WP_036795328.1	37.816	751	770	763	0.0	542	97	arginine decarboxylase [Photobacterium kishitanii]
WP_065193859.1	GCF_003027055.1|WP_036795328.1	37.816	751	770	763	0.0	542	97	arginine decarboxylase [Photobacterium kishitanii]
WP_065193859.1	GCF_003027035.1|WP_036795328.1	37.816	751	770	763	0.0	542	97	arginine decarboxylase [Photobacterium kishitanii]
WP_065193859.1	GCF_003026975.1|WP_036795328.1	37.816	751	770	763	0.0	542	97	arginine decarboxylase [Photobacterium kishitanii]
WP_065193859.1	GCF_003026675.1|WP_036795328.1	37.816	751	770	763	0.0	542	97	arginine decarboxylase [Photobacterium kishitanii]
WP_065193859.1	GCF_003026355.1|WP_036795328.1	37.816	751	770	763	0.0	542	97	arginine decarboxylase [Photobacterium kishitanii]
WP_065193859.1	GCF_003025995.1|WP_036795328.1	37.816	751	770	763	0.0	542	97	arginine decarboxylase [Photobacterium kishitanii]
WP_065193859.1	GCF_003025945.1|WP_036795328.1	37.816	751	770	763	0.0	542	97	arginine decarboxylase [Photobacterium kishitanii]
WP_065193859.1	GCF_003025935.1|WP_036795328.1	37.816	751	770	763	0.0	542	97	arginine decarboxylase [Photobacterium kishitanii]
WP_065193859.1	GCF_003025895.1|WP_036795328.1	37.816	751	770	763	0.0	542	97	arginine decarboxylase [Photobacterium kishitanii]
WP_065193859.1	GCF_001676215.1|WP_036795328.1	37.816	751	770	763	0.0	542	97	arginine decarboxylase [Photobacterium kishitanii]
WP_065193859.1	GCF_001455895.1|WP_036795328.1	37.816	751	770	763	0.0	542	97	arginine decarboxylase [Photobacterium kishitanii]
WP_065193859.1	GCF_000950335.1|WP_036795328.1	37.816	751	770	763	0.0	542	97	arginine decarboxylase [Photobacterium kishitanii]
WP_065193859.1	GCF_000950135.1|WP_036795328.1	37.816	751	770	763	0.0	542	97	arginine decarboxylase [Photobacterium kishitanii]
WP_065193859.1	GCF_000950095.1|WP_036795328.1	37.816	751	770	763	0.0	542	97	arginine decarboxylase [Photobacterium kishitanii]
WP_065193859.1	GCF_000950075.1|WP_036795328.1	37.816	751	770	763	0.0	542	97	arginine decarboxylase [Photobacterium kishitanii]
WP_065193859.1	GCF_000949965.1|WP_036795328.1	37.816	751	770	763	0.0	542	97	arginine decarboxylase [Photobacterium kishitanii]
WP_065193859.1	GCF_000613045.3|WP_036795328.1	37.816	751	770	763	0.0	542	97	arginine decarboxylase [Photobacterium kishitanii]
WP_065193859.1	GCF_059761285.1|WP_498186897.1	38.083	751	770	763	0.0	542	97	arginine decarboxylase [Photobacterium piscicola]
WP_065193859.1	GCF_043641185.1|WP_327770614.1	37.949	751	770	763	0.0	542	97	arginine decarboxylase [Photobacterium piscicola]
WP_065193859.1	GCF_043419485.1|WP_327770614.1	37.949	751	770	763	0.0	542	97	arginine decarboxylase [Photobacterium piscicola]
WP_065193859.1	GCF_036040395.1|WP_327770614.1	37.949	751	770	763	0.0	542	97	arginine decarboxylase [Photobacterium piscicola]
WP_065193859.1	GCF_021236865.1|WP_232600798.1	37.949	751	770	763	0.0	542	97	arginine decarboxylase [Photobacterium carnosum]
WP_065193859.1	GCF_900166975.1|WP_080173140.1	37.816	751	770	763	0.0	541	97	arginine decarboxylase [Photobacterium toruni]
WP_065193859.1	GCF_036040135.1|WP_080173140.1	37.816	751	770	763	0.0	541	97	arginine decarboxylase [Photobacterium toruni]
WP_065193859.1	GCF_036040095.1|WP_080173140.1	37.816	751	770	763	0.0	541	97	arginine decarboxylase [Photobacterium toruni]
WP_065193859.1	GCF_024529955.1|WP_080173140.1	37.816	751	770	763	0.0	541	97	arginine decarboxylase [Photobacterium toruni]
WP_065193859.1	GCF_024494545.1|WP_256382988.1	37.816	751	770	763	0.0	541	97	arginine decarboxylase [Photobacterium toruni]
WP_065193859.1	GCF_050336815.1|WP_428448129.1	38.177	757	770	763	1.20e-180	540	98	arginine decarboxylase [Photobacterium nomapromontoriensis]
WP_065193859.1	GCF_059941365.1|WP_500847028.1	39.205	704	770	764	1.24e-178	535	91	arginine decarboxylase [Photobacterium sp. 270122K]
WP_065193859.1	GCF_050337005.1|WP_428477086.1	39.062	704	770	764	7.20e-178	533	91	arginine decarboxylase [Photobacterium japonica]
WP_065193859.1	GCF_900185615.1|WP_087843899.1	39.118	680	770	763	9.15e-175	525	88	arginine decarboxylase [Photobacterium malacitanum]
WP_065193859.1	GCF_001029445.1|WP_047879586.1	39.398	698	770	765	9.32e-175	525	90	arginine decarboxylase [Photobacterium aquae]
WP_065193859.1	GCF_059920555.1|WP_500851640.1	39.398	698	770	765	2.26e-174	524	90	arginine decarboxylase [Photobacterium panuliri]
WP_065193859.1	GCF_052878215.1|WP_446523382.1	37.434	756	770	748	6.67e-174	522	98	arginine decarboxylase, partial [Photobacterium damselae]
WP_065193859.1	GCF_013377605.1|WP_106141669.1	37.434	756	770	761	1.14e-173	522	98	arginine decarboxylase, partial [Photobacterium damselae]
WP_065193859.1	GCF_003004585.1|WP_106141669.1	37.434	756	770	761	1.14e-173	522	98	arginine decarboxylase, partial [Photobacterium damselae]
WP_065193859.1	GCF_059784805.1|WP_181813962.1	37.434	756	770	759	1.20e-173	521	98	arginine decarboxylase [Photobacterium damselae]
WP_065193859.1	GCF_053850225.1|WP_456013297.1	37.566	756	770	765	1.26e-173	522	98	arginine decarboxylase [Photobacterium damselae]
WP_065193859.1	GCF_059833865.1|WP_500575628.1	37.434	756	770	760	1.36e-173	521	98	arginine decarboxylase, partial [Photobacterium damselae]
WP_065193859.1	GCF_022398535.1|WP_239971510.1	37.434	756	770	765	1.59e-173	521	98	arginine decarboxylase [Photobacterium damselae]
WP_065193859.1	GCF_900454675.1|WP_115061284.1	37.434	756	770	765	1.60e-173	521	98	arginine decarboxylase [Photobacterium damselae]
WP_065193859.1	GCF_900454595.1|WP_107200330.1	37.434	756	770	765	1.71e-173	521	98	arginine decarboxylase [Photobacterium damselae]
WP_065193859.1	GCF_038086915.1|WP_107200330.1	37.434	756	770	765	1.71e-173	521	98	arginine decarboxylase [Photobacterium damselae]
WP_065193859.1	GCF_038086615.1|WP_107200330.1	37.434	756	770	765	1.71e-173	521	98	arginine decarboxylase [Photobacterium damselae]
WP_065193859.1	GCF_037997135.1|WP_107200330.1	37.434	756	770	765	1.71e-173	521	98	arginine decarboxylase [Photobacterium damselae]
WP_065193859.1	GCF_030168855.1|WP_107200330.1	37.434	756	770	765	1.71e-173	521	98	arginine decarboxylase [Photobacterium damselae]
WP_065193859.1	GCF_021768385.1|WP_107200330.1	37.434	756	770	765	1.71e-173	521	98	arginine decarboxylase [Photobacterium damselae]
WP_065193859.1	GCF_021768345.1|WP_107200330.1	37.434	756	770	765	1.71e-173	521	98	arginine decarboxylase [Photobacterium damselae]
WP_065193859.1	GCF_009665375.1|WP_107200330.1	37.434	756	770	765	1.71e-173	521	98	arginine decarboxylase [Photobacterium damselae]
WP_065193859.1	GCF_008806795.1|WP_107200330.1	37.434	756	770	765	1.71e-173	521	98	arginine decarboxylase [Photobacterium damselae]
WP_065193859.1	GCF_003130755.1|WP_107200330.1	37.434	756	770	765	1.71e-173	521	98	arginine decarboxylase [Photobacterium damselae]
WP_065193859.1	GCF_003025675.1|WP_107200330.1	37.434	756	770	765	1.71e-173	521	98	arginine decarboxylase [Photobacterium damselae]
WP_065193859.1	GCF_022129505.1|WP_171027285.1	37.434	756	770	755	1.76e-173	521	98	arginine decarboxylase, partial [Photobacterium damselae]
WP_065193859.1	GCF_022129485.1|WP_171027285.1	37.434	756	770	755	1.76e-173	521	98	arginine decarboxylase, partial [Photobacterium damselae]
WP_065193859.1	GCF_015602445.1|WP_171027285.1	37.434	756	770	755	1.76e-173	521	98	arginine decarboxylase, partial [Photobacterium damselae]
WP_065193859.1	GCF_013377875.1|WP_171027285.1	37.434	756	770	755	1.76e-173	521	98	arginine decarboxylase, partial [Photobacterium damselae]
WP_065193859.1	GCF_013377775.1|WP_171027285.1	37.434	756	770	755	1.76e-173	521	98	arginine decarboxylase, partial [Photobacterium damselae]
WP_065193859.1	GCF_013371545.1|WP_171027285.1	37.434	756	770	755	1.76e-173	521	98	arginine decarboxylase, partial [Photobacterium damselae]
WP_065193859.1	GCF_013371045.1|WP_171027285.1	37.434	756	770	755	1.76e-173	521	98	arginine decarboxylase, partial [Photobacterium damselae]
WP_065193859.1	GCF_008806825.1|WP_171027285.1	37.434	756	770	755	1.76e-173	521	98	arginine decarboxylase, partial [Photobacterium damselae]
WP_065193859.1	GCF_006297395.2|WP_171027285.1	37.434	756	770	755	1.76e-173	521	98	arginine decarboxylase, partial [Photobacterium damselae]
WP_065193859.1	GCF_005819885.1|WP_171027285.1	37.434	756	770	755	1.76e-173	521	98	arginine decarboxylase, partial [Photobacterium damselae]
WP_065193859.1	GCF_005819845.1|WP_171027285.1	37.434	756	770	755	1.76e-173	521	98	arginine decarboxylase, partial [Photobacterium damselae]
WP_065193859.1	GCF_005819835.1|WP_171027285.1	37.434	756	770	755	1.76e-173	521	98	arginine decarboxylase, partial [Photobacterium damselae]
WP_065193859.1	GCF_005819825.1|WP_171027285.1	37.434	756	770	755	1.76e-173	521	98	arginine decarboxylase, partial [Photobacterium damselae]
WP_065193859.1	GCF_001729115.1|WP_171027285.1	37.434	756	770	755	1.76e-173	521	98	arginine decarboxylase, partial [Photobacterium damselae]
WP_065193859.1	GCF_001707815.1|WP_171027285.1	37.434	756	770	755	1.76e-173	521	98	arginine decarboxylase, partial [Photobacterium damselae]
WP_065193859.1	GCF_014525015.1|WP_223175703.1	37.434	756	770	765	1.80e-173	521	98	arginine decarboxylase [Photobacterium damselae]
WP_065193859.1	GCF_021768425.1|WP_237029613.1	37.434	756	770	765	1.86e-173	521	98	arginine decarboxylase [Photobacterium damselae]
WP_065193859.1	GCF_021768385.1|WP_237029613.1	37.434	756	770	765	1.86e-173	521	98	arginine decarboxylase [Photobacterium damselae]
WP_065193859.1	GCF_021766015.1|WP_237029613.1	37.434	756	770	765	1.86e-173	521	98	arginine decarboxylase [Photobacterium damselae]
WP_065193859.1	GCF_021765875.1|WP_237029613.1	37.434	756	770	765	1.86e-173	521	98	arginine decarboxylase [Photobacterium damselae]
WP_065193859.1	GCF_001708035.2|WP_205865302.1	37.434	756	770	765	1.90e-173	521	98	arginine decarboxylase [Photobacterium damselae]
WP_065193859.1	GCF_900454675.1|WP_086368293.1	37.434	756	770	765	2.14e-173	521	98	arginine decarboxylase [Photobacterium damselae]
WP_065193859.1	GCF_059740945.1|WP_086368293.1	37.434	756	770	765	2.14e-173	521	98	arginine decarboxylase [Photobacterium damselae]
WP_065193859.1	GCF_059740845.1|WP_086368293.1	37.434	756	770	765	2.14e-173	521	98	arginine decarboxylase [Photobacterium damselae]
WP_065193859.1	GCF_059735745.1|WP_086368293.1	37.434	756	770	765	2.14e-173	521	98	arginine decarboxylase [Photobacterium damselae]
WP_065193859.1	GCF_059727895.1|WP_086368293.1	37.434	756	770	765	2.14e-173	521	98	arginine decarboxylase [Photobacterium damselae]
WP_065193859.1	GCF_059727885.1|WP_086368293.1	37.434	756	770	765	2.14e-173	521	98	arginine decarboxylase [Photobacterium damselae]
WP_065193859.1	GCF_059727875.1|WP_086368293.1	37.434	756	770	765	2.14e-173	521	98	arginine decarboxylase [Photobacterium damselae]
WP_065193859.1	GCF_059727865.1|WP_086368293.1	37.434	756	770	765	2.14e-173	521	98	arginine decarboxylase [Photobacterium damselae]
WP_065193859.1	GCF_059492265.1|WP_086368293.1	37.434	756	770	765	2.14e-173	521	98	arginine decarboxylase [Photobacterium damselae]
WP_065193859.1	GCF_057922685.1|WP_086368293.1	37.434	756	770	765	2.14e-173	521	98	arginine decarboxylase [Photobacterium damselae]
WP_065193859.1	GCF_057922655.1|WP_086368293.1	37.434	756	770	765	2.14e-173	521	98	arginine decarboxylase [Photobacterium damselae]
WP_065193859.1	GCF_054486545.1|WP_086368293.1	37.434	756	770	765	2.14e-173	521	98	arginine decarboxylase [Photobacterium damselae]
WP_065193859.1	GCF_054486525.1|WP_086368293.1	37.434	756	770	765	2.14e-173	521	98	arginine decarboxylase [Photobacterium damselae]
WP_065193859.1	GCF_054486505.1|WP_086368293.1	37.434	756	770	765	2.14e-173	521	98	arginine decarboxylase [Photobacterium damselae]
WP_065193859.1	GCF_053850225.1|WP_086368293.1	37.434	756	770	765	2.14e-173	521	98	arginine decarboxylase [Photobacterium damselae]
WP_065193859.1	GCF_048835935.1|WP_086368293.1	37.434	756	770	765	2.14e-173	521	98	arginine decarboxylase [Photobacterium damselae]
WP_065193859.1	GCF_038086725.1|WP_086368293.1	37.434	756	770	765	2.14e-173	521	98	arginine decarboxylase [Photobacterium damselae]
WP_065193859.1	GCF_030169045.1|WP_086368293.1	37.434	756	770	765	2.14e-173	521	98	arginine decarboxylase [Photobacterium damselae]
WP_065193859.1	GCF_030169025.1|WP_086368293.1	37.434	756	770	765	2.14e-173	521	98	arginine decarboxylase [Photobacterium damselae]
WP_065193859.1	GCF_030168835.1|WP_086368293.1	37.434	756	770	765	2.14e-173	521	98	arginine decarboxylase [Photobacterium damselae]
WP_065193859.1	GCF_030168795.1|WP_086368293.1	37.434	756	770	765	2.14e-173	521	98	arginine decarboxylase [Photobacterium damselae]
WP_065193859.1	GCF_021768405.1|WP_086368293.1	37.434	756	770	765	2.14e-173	521	98	arginine decarboxylase [Photobacterium damselae]
WP_065193859.1	GCF_021768365.1|WP_086368293.1	37.434	756	770	765	2.14e-173	521	98	arginine decarboxylase [Photobacterium damselae]
WP_065193859.1	GCF_021768305.1|WP_086368293.1	37.434	756	770	765	2.14e-173	521	98	arginine decarboxylase [Photobacterium damselae]
WP_065193859.1	GCF_021766015.1|WP_086368293.1	37.434	756	770	765	2.14e-173	521	98	arginine decarboxylase [Photobacterium damselae]
WP_065193859.1	GCF_014930975.1|WP_086368293.1	37.434	756	770	765	2.14e-173	521	98	arginine decarboxylase [Photobacterium damselae]
WP_065193859.1	GCF_014525275.1|WP_086368293.1	37.434	756	770	765	2.14e-173	521	98	arginine decarboxylase [Photobacterium damselae]
WP_065193859.1	GCF_009763125.1|WP_086368293.1	37.434	756	770	765	2.14e-173	521	98	arginine decarboxylase [Photobacterium damselae]
WP_065193859.1	GCF_004135105.1|WP_086368293.1	37.434	756	770	765	2.14e-173	521	98	arginine decarboxylase [Photobacterium damselae]
WP_065193859.1	GCF_002142615.1|WP_086368293.1	37.434	756	770	765	2.14e-173	521	98	arginine decarboxylase [Photobacterium damselae]
WP_065193859.1	GCF_900454595.1|WP_080551743.1	37.434	756	770	765	2.17e-173	521	98	arginine decarboxylase [Photobacterium damselae]
WP_065193859.1	GCF_900454585.1|WP_080551743.1	37.434	756	770	765	2.17e-173	521	98	arginine decarboxylase [Photobacterium damselae]
WP_065193859.1	GCF_059784805.1|WP_080551743.1	37.434	756	770	765	2.17e-173	521	98	arginine decarboxylase [Photobacterium damselae]
WP_065193859.1	GCF_059740845.1|WP_080551743.1	37.434	756	770	765	2.17e-173	521	98	arginine decarboxylase [Photobacterium damselae]
WP_065193859.1	GCF_059735745.1|WP_080551743.1	37.434	756	770	765	2.17e-173	521	98	arginine decarboxylase [Photobacterium damselae]
WP_065193859.1	GCF_059727895.1|WP_080551743.1	37.434	756	770	765	2.17e-173	521	98	arginine decarboxylase [Photobacterium damselae]
WP_065193859.1	GCF_059727885.1|WP_080551743.1	37.434	756	770	765	2.17e-173	521	98	arginine decarboxylase [Photobacterium damselae]
WP_065193859.1	GCF_059727875.1|WP_080551743.1	37.434	756	770	765	2.17e-173	521	98	arginine decarboxylase [Photobacterium damselae]
WP_065193859.1	GCF_059727865.1|WP_080551743.1	37.434	756	770	765	2.17e-173	521	98	arginine decarboxylase [Photobacterium damselae]
WP_065193859.1	GCF_059492265.1|WP_080551743.1	37.434	756	770	765	2.17e-173	521	98	arginine decarboxylase [Photobacterium damselae]
WP_065193859.1	GCF_057922685.1|WP_080551743.1	37.434	756	770	765	2.17e-173	521	98	arginine decarboxylase [Photobacterium damselae]
WP_065193859.1	GCF_057922655.1|WP_080551743.1	37.434	756	770	765	2.17e-173	521	98	arginine decarboxylase [Photobacterium damselae]
WP_065193859.1	GCF_056836685.1|WP_080551743.1	37.434	756	770	765	2.17e-173	521	98	arginine decarboxylase [Photobacterium damselae]
WP_065193859.1	GCF_056675655.1|WP_080551743.1	37.434	756	770	765	2.17e-173	521	98	arginine decarboxylase [Photobacterium damselae]
WP_065193859.1	GCF_054486545.1|WP_080551743.1	37.434	756	770	765	2.17e-173	521	98	arginine decarboxylase [Photobacterium damselae]
WP_065193859.1	GCF_054486525.1|WP_080551743.1	37.434	756	770	765	2.17e-173	521	98	arginine decarboxylase [Photobacterium damselae]
WP_065193859.1	GCF_054486505.1|WP_080551743.1	37.434	756	770	765	2.17e-173	521	98	arginine decarboxylase [Photobacterium damselae]
WP_065193859.1	GCF_049563835.1|WP_080551743.1	37.434	756	770	765	2.17e-173	521	98	arginine decarboxylase [Photobacterium damselae]
WP_065193859.1	GCF_048835935.1|WP_080551743.1	37.434	756	770	765	2.17e-173	521	98	arginine decarboxylase [Photobacterium damselae]
WP_065193859.1	GCF_038086725.1|WP_080551743.1	37.434	756	770	765	2.17e-173	521	98	arginine decarboxylase [Photobacterium damselae]
WP_065193859.1	GCF_038086615.1|WP_080551743.1	37.434	756	770	765	2.17e-173	521	98	arginine decarboxylase [Photobacterium damselae]
WP_065193859.1	GCF_037997135.1|WP_080551743.1	37.434	756	770	765	2.17e-173	521	98	arginine decarboxylase [Photobacterium damselae]
WP_065193859.1	GCF_030169045.1|WP_080551743.1	37.434	756	770	765	2.17e-173	521	98	arginine decarboxylase [Photobacterium damselae]
WP_065193859.1	GCF_030169025.1|WP_080551743.1	37.434	756	770	765	2.17e-173	521	98	arginine decarboxylase [Photobacterium damselae]
WP_065193859.1	GCF_030169005.1|WP_080551743.1	37.434	756	770	765	2.17e-173	521	98	arginine decarboxylase [Photobacterium damselae]
WP_065193859.1	GCF_030168835.1|WP_080551743.1	37.434	756	770	765	2.17e-173	521	98	arginine decarboxylase [Photobacterium damselae]
WP_065193859.1	GCF_030168795.1|WP_080551743.1	37.434	756	770	765	2.17e-173	521	98	arginine decarboxylase [Photobacterium damselae]
WP_065193859.1	GCF_026001825.1|WP_080551743.1	37.434	756	770	765	2.17e-173	521	98	arginine decarboxylase [Photobacterium damselae]
WP_065193859.1	GCF_023973125.1|WP_080551743.1	37.434	756	770	765	2.17e-173	521	98	arginine decarboxylase [Photobacterium damselae]
WP_065193859.1	GCF_021768405.1|WP_080551743.1	37.434	756	770	765	2.17e-173	521	98	arginine decarboxylase [Photobacterium damselae]
WP_065193859.1	GCF_021768365.1|WP_080551743.1	37.434	756	770	765	2.17e-173	521	98	arginine decarboxylase [Photobacterium damselae]
WP_065193859.1	GCF_021768345.1|WP_080551743.1	37.434	756	770	765	2.17e-173	521	98	arginine decarboxylase [Photobacterium damselae]
WP_065193859.1	GCF_021768305.1|WP_080551743.1	37.434	756	770	765	2.17e-173	521	98	arginine decarboxylase [Photobacterium damselae]
WP_065193859.1	GCF_014930975.1|WP_080551743.1	37.434	756	770	765	2.17e-173	521	98	arginine decarboxylase [Photobacterium damselae]
WP_065193859.1	GCF_014525275.1|WP_080551743.1	37.434	756	770	765	2.17e-173	521	98	arginine decarboxylase [Photobacterium damselae]
WP_065193859.1	GCF_009665375.1|WP_080551743.1	37.434	756	770	765	2.17e-173	521	98	arginine decarboxylase [Photobacterium damselae]
WP_065193859.1	GCF_006124835.1|WP_080551743.1	37.434	756	770	765	2.17e-173	521	98	arginine decarboxylase [Photobacterium damselae]
WP_065193859.1	GCF_006124795.1|WP_080551743.1	37.434	756	770	765	2.17e-173	521	98	arginine decarboxylase [Photobacterium damselae]
WP_065193859.1	GCF_005819805.1|WP_080551743.1	37.434	756	770	765	2.17e-173	521	98	arginine decarboxylase [Photobacterium damselae]
WP_065193859.1	GCF_004135105.1|WP_080551743.1	37.434	756	770	765	2.17e-173	521	98	arginine decarboxylase [Photobacterium damselae]
WP_065193859.1	GCF_003355625.1|WP_080551743.1	37.434	756	770	765	2.17e-173	521	98	arginine decarboxylase [Photobacterium damselae]
WP_065193859.1	GCF_003130755.1|WP_080551743.1	37.434	756	770	765	2.17e-173	521	98	arginine decarboxylase [Photobacterium damselae]
WP_065193859.1	GCF_003025675.1|WP_080551743.1	37.434	756	770	765	2.17e-173	521	98	arginine decarboxylase [Photobacterium damselae]
WP_065193859.1	GCF_002142615.1|WP_080551743.1	37.434	756	770	765	2.17e-173	521	98	arginine decarboxylase [Photobacterium damselae]
WP_065193859.1	GCF_001708035.2|WP_080551743.1	37.434	756	770	765	2.17e-173	521	98	arginine decarboxylase [Photobacterium damselae]
WP_065193859.1	GCF_000176795.1|WP_080551743.1	37.434	756	770	765	2.17e-173	521	98	arginine decarboxylase [Photobacterium damselae]
WP_065193859.1	GCF_022129605.1|WP_238057019.1	37.450	753	770	758	2.17e-173	521	97	arginine decarboxylase, partial [Photobacterium damselae]
WP_065193859.1	GCF_003026595.1|WP_107214069.1	39.745	707	770	767	2.28e-173	521	91	arginine decarboxylase [Photobacterium phosphoreum]
WP_065193859.1	GCF_003025875.1|WP_107214069.1	39.745	707	770	767	2.28e-173	521	91	arginine decarboxylase [Photobacterium phosphoreum]
WP_065193859.1	GCF_059740915.1|WP_498047992.1	37.434	756	770	765	2.34e-173	521	98	arginine decarboxylase [Photobacterium damselae]
WP_065193859.1	GCF_059941365.1|WP_428475765.1	37.632	760	770	765	2.66e-173	521	98	arginine decarboxylase [Photobacterium japonica]
WP_065193859.1	GCF_050337005.1|WP_428475765.1	37.632	760	770	765	2.66e-173	521	98	arginine decarboxylase [Photobacterium japonica]
WP_065193859.1	GCF_021768425.1|WP_223175728.1	37.434	756	770	765	2.87e-173	521	98	arginine decarboxylase [Photobacterium damselae]
WP_065193859.1	GCF_014525015.1|WP_223175728.1	37.434	756	770	765	2.87e-173	521	98	arginine decarboxylase [Photobacterium damselae]
WP_065193859.1	GCF_024529955.1|WP_256383464.1	37.760	768	770	767	2.92e-173	521	99	arginine decarboxylase [Photobacterium toruni]
WP_065193859.1	GCF_024494545.1|WP_256383464.1	37.760	768	770	767	2.92e-173	521	99	arginine decarboxylase [Photobacterium toruni]
WP_065193859.1	GCF_022129675.1|WP_238088051.1	37.820	743	770	737	3.00e-173	520	96	arginine decarboxylase, partial [Photobacterium damselae]
WP_065193859.1	GCF_058072955.1|WP_489741602.1	39.595	692	770	762	3.28e-173	521	89	arginine decarboxylase [Photobacterium leiognathi]
WP_065193859.1	GCF_023973125.1|WP_252689251.1	37.302	756	770	765	3.37e-173	521	98	arginine decarboxylase [Photobacterium damselae]
WP_065193859.1	GCF_049563835.1|WP_423807903.1	37.302	756	770	765	3.83e-173	521	98	arginine decarboxylase [Photobacterium damselae]
WP_065193859.1	GCF_050336815.1|WP_428446999.1	38.058	762	770	765	3.92e-173	520	98	arginine decarboxylase [Photobacterium nomapromontoriensis]
WP_065193859.1	GCF_059740945.1|WP_498046088.1	37.434	756	770	765	4.56e-173	520	98	arginine decarboxylase [Photobacterium damselae]
WP_065193859.1	GCF_056836685.1|WP_482627381.1	37.434	756	770	765	5.53e-173	520	98	arginine decarboxylase [Photobacterium damselae]
WP_065193859.1	GCF_006124835.1|WP_422121369.1	37.434	756	770	755	6.01e-173	520	98	arginine decarboxylase, partial [Photobacterium damselae]
WP_065193859.1	GCF_051046875.1|WP_434144447.1	39.451	692	770	762	6.19e-173	520	89	arginine decarboxylase [Photobacterium leiognathi]
WP_065193859.1	GCF_030169005.1|WP_284634963.1	37.302	756	770	765	6.29e-173	520	98	arginine decarboxylase [Photobacterium damselae]
WP_065193859.1	GCF_038086915.1|WP_341508829.1	37.434	756	770	765	6.43e-173	520	98	arginine decarboxylase [Photobacterium damselae]
WP_065193859.1	GCF_059740915.1|WP_498048983.1	39.130	690	770	765	7.01e-173	520	89	arginine decarboxylase [Photobacterium damselae]
WP_065193859.1	GCF_058072945.1|WP_489740501.1	39.595	692	770	762	7.36e-173	520	89	arginine decarboxylase [Photobacterium leiognathi]
WP_065193859.1	GCF_021236985.1|WP_232578776.1	37.500	768	770	767	9.54e-173	520	99	arginine decarboxylase [Photobacterium carnosum]
WP_065193859.1	GCF_060143805.1|WP_080562910.1	39.451	692	770	762	1.03e-172	519	89	arginine decarboxylase [Photobacterium leiognathi]
WP_065193859.1	GCF_058073005.1|WP_080562910.1	39.451	692	770	762	1.03e-172	519	89	arginine decarboxylase [Photobacterium leiognathi]
WP_065193859.1	GCF_058072915.1|WP_080562910.1	39.451	692	770	762	1.03e-172	519	89	arginine decarboxylase [Photobacterium leiognathi]
WP_065193859.1	GCF_058072895.1|WP_080562910.1	39.451	692	770	762	1.03e-172	519	89	arginine decarboxylase [Photobacterium leiognathi]
WP_065193859.1	GCF_049315015.1|WP_080562910.1	39.451	692	770	762	1.03e-172	519	89	arginine decarboxylase [Photobacterium leiognathi]
WP_065193859.1	GCF_048537455.1|WP_080562910.1	39.451	692	770	762	1.03e-172	519	89	arginine decarboxylase [Photobacterium leiognathi]
WP_065193859.1	GCF_033458905.1|WP_080562910.1	39.451	692	770	762	1.03e-172	519	89	arginine decarboxylase [Photobacterium leiognathi]
WP_065193859.1	GCF_033458845.1|WP_080562910.1	39.451	692	770	762	1.03e-172	519	89	arginine decarboxylase [Photobacterium leiognathi]
WP_065193859.1	GCF_033448705.1|WP_080562910.1	39.451	692	770	762	1.03e-172	519	89	arginine decarboxylase [Photobacterium leiognathi]
WP_065193859.1	GCF_033448685.1|WP_080562910.1	39.451	692	770	762	1.03e-172	519	89	arginine decarboxylase [Photobacterium leiognathi]
WP_065193859.1	GCF_033448665.1|WP_080562910.1	39.451	692	770	762	1.03e-172	519	89	arginine decarboxylase [Photobacterium leiognathi]
WP_065193859.1	GCF_033448645.1|WP_080562910.1	39.451	692	770	762	1.03e-172	519	89	arginine decarboxylase [Photobacterium leiognathi]
WP_065193859.1	GCF_033448625.1|WP_080562910.1	39.451	692	770	762	1.03e-172	519	89	arginine decarboxylase [Photobacterium leiognathi]
WP_065193859.1	GCF_033448605.1|WP_080562910.1	39.451	692	770	762	1.03e-172	519	89	arginine decarboxylase [Photobacterium leiognathi]
WP_065193859.1	GCF_033448585.1|WP_080562910.1	39.451	692	770	762	1.03e-172	519	89	arginine decarboxylase [Photobacterium leiognathi]
WP_065193859.1	GCF_033448555.1|WP_080562910.1	39.451	692	770	762	1.03e-172	519	89	arginine decarboxylase [Photobacterium leiognathi]
WP_065193859.1	GCF_033448545.1|WP_080562910.1	39.451	692	770	762	1.03e-172	519	89	arginine decarboxylase [Photobacterium leiognathi]
WP_065193859.1	GCF_033448525.1|WP_080562910.1	39.451	692	770	762	1.03e-172	519	89	arginine decarboxylase [Photobacterium leiognathi]
WP_065193859.1	GCF_033448505.1|WP_080562910.1	39.451	692	770	762	1.03e-172	519	89	arginine decarboxylase [Photobacterium leiognathi]
WP_065193859.1	GCF_033448485.1|WP_080562910.1	39.451	692	770	762	1.03e-172	519	89	arginine decarboxylase [Photobacterium leiognathi]
WP_065193859.1	GCF_033448465.1|WP_080562910.1	39.451	692	770	762	1.03e-172	519	89	arginine decarboxylase [Photobacterium leiognathi]
WP_065193859.1	GCF_033448445.1|WP_080562910.1	39.451	692	770	762	1.03e-172	519	89	arginine decarboxylase [Photobacterium leiognathi]
WP_065193859.1	GCF_033448425.1|WP_080562910.1	39.451	692	770	762	1.03e-172	519	89	arginine decarboxylase [Photobacterium leiognathi]
WP_065193859.1	GCF_033448405.1|WP_080562910.1	39.451	692	770	762	1.03e-172	519	89	arginine decarboxylase [Photobacterium leiognathi]
WP_065193859.1	GCF_033448385.1|WP_080562910.1	39.451	692	770	762	1.03e-172	519	89	arginine decarboxylase [Photobacterium leiognathi]
WP_065193859.1	GCF_033448365.1|WP_080562910.1	39.451	692	770	762	1.03e-172	519	89	arginine decarboxylase [Photobacterium leiognathi]
WP_065193859.1	GCF_033448345.1|WP_080562910.1	39.451	692	770	762	1.03e-172	519	89	arginine decarboxylase [Photobacterium leiognathi]
WP_065193859.1	GCF_033448325.1|WP_080562910.1	39.451	692	770	762	1.03e-172	519	89	arginine decarboxylase [Photobacterium leiognathi]
WP_065193859.1	GCF_033448305.1|WP_080562910.1	39.451	692	770	762	1.03e-172	519	89	arginine decarboxylase [Photobacterium leiognathi]
WP_065193859.1	GCF_033448285.1|WP_080562910.1	39.451	692	770	762	1.03e-172	519	89	arginine decarboxylase [Photobacterium leiognathi]
WP_065193859.1	GCF_033448265.1|WP_080562910.1	39.451	692	770	762	1.03e-172	519	89	arginine decarboxylase [Photobacterium leiognathi]
WP_065193859.1	GCF_033448245.1|WP_080562910.1	39.451	692	770	762	1.03e-172	519	89	arginine decarboxylase [Photobacterium leiognathi]
WP_065193859.1	GCF_033448215.1|WP_080562910.1	39.451	692	770	762	1.03e-172	519	89	arginine decarboxylase [Photobacterium leiognathi]
WP_065193859.1	GCF_033448185.1|WP_080562910.1	39.451	692	770	762	1.03e-172	519	89	arginine decarboxylase [Photobacterium leiognathi]
WP_065193859.1	GCF_033448165.1|WP_080562910.1	39.451	692	770	762	1.03e-172	519	89	arginine decarboxylase [Photobacterium leiognathi]
WP_065193859.1	GCF_033448145.1|WP_080562910.1	39.451	692	770	762	1.03e-172	519	89	arginine decarboxylase [Photobacterium leiognathi]
WP_065193859.1	GCF_033448125.1|WP_080562910.1	39.451	692	770	762	1.03e-172	519	89	arginine decarboxylase [Photobacterium leiognathi]
WP_065193859.1	GCF_033448105.1|WP_080562910.1	39.451	692	770	762	1.03e-172	519	89	arginine decarboxylase [Photobacterium leiognathi]
WP_065193859.1	GCF_033448065.1|WP_080562910.1	39.451	692	770	762	1.03e-172	519	89	arginine decarboxylase [Photobacterium leiognathi]
WP_065193859.1	GCF_033448045.1|WP_080562910.1	39.451	692	770	762	1.03e-172	519	89	arginine decarboxylase [Photobacterium leiognathi]
WP_065193859.1	GCF_033448005.1|WP_080562910.1	39.451	692	770	762	1.03e-172	519	89	arginine decarboxylase [Photobacterium leiognathi]
WP_065193859.1	GCF_033447985.1|WP_080562910.1	39.451	692	770	762	1.03e-172	519	89	arginine decarboxylase [Photobacterium leiognathi]
WP_065193859.1	GCF_033447965.1|WP_080562910.1	39.451	692	770	762	1.03e-172	519	89	arginine decarboxylase [Photobacterium leiognathi]
WP_065193859.1	GCF_033447945.1|WP_080562910.1	39.451	692	770	762	1.03e-172	519	89	arginine decarboxylase [Photobacterium leiognathi]
WP_065193859.1	GCF_033447925.1|WP_080562910.1	39.451	692	770	762	1.03e-172	519	89	arginine decarboxylase [Photobacterium leiognathi]
WP_065193859.1	GCF_033447905.1|WP_080562910.1	39.451	692	770	762	1.03e-172	519	89	arginine decarboxylase [Photobacterium leiognathi]
WP_065193859.1	GCF_033447865.1|WP_080562910.1	39.451	692	770	762	1.03e-172	519	89	arginine decarboxylase [Photobacterium leiognathi]
WP_065193859.1	GCF_033447825.1|WP_080562910.1	39.451	692	770	762	1.03e-172	519	89	arginine decarboxylase [Photobacterium leiognathi]
WP_065193859.1	GCF_033447755.1|WP_080562910.1	39.451	692	770	762	1.03e-172	519	89	arginine decarboxylase [Photobacterium leiognathi]
WP_065193859.1	GCF_033447745.1|WP_080562910.1	39.451	692	770	762	1.03e-172	519	89	arginine decarboxylase [Photobacterium leiognathi]
WP_065193859.1	GCF_033447695.1|WP_080562910.1	39.451	692	770	762	1.03e-172	519	89	arginine decarboxylase [Photobacterium leiognathi]
WP_065193859.1	GCF_033447685.1|WP_080562910.1	39.451	692	770	762	1.03e-172	519	89	arginine decarboxylase [Photobacterium leiognathi]
WP_065193859.1	GCF_033447665.1|WP_080562910.1	39.451	692	770	762	1.03e-172	519	89	arginine decarboxylase [Photobacterium leiognathi]
WP_065193859.1	GCF_033447645.1|WP_080562910.1	39.451	692	770	762	1.03e-172	519	89	arginine decarboxylase [Photobacterium leiognathi]
WP_065193859.1	GCF_033447605.1|WP_080562910.1	39.451	692	770	762	1.03e-172	519	89	arginine decarboxylase [Photobacterium leiognathi]
WP_065193859.1	GCF_033447565.1|WP_080562910.1	39.451	692	770	762	1.03e-172	519	89	arginine decarboxylase [Photobacterium leiognathi]
WP_065193859.1	GCF_033447505.1|WP_080562910.1	39.451	692	770	762	1.03e-172	519	89	arginine decarboxylase [Photobacterium leiognathi]
WP_065193859.1	GCF_033447495.1|WP_080562910.1	39.451	692	770	762	1.03e-172	519	89	arginine decarboxylase [Photobacterium leiognathi]
WP_065193859.1	GCF_033447465.1|WP_080562910.1	39.451	692	770	762	1.03e-172	519	89	arginine decarboxylase [Photobacterium leiognathi]
WP_065193859.1	GCF_033447445.1|WP_080562910.1	39.451	692	770	762	1.03e-172	519	89	arginine decarboxylase [Photobacterium leiognathi]
WP_065193859.1	GCF_033447415.1|WP_080562910.1	39.451	692	770	762	1.03e-172	519	89	arginine decarboxylase [Photobacterium leiognathi]
WP_065193859.1	GCF_033447385.1|WP_080562910.1	39.451	692	770	762	1.03e-172	519	89	arginine decarboxylase [Photobacterium leiognathi]
WP_065193859.1	GCF_033447365.1|WP_080562910.1	39.451	692	770	762	1.03e-172	519	89	arginine decarboxylase [Photobacterium leiognathi]
WP_065193859.1	GCF_033447345.1|WP_080562910.1	39.451	692	770	762	1.03e-172	519	89	arginine decarboxylase [Photobacterium leiognathi]
WP_065193859.1	GCF_033447015.1|WP_080562910.1	39.451	692	770	762	1.03e-172	519	89	arginine decarboxylase [Photobacterium leiognathi]
WP_065193859.1	GCF_033446985.1|WP_080562910.1	39.451	692	770	762	1.03e-172	519	89	arginine decarboxylase [Photobacterium leiognathi]
WP_065193859.1	GCF_030716995.1|WP_080562910.1	39.451	692	770	762	1.03e-172	519	89	arginine decarboxylase [Photobacterium leiognathi]
WP_065193859.1	GCF_030716965.1|WP_080562910.1	39.451	692	770	762	1.03e-172	519	89	arginine decarboxylase [Photobacterium leiognathi]
WP_065193859.1	GCF_030716925.1|WP_080562910.1	39.451	692	770	762	1.03e-172	519	89	arginine decarboxylase [Photobacterium leiognathi]
WP_065193859.1	GCF_030716875.1|WP_080562910.1	39.451	692	770	762	1.03e-172	519	89	arginine decarboxylase [Photobacterium leiognathi]
WP_065193859.1	GCF_030716865.1|WP_080562910.1	39.451	692	770	762	1.03e-172	519	89	arginine decarboxylase [Photobacterium leiognathi]
WP_065193859.1	GCF_030716845.1|WP_080562910.1	39.451	692	770	762	1.03e-172	519	89	arginine decarboxylase [Photobacterium leiognathi]
WP_065193859.1	GCF_030716825.1|WP_080562910.1	39.451	692	770	762	1.03e-172	519	89	arginine decarboxylase [Photobacterium leiognathi]
WP_065193859.1	GCF_030716725.1|WP_080562910.1	39.451	692	770	762	1.03e-172	519	89	arginine decarboxylase [Photobacterium leiognathi]
WP_065193859.1	GCF_030685575.1|WP_080562910.1	39.451	692	770	762	1.03e-172	519	89	arginine decarboxylase [Photobacterium leiognathi]
WP_065193859.1	GCF_030685535.1|WP_080562910.1	39.451	692	770	762	1.03e-172	519	89	arginine decarboxylase [Photobacterium leiognathi]
WP_065193859.1	GCF_030685515.1|WP_080562910.1	39.451	692	770	762	1.03e-172	519	89	arginine decarboxylase [Photobacterium leiognathi]
WP_065193859.1	GCF_030685475.1|WP_080562910.1	39.451	692	770	762	1.03e-172	519	89	arginine decarboxylase [Photobacterium leiognathi]
WP_065193859.1	GCF_030685435.1|WP_080562910.1	39.451	692	770	762	1.03e-172	519	89	arginine decarboxylase [Photobacterium leiognathi]
WP_065193859.1	GCF_030685415.1|WP_080562910.1	39.451	692	770	762	1.03e-172	519	89	arginine decarboxylase [Photobacterium leiognathi]
WP_065193859.1	GCF_030685395.1|WP_080562910.1	39.451	692	770	762	1.03e-172	519	89	arginine decarboxylase [Photobacterium leiognathi]
WP_065193859.1	GCF_030685335.1|WP_080562910.1	39.451	692	770	762	1.03e-172	519	89	arginine decarboxylase [Photobacterium leiognathi]
WP_065193859.1	GCF_030685315.1|WP_080562910.1	39.451	692	770	762	1.03e-172	519	89	arginine decarboxylase [Photobacterium leiognathi]
WP_065193859.1	GCF_030685295.1|WP_080562910.1	39.451	692	770	762	1.03e-172	519	89	arginine decarboxylase [Photobacterium leiognathi]
WP_065193859.1	GCF_022129615.1|WP_080562910.1	39.451	692	770	762	1.03e-172	519	89	arginine decarboxylase [Photobacterium leiognathi]
WP_065193859.1	GCF_003026735.1|WP_080562910.1	39.451	692	770	762	1.03e-172	519	89	arginine decarboxylase [Photobacterium leiognathi]
WP_065193859.1	GCF_003026715.1|WP_080562910.1	39.451	692	770	762	1.03e-172	519	89	arginine decarboxylase [Photobacterium leiognathi]
WP_065193859.1	GCF_003026315.1|WP_080562910.1	39.451	692	770	762	1.03e-172	519	89	arginine decarboxylase [Photobacterium leiognathi]
WP_065193859.1	GCF_003026235.1|WP_080562910.1	39.451	692	770	762	1.03e-172	519	89	arginine decarboxylase [Photobacterium leiognathi]
WP_065193859.1	GCF_003026055.1|WP_080562910.1	39.451	692	770	762	1.03e-172	519	89	arginine decarboxylase [Photobacterium leiognathi]
WP_065193859.1	GCF_003026015.1|WP_080562910.1	39.451	692	770	762	1.03e-172	519	89	arginine decarboxylase [Photobacterium leiognathi]
WP_065193859.1	GCF_001558075.1|WP_080562910.1	39.451	692	770	762	1.03e-172	519	89	arginine decarboxylase [Photobacterium leiognathi]
WP_065193859.1	GCF_001557755.1|WP_080562910.1	39.451	692	770	762	1.03e-172	519	89	arginine decarboxylase [Photobacterium leiognathi]
WP_065193859.1	GCF_000950435.1|WP_080562910.1	39.451	692	770	762	1.03e-172	519	89	arginine decarboxylase [Photobacterium leiognathi]
WP_065193859.1	GCF_000950415.1|WP_080562910.1	39.451	692	770	762	1.03e-172	519	89	arginine decarboxylase [Photobacterium leiognathi]
WP_065193859.1	GCF_000509205.1|WP_080562910.1	39.451	692	770	762	1.03e-172	519	89	arginine decarboxylase [Photobacterium leiognathi]
WP_065193859.1	GCF_059761485.1|WP_498196509.1	39.604	707	770	767	1.04e-172	520	91	arginine decarboxylase [Photobacterium phosphoreum]
WP_065193859.1	GCF_003026695.1|WP_107218277.1	39.451	692	770	762	1.16e-172	519	89	arginine decarboxylase [Photobacterium leiognathi]
WP_065193859.1	GCF_051046865.1|WP_434138426.1	39.451	692	770	762	1.22e-172	519	89	arginine decarboxylase [Photobacterium leiognathi]
WP_065193859.1	GCF_033447845.1|WP_318401772.1	39.451	692	770	762	1.23e-172	519	89	arginine decarboxylase [Photobacterium leiognathi]
WP_065193859.1	GCF_033447395.1|WP_318401772.1	39.451	692	770	762	1.23e-172	519	89	arginine decarboxylase [Photobacterium leiognathi]
WP_065193859.1	GCF_030716765.1|WP_107188717.1	38.865	705	770	767	1.25e-172	519	91	arginine decarboxylase [Photobacterium kishitanii]
WP_065193859.1	GCF_003027115.1|WP_107188717.1	38.865	705	770	767	1.25e-172	519	91	arginine decarboxylase [Photobacterium kishitanii]
WP_065193859.1	GCF_003027055.1|WP_107188717.1	38.865	705	770	767	1.25e-172	519	91	arginine decarboxylase [Photobacterium kishitanii]
WP_065193859.1	GCF_003027035.1|WP_107188717.1	38.865	705	770	767	1.25e-172	519	91	arginine decarboxylase [Photobacterium kishitanii]
WP_065193859.1	GCF_003026975.1|WP_107188717.1	38.865	705	770	767	1.25e-172	519	91	arginine decarboxylase [Photobacterium kishitanii]
WP_065193859.1	GCF_033448025.1|WP_318515799.1	39.306	692	770	762	1.29e-172	519	89	arginine decarboxylase [Photobacterium leiognathi]
WP_065193859.1	GCF_030685375.1|WP_305369972.1	39.451	692	770	762	1.62e-172	519	89	arginine decarboxylase [Photobacterium leiognathi]
WP_065193859.1	GCF_033448085.1|WP_318462926.1	39.451	692	770	762	1.84e-172	519	89	arginine decarboxylase [Photobacterium leiognathi]
WP_065193859.1	GCF_003025895.1|WP_107195229.1	38.723	705	770	767	2.09e-172	519	91	arginine decarboxylase [Photobacterium kishitanii]
WP_065193859.1	GCF_003026355.1|WP_107277790.1	38.723	705	770	767	2.21e-172	519	91	arginine decarboxylase [Photobacterium kishitanii]
WP_065193859.1	GCF_963886165.1|WP_161118924.1	39.007	705	770	762	2.33e-172	518	91	arginine decarboxylase [Photobacterium lucens]
WP_065193859.1	GCF_009874335.1|WP_161118924.1	39.007	705	770	762	2.33e-172	518	91	arginine decarboxylase [Photobacterium lucens]
WP_065193859.1	GCF_003026635.1|WP_107210725.1	38.865	705	770	767	2.38e-172	518	91	arginine decarboxylase [Photobacterium kishitanii]
WP_065193859.1	GCF_030685555.1|WP_107166756.1	39.118	703	770	762	2.77e-172	518	91	arginine decarboxylase [Photobacterium leiognathi]
WP_065193859.1	GCF_058072885.1|WP_419237016.1	39.451	692	770	762	2.95e-172	518	89	arginine decarboxylase [Photobacterium leiognathi]
WP_065193859.1	GCF_058072865.1|WP_419237016.1	39.451	692	770	762	2.95e-172	518	89	arginine decarboxylase [Photobacterium leiognathi]
WP_065193859.1	GCF_058072835.1|WP_419237016.1	39.451	692	770	762	2.95e-172	518	89	arginine decarboxylase [Photobacterium leiognathi]
WP_065193859.1	GCF_058072825.1|WP_419237016.1	39.451	692	770	762	2.95e-172	518	89	arginine decarboxylase [Photobacterium leiognathi]
WP_065193859.1	GCF_048537525.1|WP_419237016.1	39.451	692	770	762	2.95e-172	518	89	arginine decarboxylase [Photobacterium leiognathi]
WP_065193859.1	GCF_048537505.1|WP_419237016.1	39.451	692	770	762	2.95e-172	518	89	arginine decarboxylase [Photobacterium leiognathi]
WP_065193859.1	GCF_048537445.1|WP_419237016.1	39.451	692	770	762	2.95e-172	518	89	arginine decarboxylase [Photobacterium leiognathi]
WP_065193859.1	GCF_048537465.1|WP_419239507.1	39.451	692	770	762	3.02e-172	518	89	arginine decarboxylase [Photobacterium leiognathi]
WP_065193859.1	GCF_003026655.1|WP_107174241.1	38.723	705	770	767	3.40e-172	518	91	arginine decarboxylase [Photobacterium kishitanii]
WP_065193859.1	GCF_003025975.1|WP_107174241.1	38.723	705	770	767	3.40e-172	518	91	arginine decarboxylase [Photobacterium kishitanii]
WP_065193859.1	GCF_058410825.1|WP_491619229.1	37.302	756	770	765	3.41e-172	518	98	arginine decarboxylase [Photobacterium damselae]
WP_065193859.1	GCF_030716975.1|WP_305403003.1	39.306	692	770	762	3.47e-172	518	89	arginine decarboxylase [Photobacterium leiognathi]
WP_065193859.1	GCF_030685355.1|WP_305403003.1	39.306	692	770	762	3.47e-172	518	89	arginine decarboxylase [Photobacterium leiognathi]
WP_065193859.1	GCF_027923345.1|WP_281810095.1	37.792	770	770	767	3.91e-172	518	99	arginine decarboxylase [Photobacterium carnosum]
WP_065193859.1	GCF_042430005.1|WP_047876040.1	39.565	690	770	765	4.06e-172	518	89	arginine decarboxylase [Photobacterium aphoticum]
WP_065193859.1	GCF_014652075.1|WP_047876040.1	39.565	690	770	765	4.06e-172	518	89	arginine decarboxylase [Photobacterium aphoticum]
WP_065193859.1	GCF_003025575.1|WP_047876040.1	39.565	690	770	765	4.06e-172	518	89	arginine decarboxylase [Photobacterium aphoticum]
WP_065193859.1	GCF_001029435.1|WP_047876040.1	39.565	690	770	765	4.06e-172	518	89	arginine decarboxylase [Photobacterium aphoticum]
WP_065193859.1	GCF_900166975.1|WP_080174252.1	37.630	768	770	767	4.13e-172	518	99	arginine decarboxylase [Photobacterium toruni]
WP_065193859.1	GCF_024529955.1|WP_080174252.1	37.630	768	770	767	4.13e-172	518	99	arginine decarboxylase [Photobacterium toruni]
WP_065193859.1	GCF_024494545.1|WP_080174252.1	37.630	768	770	767	4.13e-172	518	99	arginine decarboxylase [Photobacterium toruni]
WP_065193859.1	GCF_021236845.1|WP_232600651.1	39.420	690	770	728	4.26e-172	516	89	arginine decarboxylase, partial [Photobacterium carnosum]
WP_065193859.1	GCF_053202905.1|WP_447444219.1	37.302	756	770	757	4.49e-172	518	98	arginine decarboxylase [Photobacterium damselae]
WP_065193859.1	GCF_058410825.1|WP_086957366.1	37.302	756	770	765	4.77e-172	518	98	arginine decarboxylase [Photobacterium damselae]
WP_065193859.1	GCF_014775695.1|WP_086957366.1	37.302	756	770	765	4.77e-172	518	98	arginine decarboxylase [Photobacterium damselae]
WP_065193859.1	GCF_004683985.2|WP_086957366.1	37.302	756	770	765	4.77e-172	518	98	arginine decarboxylase [Photobacterium damselae]
WP_065193859.1	GCF_003026775.1|WP_086957366.1	37.302	756	770	765	4.77e-172	518	98	arginine decarboxylase [Photobacterium damselae]
WP_065193859.1	GCF_003026245.1|WP_086957366.1	37.302	756	770	765	4.77e-172	518	98	arginine decarboxylase [Photobacterium damselae]
WP_065193859.1	GCF_002356235.1|WP_086957366.1	37.302	756	770	765	4.77e-172	518	98	arginine decarboxylase [Photobacterium damselae]
WP_065193859.1	GCF_002157645.1|WP_086957366.1	37.302	756	770	765	4.77e-172	518	98	arginine decarboxylase [Photobacterium damselae]
WP_065193859.1	GCA_014775675.1|QOD56594.1	37.302	756	770	765	4.77e-172	518	98	arginine decarboxylase [Photobacterium damselae subsp. piscicida]
WP_065193859.1	GCF_003025715.1|WP_107191350.1	39.463	707	770	767	4.80e-172	518	91	arginine decarboxylase [Photobacterium phosphoreum]
WP_065193859.1	GCF_003025695.1|WP_107191350.1	39.463	707	770	767	4.80e-172	518	91	arginine decarboxylase [Photobacterium phosphoreum]
WP_065193859.1	GCF_003025655.1|WP_107191350.1	39.463	707	770	767	4.80e-172	518	91	arginine decarboxylase [Photobacterium phosphoreum]
WP_065193859.1	GCF_965118525.1|WP_413525563.1	39.463	707	770	767	5.18e-172	518	91	arginine decarboxylase [Photobacterium phosphoreum]
WP_065193859.1	GCF_059761665.1|WP_413525563.1	39.463	707	770	767	5.18e-172	518	91	arginine decarboxylase [Photobacterium phosphoreum]
WP_065193859.1	GCF_059761505.1|WP_413525563.1	39.463	707	770	767	5.18e-172	518	91	arginine decarboxylase [Photobacterium phosphoreum]
WP_065193859.1	GCF_059761425.1|WP_413525563.1	39.463	707	770	767	5.18e-172	518	91	arginine decarboxylase [Photobacterium phosphoreum]
WP_065193859.1	GCF_059749395.1|WP_413525563.1	39.463	707	770	767	5.18e-172	518	91	arginine decarboxylase [Photobacterium phosphoreum]
WP_065193859.1	GCF_058273185.1|WP_135275767.1	38.986	690	770	765	8.44e-172	517	89	arginine decarboxylase [Photobacterium damselae]
WP_065193859.1	GCF_056234175.1|WP_135275767.1	38.986	690	770	765	8.44e-172	517	89	arginine decarboxylase [Photobacterium damselae]
WP_065193859.1	GCF_056234105.1|WP_135275767.1	38.986	690	770	765	8.44e-172	517	89	arginine decarboxylase [Photobacterium damselae]
WP_065193859.1	GCF_030716945.1|WP_305813190.1	39.306	692	770	762	8.76e-172	517	89	arginine decarboxylase [Photobacterium leiognathi]
WP_065193859.1	GCF_003025835.1|WP_107240454.1	39.463	707	770	767	8.87e-172	517	91	arginine decarboxylase [Photobacterium phosphoreum]
WP_065193859.1	GCF_030685455.1|WP_305460167.1	39.306	692	770	762	9.25e-172	517	89	arginine decarboxylase [Photobacterium leiognathi]
WP_065193859.1	GCF_036040035.1|WP_327765525.1	39.420	690	770	685	1.19e-171	514	89	arginine decarboxylase, partial [Photobacterium sp. S4TG1]
WP_065193859.1	GCF_046058925.1|WP_408900573.1	37.500	768	770	767	1.21e-171	517	99	arginine decarboxylase [Photobacterium piscicola]
WP_065193859.1	GCA_014775675.1|QOD58859.1	38.986	690	770	759	1.22e-171	516	89	arginine decarboxylase [Photobacterium damselae subsp. piscicida]
WP_065193859.1	GCF_014042565.1|WP_182079807.1	39.528	678	770	672	1.23e-171	513	88	arginine decarboxylase, partial [Photobacterium damselae]
WP_065193859.1	GCF_003025735.1|WP_107294035.1	39.321	707	770	767	1.28e-171	517	91	arginine decarboxylase [Photobacterium phosphoreum]
WP_065193859.1	GCF_053202905.1|WP_086959302.1	38.986	690	770	765	1.38e-171	516	89	arginine decarboxylase [Photobacterium damselae]
WP_065193859.1	GCF_014775695.1|WP_086959302.1	38.986	690	770	765	1.38e-171	516	89	arginine decarboxylase [Photobacterium damselae]
WP_065193859.1	GCF_004683985.2|WP_086959302.1	38.986	690	770	765	1.38e-171	516	89	arginine decarboxylase [Photobacterium damselae]
WP_065193859.1	GCF_002356235.1|WP_086959302.1	38.986	690	770	765	1.38e-171	516	89	arginine decarboxylase [Photobacterium damselae]
WP_065193859.1	GCF_002157645.1|WP_086959302.1	38.986	690	770	765	1.38e-171	516	89	arginine decarboxylase [Photobacterium damselae]
WP_065193859.1	GCF_036040095.1|WP_327775762.1	37.748	755	770	750	1.47e-171	516	98	arginine decarboxylase, partial [Photobacterium toruni]
WP_065193859.1	GCF_002954455.1|WP_420874927.1	37.831	756	770	758	1.55e-171	516	98	arginine decarboxylase [Photobacterium aquimaris]
WP_065193859.1	GCF_000950225.1|WP_236688654.1	38.391	758	770	756	1.75e-171	516	98	arginine decarboxylase, partial [Photobacterium angustum]
WP_065193859.1	GCF_000950185.1|WP_236688654.1	38.391	758	770	756	1.75e-171	516	98	arginine decarboxylase, partial [Photobacterium angustum]
WP_065193859.1	GCF_000950025.1|WP_236688654.1	38.391	758	770	756	1.75e-171	516	98	arginine decarboxylase, partial [Photobacterium angustum]
WP_065193859.1	GCF_003027075.1|WP_107176718.1	38.052	770	770	767	1.84e-171	516	99	arginine decarboxylase [Photobacterium angustum]
WP_065193859.1	GCF_003026905.1|WP_107176718.1	38.052	770	770	767	1.84e-171	516	99	arginine decarboxylase [Photobacterium angustum]
WP_065193859.1	GCF_003026835.1|WP_107176718.1	38.052	770	770	767	1.84e-171	516	99	arginine decarboxylase [Photobacterium angustum]
WP_065193859.1	GCF_965119195.1|WP_107197984.1	39.463	707	770	767	2.14e-171	516	91	arginine decarboxylase [Photobacterium phosphoreum]
WP_065193859.1	GCF_059761745.1|WP_107197984.1	39.463	707	770	767	2.14e-171	516	91	arginine decarboxylase [Photobacterium phosphoreum]
WP_065193859.1	GCF_059761725.1|WP_107197984.1	39.463	707	770	767	2.14e-171	516	91	arginine decarboxylase [Photobacterium phosphoreum]
WP_065193859.1	GCF_059761445.1|WP_107197984.1	39.463	707	770	767	2.14e-171	516	91	arginine decarboxylase [Photobacterium phosphoreum]
WP_065193859.1	GCF_003026545.1|WP_107197984.1	39.463	707	770	767	2.14e-171	516	91	arginine decarboxylase [Photobacterium phosphoreum]
WP_065193859.1	GCF_003025795.1|WP_107197984.1	39.463	707	770	767	2.14e-171	516	91	arginine decarboxylase [Photobacterium phosphoreum]
WP_065193859.1	GCF_059761585.1|WP_498235552.1	39.321	707	770	767	2.22e-171	516	91	arginine decarboxylase [Photobacterium phosphoreum]
WP_065193859.1	GCF_000950355.1|WP_236688071.1	38.391	758	770	756	2.39e-171	516	98	arginine decarboxylase, partial [Photobacterium angustum]
WP_065193859.1	GCF_000950275.1|WP_236688071.1	38.391	758	770	756	2.39e-171	516	98	arginine decarboxylase, partial [Photobacterium angustum]
WP_065193859.1	GCF_000950215.1|WP_236688071.1	38.391	758	770	756	2.39e-171	516	98	arginine decarboxylase, partial [Photobacterium angustum]
WP_065193859.1	GCF_000950085.1|WP_236688071.1	38.391	758	770	756	2.39e-171	516	98	arginine decarboxylase, partial [Photobacterium angustum]
WP_065193859.1	GCF_059761645.1|WP_498185785.1	39.321	707	770	767	2.49e-171	516	91	arginine decarboxylase [Photobacterium phosphoreum]
WP_065193859.1	GCF_059761705.1|WP_498161532.1	39.321	707	770	767	2.63e-171	516	91	arginine decarboxylase [Photobacterium phosphoreum]
WP_065193859.1	GCF_059761605.1|WP_498161532.1	39.321	707	770	767	2.63e-171	516	91	arginine decarboxylase [Photobacterium phosphoreum]
WP_065193859.1	GCF_059761905.1|WP_498212577.1	39.773	704	770	724	2.80e-171	514	91	arginine decarboxylase, partial [Photobacterium iliopiscarium]
WP_065193859.1	GCF_003026615.1|WP_107296026.1	39.321	707	770	767	2.84e-171	516	91	arginine decarboxylase [Photobacterium phosphoreum]
WP_065193859.1	GCF_001676135.1|WP_107296026.1	39.321	707	770	767	2.84e-171	516	91	arginine decarboxylase [Photobacterium phosphoreum]
WP_065193859.1	GCF_000613045.3|WP_036789216.1	38.723	705	770	767	3.09e-171	516	91	arginine decarboxylase [Photobacterium kishitanii]
WP_065193859.1	GCF_965119175.1|WP_107188176.1	39.321	707	770	767	3.26e-171	516	91	arginine decarboxylase [Photobacterium phosphoreum]
WP_065193859.1	GCF_949787665.1|WP_107188176.1	39.321	707	770	767	3.26e-171	516	91	arginine decarboxylase [Photobacterium phosphoreum]
WP_065193859.1	GCF_059761625.1|WP_107188176.1	39.321	707	770	767	3.26e-171	516	91	arginine decarboxylase [Photobacterium phosphoreum]
WP_065193859.1	GCF_059761545.1|WP_107188176.1	39.321	707	770	767	3.26e-171	516	91	arginine decarboxylase [Photobacterium phosphoreum]
WP_065193859.1	GCF_059761455.1|WP_107188176.1	39.321	707	770	767	3.26e-171	516	91	arginine decarboxylase [Photobacterium phosphoreum]
WP_065193859.1	GCF_059749375.1|WP_107188176.1	39.321	707	770	767	3.26e-171	516	91	arginine decarboxylase [Photobacterium phosphoreum]
WP_065193859.1	GCF_059749295.1|WP_107188176.1	39.321	707	770	767	3.26e-171	516	91	arginine decarboxylase [Photobacterium phosphoreum]
WP_065193859.1	GCF_021504635.1|WP_107188176.1	39.321	707	770	767	3.26e-171	516	91	arginine decarboxylase [Photobacterium phosphoreum]
WP_065193859.1	GCF_021504615.1|WP_107188176.1	39.321	707	770	767	3.26e-171	516	91	arginine decarboxylase [Photobacterium phosphoreum]
WP_065193859.1	GCF_021504545.1|WP_107188176.1	39.321	707	770	767	3.26e-171	516	91	arginine decarboxylase [Photobacterium phosphoreum]
WP_065193859.1	GCF_021237045.1|WP_107188176.1	39.321	707	770	767	3.26e-171	516	91	arginine decarboxylase [Photobacterium phosphoreum]
WP_065193859.1	GCF_021236685.1|WP_107188176.1	39.321	707	770	767	3.26e-171	516	91	arginine decarboxylase [Photobacterium phosphoreum]
WP_065193859.1	GCF_021236655.1|WP_107188176.1	39.321	707	770	767	3.26e-171	516	91	arginine decarboxylase [Photobacterium phosphoreum]
WP_065193859.1	GCF_021236585.1|WP_107188176.1	39.321	707	770	767	3.26e-171	516	91	arginine decarboxylase [Photobacterium phosphoreum]
WP_065193859.1	GCF_003026575.1|WP_107188176.1	39.321	707	770	767	3.26e-171	516	91	arginine decarboxylase [Photobacterium phosphoreum]
WP_065193859.1	GCF_003026535.1|WP_107188176.1	39.321	707	770	767	3.26e-171	516	91	arginine decarboxylase [Photobacterium phosphoreum]
WP_065193859.1	GCF_003026275.1|WP_107188176.1	39.321	707	770	767	3.26e-171	516	91	arginine decarboxylase [Photobacterium phosphoreum]
WP_065193859.1	GCF_003025855.1|WP_107188176.1	39.321	707	770	767	3.26e-171	516	91	arginine decarboxylase [Photobacterium phosphoreum]
WP_065193859.1	GCF_003025755.1|WP_107188176.1	39.321	707	770	767	3.26e-171	516	91	arginine decarboxylase [Photobacterium phosphoreum]
WP_065193859.1	GCF_001676275.1|WP_107188176.1	39.321	707	770	767	3.26e-171	516	91	arginine decarboxylase [Photobacterium phosphoreum]
WP_065193859.1	GCF_021237025.1|WP_107303998.1	39.321	707	770	767	3.37e-171	516	91	arginine decarboxylase [Photobacterium phosphoreum]
WP_065193859.1	GCF_021236745.1|WP_107303998.1	39.321	707	770	767	3.37e-171	516	91	arginine decarboxylase [Photobacterium phosphoreum]
WP_065193859.1	GCF_021236645.1|WP_107303998.1	39.321	707	770	767	3.37e-171	516	91	arginine decarboxylase [Photobacterium phosphoreum]
WP_065193859.1	GCF_003025815.1|WP_107303998.1	39.321	707	770	767	3.37e-171	516	91	arginine decarboxylase [Photobacterium phosphoreum]
WP_065193859.1	GCF_003025775.1|WP_107303998.1	39.321	707	770	767	3.37e-171	516	91	arginine decarboxylase [Photobacterium phosphoreum]
WP_065193859.1	GCF_036040195.1|WP_327768558.1	39.884	692	770	754	3.72e-171	515	89	arginine decarboxylase, partial [Photobacterium piscicola]
WP_065193859.1	GCF_021236625.1|WP_232596468.1	39.740	692	770	689	3.97e-171	513	89	arginine decarboxylase, partial [Photobacterium phosphoreum]
WP_065193859.1	GCF_036040255.1|WP_327770231.1	39.884	692	770	767	4.41e-171	515	89	arginine decarboxylase [Photobacterium piscicola]
WP_065193859.1	GCF_055456455.1|WP_464691942.1	38.259	758	770	767	4.61e-171	515	98	arginine decarboxylase [Photobacterium angustum]
WP_065193859.1	GCF_036040205.1|WP_327779846.1	39.884	692	770	767	4.61e-171	515	89	arginine decarboxylase [Photobacterium piscicola]
WP_065193859.1	GCF_900537155.1|WP_163923073.1	37.240	768	770	766	4.82e-171	515	99	arginine decarboxylase [Photobacterium sp. Alg240-V54]
WP_065193859.1	GCF_030717005.1|WP_107187541.1	38.582	705	770	767	4.86e-171	515	91	arginine decarboxylase [Photobacterium kishitanii]
WP_065193859.1	GCF_003025945.1|WP_107187541.1	38.582	705	770	767	4.86e-171	515	91	arginine decarboxylase [Photobacterium kishitanii]
WP_065193859.1	GCF_000950255.1|WP_052957926.1	37.922	770	770	767	5.02e-171	515	99	arginine decarboxylase [Photobacterium angustum]
WP_065193859.1	GCF_006124835.1|WP_138976652.1	37.416	743	770	747	5.68e-171	514	96	arginine decarboxylase, partial [Photobacterium damselae]
WP_065193859.1	GCF_002954615.1|WP_105061197.1	37.922	770	770	765	6.67e-171	515	99	arginine decarboxylase [Photobacterium angustum]
WP_065193859.1	GCF_058273185.1|WP_202290215.1	37.169	756	770	765	7.51e-171	514	98	arginine decarboxylase [Photobacterium damselae]
WP_065193859.1	GCF_056234175.1|WP_202290215.1	37.169	756	770	765	7.51e-171	514	98	arginine decarboxylase [Photobacterium damselae]
WP_065193859.1	GCF_056234105.1|WP_202290215.1	37.169	756	770	765	7.51e-171	514	98	arginine decarboxylase [Photobacterium damselae]
WP_065193859.1	GCF_059761525.1|WP_498237772.1	39.321	707	770	767	8.33e-171	514	91	arginine decarboxylase [Photobacterium phosphoreum]
WP_065193859.1	GCF_003026515.1|WP_107204621.1	37.698	756	770	767	1.31e-170	514	98	arginine decarboxylase [Photobacterium aquimaris]
WP_065193859.1	GCF_003025625.1|WP_107204621.1	37.698	756	770	767	1.31e-170	514	98	arginine decarboxylase [Photobacterium aquimaris]
WP_065193859.1	GCF_000950005.1|WP_045150648.1	39.321	707	770	699	1.41e-170	511	91	arginine decarboxylase, partial [Photobacterium angustum]
WP_065193859.1	GCF_059761285.1|WP_498187624.1	37.370	768	770	767	1.41e-170	514	99	arginine decarboxylase [Photobacterium piscicola]
WP_065193859.1	GCF_002954455.1|WP_414858306.1	39.420	690	770	767	1.59e-170	514	89	arginine decarboxylase [Photobacterium aquimaris]
WP_065193859.1	GCF_001558115.1|WP_414858306.1	39.420	690	770	767	1.59e-170	514	89	arginine decarboxylase [Photobacterium aquimaris]
WP_065193859.1	GCF_900185615.1|WP_087845766.1	37.370	768	770	766	1.64e-170	514	99	arginine decarboxylase [Photobacterium malacitanum]
WP_065193859.1	GCF_003026515.1|WP_107204622.1	37.240	768	770	766	1.93e-170	514	99	arginine decarboxylase [Photobacterium aquimaris]
WP_065193859.1	GCF_003025625.1|WP_107204622.1	37.240	768	770	766	1.93e-170	514	99	arginine decarboxylase [Photobacterium aquimaris]
WP_065193859.1	GCF_002954615.1|WP_105061196.1	37.792	770	770	767	1.97e-170	514	99	arginine decarboxylase [Photobacterium angustum]
WP_065193859.1	GCF_000613045.3|WP_036788523.1	37.566	756	770	758	2.01e-170	513	98	arginine decarboxylase [Photobacterium kishitanii]
WP_065193859.1	GCF_059761855.1|WP_498257746.1	37.662	770	770	767	2.17e-170	513	99	arginine decarboxylase [Photobacterium iliopiscarium]
WP_065193859.1	GCF_027923345.1|WP_281810093.1	37.532	770	770	767	2.50e-170	513	99	arginine decarboxylase [Photobacterium carnosum]
WP_065193859.1	GCF_059761325.1|WP_498190056.1	37.370	768	770	767	2.52e-170	513	99	arginine decarboxylase [Photobacterium piscicola]
WP_065193859.1	GCF_059761325.1|WP_408900575.1	37.662	770	770	767	2.66e-170	513	99	arginine decarboxylase [Photobacterium piscicola]
WP_065193859.1	GCF_059761285.1|WP_408900575.1	37.662	770	770	767	2.66e-170	513	99	arginine decarboxylase [Photobacterium piscicola]
WP_065193859.1	GCF_046058925.1|WP_408900575.1	37.662	770	770	767	2.66e-170	513	99	arginine decarboxylase [Photobacterium piscicola]
WP_065193859.1	GCF_003025935.1|WP_107225088.1	38.440	705	770	767	3.03e-170	513	91	arginine decarboxylase [Photobacterium kishitanii]
WP_065193859.1	GCF_030717005.1|WP_107188719.1	39.275	690	770	767	3.23e-170	513	89	arginine decarboxylase [Photobacterium kishitanii]
WP_065193859.1	GCF_003027115.1|WP_107188719.1	39.275	690	770	767	3.23e-170	513	89	arginine decarboxylase [Photobacterium kishitanii]
WP_065193859.1	GCF_003027055.1|WP_107188719.1	39.275	690	770	767	3.23e-170	513	89	arginine decarboxylase [Photobacterium kishitanii]
WP_065193859.1	GCF_003027035.1|WP_107188719.1	39.275	690	770	767	3.23e-170	513	89	arginine decarboxylase [Photobacterium kishitanii]
WP_065193859.1	GCF_003026975.1|WP_107188719.1	39.275	690	770	767	3.23e-170	513	89	arginine decarboxylase [Photobacterium kishitanii]
WP_065193859.1	GCF_000613045.3|WP_107188719.1	39.275	690	770	767	3.23e-170	513	89	arginine decarboxylase [Photobacterium kishitanii]
WP_065193859.1	GCF_030717005.1|WP_439899415.1	37.240	768	770	767	3.34e-170	513	99	arginine decarboxylase [Photobacterium kishitanii]
WP_065193859.1	GCF_030716765.1|WP_439899291.1	37.240	768	770	767	3.41e-170	513	99	arginine decarboxylase [Photobacterium kishitanii]
WP_065193859.1	GCF_003026755.1|WP_107295014.1	39.586	677	770	683	3.93e-170	510	88	Orn/Lys/Arg decarboxylase N-terminal domain-containing protein, partial [Photobacterium sp. GB-50]
WP_065193859.1	GCF_001558115.1|WP_061000972.1	37.335	758	770	752	5.17e-170	512	98	arginine decarboxylase, partial [Photobacterium aquimaris]
WP_065193859.1	GCF_900185565.1|WP_087821986.1	39.420	690	770	767	6.04e-170	512	89	arginine decarboxylase [Photobacterium aquimaris]
WP_065193859.1	GCF_003025415.1|WP_428841968.1	39.420	690	770	767	6.72e-170	512	89	arginine decarboxylase [Photobacterium aquimaris]
WP_065193859.1	GCF_003025475.1|WP_107277259.1	37.662	770	770	767	7.65e-170	512	99	arginine decarboxylase [Photobacterium sp. NCIMB 13483]
WP_065193859.1	GCF_900185625.1|WP_087854312.1	39.275	690	770	719	8.13e-170	510	89	arginine decarboxylase, partial [Photobacterium andalusiense]
WP_065193859.1	GCF_003025775.1|WP_107303996.1	39.451	692	770	684	3.36e-169	508	89	arginine decarboxylase, partial [Photobacterium phosphoreum]
WP_065193859.1	GCF_059761745.1|WP_065208841.1	39.451	692	770	732	6.17e-169	508	89	arginine decarboxylase, partial [Photobacterium phosphoreum]
WP_065193859.1	GCF_001676275.1|WP_065208841.1	39.451	692	770	732	6.17e-169	508	89	arginine decarboxylase, partial [Photobacterium phosphoreum]
WP_065193859.1	GCF_006124915.1|WP_138976720.1	37.313	737	770	741	6.35e-169	509	95	arginine decarboxylase, partial [Photobacterium damselae]
WP_065193859.1	GCF_003026545.1|WP_107334434.1	37.403	770	770	766	6.74e-169	509	99	arginine decarboxylase [Photobacterium phosphoreum]
WP_065193859.1	GCF_021236645.1|WP_232573419.1	39.451	692	770	689	7.11e-169	507	89	arginine decarboxylase, partial [Photobacterium phosphoreum]
WP_065193859.1	GCF_021236625.1|WP_232573419.1	39.451	692	770	689	7.11e-169	507	89	arginine decarboxylase, partial [Photobacterium phosphoreum]
WP_065193859.1	GCF_003025795.1|WP_107197983.1	39.451	692	770	731	7.19e-169	508	89	arginine decarboxylase, partial [Photobacterium phosphoreum]
WP_065193859.1	GCF_949787665.1|WP_232606910.1	37.731	758	770	758	8.41e-169	509	98	arginine decarboxylase [Photobacterium phosphoreum]
WP_065193859.1	GCF_059761725.1|WP_232606910.1	37.731	758	770	758	8.41e-169	509	98	arginine decarboxylase [Photobacterium phosphoreum]
WP_065193859.1	GCF_059761445.1|WP_232606910.1	37.731	758	770	758	8.41e-169	509	98	arginine decarboxylase [Photobacterium phosphoreum]
WP_065193859.1	GCF_059761425.1|WP_232606910.1	37.731	758	770	758	8.41e-169	509	98	arginine decarboxylase [Photobacterium phosphoreum]
WP_065193859.1	GCF_021237045.1|WP_232606910.1	37.731	758	770	758	8.41e-169	509	98	arginine decarboxylase [Photobacterium phosphoreum]
WP_065193859.1	GCF_003026615.1|WP_232606910.1	37.731	758	770	758	8.41e-169	509	98	arginine decarboxylase [Photobacterium phosphoreum]
WP_065193859.1	GCF_003026275.1|WP_232606910.1	37.731	758	770	758	8.41e-169	509	98	arginine decarboxylase [Photobacterium phosphoreum]
WP_065193859.1	GCF_003025855.1|WP_232606910.1	37.731	758	770	758	8.41e-169	509	98	arginine decarboxylase [Photobacterium phosphoreum]
WP_065193859.1	GCF_003025735.1|WP_232606910.1	37.731	758	770	758	8.41e-169	509	98	arginine decarboxylase [Photobacterium phosphoreum]
WP_065193859.1	GCF_003025755.1|WP_239995325.1	37.731	758	770	756	8.81e-169	509	98	arginine decarboxylase, partial [Photobacterium phosphoreum]
WP_065193859.1	GCF_003026535.1|WP_107295847.1	39.347	704	770	696	8.95e-169	507	91	arginine decarboxylase, partial [Photobacterium phosphoreum]
WP_065193859.1	GCF_003026595.1|WP_107214152.1	39.451	692	770	733	1.15e-168	508	89	arginine decarboxylase, partial [Photobacterium phosphoreum]
WP_065193859.1	GCF_003025875.1|WP_107214152.1	39.451	692	770	733	1.15e-168	508	89	arginine decarboxylase, partial [Photobacterium phosphoreum]
WP_065193859.1	GCF_949787665.1|WP_107296025.1	37.403	770	770	767	1.43e-168	509	99	arginine decarboxylase [Photobacterium phosphoreum]
WP_065193859.1	GCF_059761725.1|WP_107296025.1	37.403	770	770	767	1.43e-168	509	99	arginine decarboxylase [Photobacterium phosphoreum]
WP_065193859.1	GCF_059761425.1|WP_107296025.1	37.403	770	770	767	1.43e-168	509	99	arginine decarboxylase [Photobacterium phosphoreum]
WP_065193859.1	GCF_021237025.1|WP_107296025.1	37.403	770	770	767	1.43e-168	509	99	arginine decarboxylase [Photobacterium phosphoreum]
WP_065193859.1	GCF_021236745.1|WP_107296025.1	37.403	770	770	767	1.43e-168	509	99	arginine decarboxylase [Photobacterium phosphoreum]
WP_065193859.1	GCF_003026615.1|WP_107296025.1	37.403	770	770	767	1.43e-168	509	99	arginine decarboxylase [Photobacterium phosphoreum]
WP_065193859.1	GCF_003026545.1|WP_107296025.1	37.403	770	770	767	1.43e-168	509	99	arginine decarboxylase [Photobacterium phosphoreum]
WP_065193859.1	GCF_059749395.1|WP_498195779.1	37.731	758	770	758	1.52e-168	508	98	arginine decarboxylase [Photobacterium phosphoreum]
WP_065193859.1	GCF_003025855.1|WP_107188175.1	37.403	770	770	767	2.02e-168	508	99	arginine decarboxylase [Photobacterium phosphoreum]
WP_065193859.1	GCF_965118525.1|WP_413525716.1	37.403	770	770	767	2.27e-168	508	99	arginine decarboxylase [Photobacterium phosphoreum]
WP_065193859.1	GCF_003028875.1|WP_107273995.1	37.403	770	770	766	2.85e-168	508	99	arginine decarboxylase [Photobacterium phosphoreum]
WP_065193859.1	GCF_059761755.1|WP_498253496.1	41.204	648	770	640	2.04e-167	501	84	Orn/Lys/Arg family decarboxylase, partial [Photobacterium iliopiscarium]
WP_065193859.1	GCF_059761485.1|WP_498196510.1	40.545	661	770	657	3.15e-167	501	85	Orn/Lys/Arg family decarboxylase, partial [Photobacterium phosphoreum]
WP_065193859.1	GCF_003026875.1|WP_107180652.1	41.049	648	770	640	5.75e-167	500	84	Orn/Lys/Arg family decarboxylase, partial [Photobacterium iliopiscarium]
WP_065193859.1	GCF_003025815.1|WP_107305569.1	40.860	651	770	645	4.80e-166	498	84	Orn/Lys/Arg family decarboxylase, partial [Photobacterium phosphoreum]
WP_065193859.1	GCF_059761705.1|WP_498233415.1	40.895	648	770	640	2.25e-165	496	84	Orn/Lys/Arg family decarboxylase, partial [Photobacterium phosphoreum]
WP_065193859.1	GCF_059761525.1|WP_498233415.1	40.895	648	770	640	2.25e-165	496	84	Orn/Lys/Arg family decarboxylase, partial [Photobacterium phosphoreum]
WP_065193859.1	GCF_022398555.1|WP_239983678.1	36.111	756	770	728	8.64e-164	495	98	Orn/Lys/Arg family decarboxylase [Photobacterium damselae]
WP_065193859.1	GCF_001676145.1|WP_065172195.1	36.960	717	770	722	1.27e-160	487	93	Orn/Lys/Arg family decarboxylase, partial [Photobacterium damselae]
WP_065193859.1	GCF_022129445.1|WP_238031438.1	37.183	710	770	715	2.30e-160	486	92	Orn/Lys/Arg decarboxylase N-terminal domain-containing protein, partial [Photobacterium sp. Ph5]
WP_065193859.1	GCF_022129465.1|WP_238090325.1	37.183	710	770	715	2.54e-160	486	92	Orn/Lys/Arg decarboxylase N-terminal domain-containing protein, partial [Photobacterium sp. Ph6]
WP_065193859.1	GCF_003026405.1|WP_107237959.1	41.667	612	770	604	1.86e-157	474	79	Orn/Lys/Arg family decarboxylase, partial [Photobacterium iliopiscarium]
WP_065193859.1	GCF_003026675.1|WP_107280998.1	40.514	622	770	616	4.01e-157	474	81	Orn/Lys/Arg family decarboxylase, partial [Photobacterium kishitanii]
WP_065193859.1	GCF_003025455.1|WP_107293018.1	41.503	612	770	604	1.24e-156	473	79	Orn/Lys/Arg family decarboxylase, partial [Photobacterium iliopiscarium]
WP_065193859.1	GCF_005048985.1|WP_136829582.1	36.648	704	770	708	1.65e-154	471	91	Orn/Lys/Arg decarboxylase N-terminal domain-containing protein, partial [Photobacterium damselae]
WP_065193859.1	GCF_900185615.1|WP_087846003.1	36.377	690	770	710	3.13e-154	470	89	lysine decarboxylase [Photobacterium malacitanum]
WP_065193859.1	GCF_003026955.1|WP_045150972.1	36.377	690	770	710	5.66e-154	469	89	lysine decarboxylase [Photobacterium angustum]
WP_065193859.1	GCF_000950155.1|WP_045150972.1	36.377	690	770	710	5.66e-154	469	89	lysine decarboxylase [Photobacterium angustum]
WP_065193859.1	GCF_900185625.1|WP_087854610.1	36.232	690	770	710	6.37e-154	469	89	lysine decarboxylase [Photobacterium andalusiense]
WP_065193859.1	GCF_003026515.1|WP_065166826.1	36.232	690	770	710	6.79e-154	469	89	lysine decarboxylase [Photobacterium aquimaris]
WP_065193859.1	GCF_003025625.1|WP_065166826.1	36.232	690	770	710	6.79e-154	469	89	lysine decarboxylase [Photobacterium aquimaris]
WP_065193859.1	GCF_001676075.1|WP_065166826.1	36.232	690	770	710	6.79e-154	469	89	lysine decarboxylase [Photobacterium aquimaris]
WP_065193859.1	GCF_001676065.1|WP_065166826.1	36.232	690	770	710	6.79e-154	469	89	lysine decarboxylase [Photobacterium aquimaris]
WP_065193859.1	GCF_900185565.1|WP_087821583.1	36.232	690	770	710	7.40e-154	469	89	lysine decarboxylase [Photobacterium aquimaris]
WP_065193859.1	GCF_000950155.1|WP_152640308.1	37.838	703	770	697	8.20e-154	468	91	Orn/Lys/Arg family decarboxylase, partial [Photobacterium angustum]
WP_065193859.1	GCF_059761625.1|WP_498217430.1	40.656	610	770	600	9.05e-154	465	79	Orn/Lys/Arg family decarboxylase, partial [Photobacterium phosphoreum]
WP_065193859.1	GCF_003025415.1|WP_060998565.1	36.232	690	770	710	1.09e-153	469	89	lysine decarboxylase [Photobacterium aquimaris]
WP_065193859.1	GCF_002954455.1|WP_060998565.1	36.232	690	770	710	1.09e-153	469	89	lysine decarboxylase [Photobacterium aquimaris]
WP_065193859.1	GCF_001676085.1|WP_060998565.1	36.232	690	770	710	1.09e-153	469	89	lysine decarboxylase [Photobacterium aquimaris]
WP_065193859.1	GCF_001558115.1|WP_060998565.1	36.232	690	770	710	1.09e-153	469	89	lysine decarboxylase [Photobacterium aquimaris]
WP_065193859.1	GCF_003026335.1|WP_005370086.1	36.377	690	770	710	1.16e-153	468	89	lysine decarboxylase [Photobacterium angustum]
WP_065193859.1	GCF_000950015.1|WP_005370086.1	36.377	690	770	710	1.16e-153	468	89	lysine decarboxylase [Photobacterium angustum]
WP_065193859.1	GCF_000153265.1|WP_005370086.1	36.377	690	770	710	1.16e-153	468	89	lysine decarboxylase [Photobacterium angustum]
WP_065193859.1	GCF_033448625.1|WP_318438522.1	36.377	690	770	710	1.25e-153	468	89	lysine decarboxylase [Photobacterium leiognathi]
WP_065193859.1	GCF_900537155.1|WP_163923623.1	36.232	690	770	710	1.27e-153	468	89	lysine decarboxylase [Photobacterium sp. Alg240-V54]
WP_065193859.1	GCF_003026855.1|WP_045147986.1	36.364	693	770	710	1.29e-153	468	89	lysine decarboxylase [Photobacterium angustum]
WP_065193859.1	GCF_003026365.1|WP_045147986.1	36.364	693	770	710	1.29e-153	468	89	lysine decarboxylase [Photobacterium angustum]
WP_065193859.1	GCF_000950255.1|WP_045147986.1	36.364	693	770	710	1.29e-153	468	89	lysine decarboxylase [Photobacterium angustum]
WP_065193859.1	GCF_000950005.1|WP_045147986.1	36.364	693	770	710	1.29e-153	468	89	lysine decarboxylase [Photobacterium angustum]
WP_065193859.1	GCF_030685455.1|WP_305460445.1	36.377	690	770	710	1.31e-153	468	89	lysine decarboxylase [Photobacterium leiognathi]
WP_065193859.1	GCF_003026015.1|WP_107233887.1	36.377	690	770	710	1.34e-153	468	89	lysine decarboxylase [Photobacterium leiognathi]
WP_065193859.1	GCF_003027095.1|WP_045082817.1	36.377	690	770	710	1.38e-153	468	89	lysine decarboxylase [Photobacterium angustum]
WP_065193859.1	GCF_003027015.1|WP_045082817.1	36.377	690	770	710	1.38e-153	468	89	lysine decarboxylase [Photobacterium angustum]
WP_065193859.1	GCF_003026995.1|WP_045082817.1	36.377	690	770	710	1.38e-153	468	89	lysine decarboxylase [Photobacterium angustum]
WP_065193859.1	GCF_003026935.1|WP_045082817.1	36.377	690	770	710	1.38e-153	468	89	lysine decarboxylase [Photobacterium angustum]
WP_065193859.1	GCF_003026895.1|WP_045082817.1	36.377	690	770	710	1.38e-153	468	89	lysine decarboxylase [Photobacterium angustum]
WP_065193859.1	GCF_000950375.1|WP_045082817.1	36.377	690	770	710	1.38e-153	468	89	lysine decarboxylase [Photobacterium angustum]
WP_065193859.1	GCF_000950355.1|WP_045082817.1	36.377	690	770	710	1.38e-153	468	89	lysine decarboxylase [Photobacterium angustum]
WP_065193859.1	GCF_000950275.1|WP_045082817.1	36.377	690	770	710	1.38e-153	468	89	lysine decarboxylase [Photobacterium angustum]
WP_065193859.1	GCF_000950215.1|WP_045082817.1	36.377	690	770	710	1.38e-153	468	89	lysine decarboxylase [Photobacterium angustum]
WP_065193859.1	GCF_000950085.1|WP_045082817.1	36.377	690	770	710	1.38e-153	468	89	lysine decarboxylase [Photobacterium angustum]
WP_065193859.1	GCF_036040035.1|WP_327764762.1	36.232	690	770	710	1.75e-153	468	89	lysine decarboxylase [Photobacterium sp. S4TG1]
WP_065193859.1	GCF_002954615.1|WP_105060778.1	36.232	690	770	710	2.26e-153	468	89	lysine decarboxylase [Photobacterium angustum]
WP_065193859.1	GCF_055456455.1|WP_464690243.1	36.232	690	770	710	4.40e-153	467	89	lysine decarboxylase [Photobacterium angustum]
WP_065193859.1	GCF_000613045.3|WP_036796089.1	36.232	690	770	710	4.64e-153	467	89	lysine decarboxylase [Photobacterium kishitanii]
WP_065193859.1	GCF_003025535.1|WP_107248755.1	36.232	690	770	710	5.17e-153	467	89	lysine decarboxylase [Photobacterium kishitanii]
WP_065193859.1	GCF_003027075.1|WP_045129424.1	36.232	690	770	710	5.75e-153	467	89	lysine decarboxylase [Photobacterium angustum]
WP_065193859.1	GCF_003026905.1|WP_045129424.1	36.232	690	770	710	5.75e-153	467	89	lysine decarboxylase [Photobacterium angustum]
WP_065193859.1	GCF_003026835.1|WP_045129424.1	36.232	690	770	710	5.75e-153	467	89	lysine decarboxylase [Photobacterium angustum]
WP_065193859.1	GCF_000950225.1|WP_045129424.1	36.232	690	770	710	5.75e-153	467	89	lysine decarboxylase [Photobacterium angustum]
WP_065193859.1	GCF_000950185.1|WP_045129424.1	36.232	690	770	710	5.75e-153	467	89	lysine decarboxylase [Photobacterium angustum]
WP_065193859.1	GCF_000950025.1|WP_045129424.1	36.232	690	770	710	5.75e-153	467	89	lysine decarboxylase [Photobacterium angustum]
WP_065193859.1	GCF_043641185.1|WP_394167246.1	36.232	690	770	710	7.21e-153	466	89	lysine decarboxylase [Photobacterium piscicola]
WP_065193859.1	GCF_043419485.1|WP_394167246.1	36.232	690	770	710	7.21e-153	466	89	lysine decarboxylase [Photobacterium piscicola]
WP_065193859.1	GCF_030716765.1|WP_045044173.1	36.232	690	770	710	7.21e-153	466	89	lysine decarboxylase [Photobacterium kishitanii]
WP_065193859.1	GCF_003027115.1|WP_045044173.1	36.232	690	770	710	7.21e-153	466	89	lysine decarboxylase [Photobacterium kishitanii]
WP_065193859.1	GCF_003027055.1|WP_045044173.1	36.232	690	770	710	7.21e-153	466	89	lysine decarboxylase [Photobacterium kishitanii]
WP_065193859.1	GCF_003027035.1|WP_045044173.1	36.232	690	770	710	7.21e-153	466	89	lysine decarboxylase [Photobacterium kishitanii]
WP_065193859.1	GCF_003026975.1|WP_045044173.1	36.232	690	770	710	7.21e-153	466	89	lysine decarboxylase [Photobacterium kishitanii]
WP_065193859.1	GCF_003026655.1|WP_045044173.1	36.232	690	770	710	7.21e-153	466	89	lysine decarboxylase [Photobacterium kishitanii]
WP_065193859.1	GCF_003026355.1|WP_045044173.1	36.232	690	770	710	7.21e-153	466	89	lysine decarboxylase [Photobacterium kishitanii]
WP_065193859.1	GCF_003025975.1|WP_045044173.1	36.232	690	770	710	7.21e-153	466	89	lysine decarboxylase [Photobacterium kishitanii]
WP_065193859.1	GCF_003025895.1|WP_045044173.1	36.232	690	770	710	7.21e-153	466	89	lysine decarboxylase [Photobacterium kishitanii]
WP_065193859.1	GCF_001676235.1|WP_045044173.1	36.232	690	770	710	7.21e-153	466	89	lysine decarboxylase [Photobacterium kishitanii]
WP_065193859.1	GCF_000950335.1|WP_045044173.1	36.232	690	770	710	7.21e-153	466	89	lysine decarboxylase [Photobacterium kishitanii]
WP_065193859.1	GCF_000950135.1|WP_045044173.1	36.232	690	770	710	7.21e-153	466	89	lysine decarboxylase [Photobacterium kishitanii]
WP_065193859.1	GCF_000950095.1|WP_045044173.1	36.232	690	770	710	7.21e-153	466	89	lysine decarboxylase [Photobacterium kishitanii]
WP_065193859.1	GCF_000950075.1|WP_045044173.1	36.232	690	770	710	7.21e-153	466	89	lysine decarboxylase [Photobacterium kishitanii]
WP_065193859.1	GCF_000949965.1|WP_045044173.1	36.232	690	770	710	7.21e-153	466	89	lysine decarboxylase [Photobacterium kishitanii]
WP_065193859.1	GCF_003026635.1|WP_107210273.1	36.232	690	770	710	7.52e-153	466	89	lysine decarboxylase [Photobacterium kishitanii]
WP_065193859.1	GCF_033447685.1|WP_318506029.1	36.232	690	770	710	7.77e-153	466	89	lysine decarboxylase [Photobacterium leiognathi]
WP_065193859.1	GCF_030717005.1|WP_058120244.1	36.232	690	770	710	9.33e-153	466	89	lysine decarboxylase [Photobacterium kishitanii]
WP_065193859.1	GCF_003026675.1|WP_058120244.1	36.232	690	770	710	9.33e-153	466	89	lysine decarboxylase [Photobacterium kishitanii]
WP_065193859.1	GCF_003025995.1|WP_058120244.1	36.232	690	770	710	9.33e-153	466	89	lysine decarboxylase [Photobacterium kishitanii]
WP_065193859.1	GCF_003025945.1|WP_058120244.1	36.232	690	770	710	9.33e-153	466	89	lysine decarboxylase [Photobacterium kishitanii]
WP_065193859.1	GCF_003025935.1|WP_058120244.1	36.232	690	770	710	9.33e-153	466	89	lysine decarboxylase [Photobacterium kishitanii]
WP_065193859.1	GCF_001676215.1|WP_058120244.1	36.232	690	770	710	9.33e-153	466	89	lysine decarboxylase [Photobacterium kishitanii]
WP_065193859.1	GCF_001455895.1|WP_058120244.1	36.232	690	770	710	9.33e-153	466	89	lysine decarboxylase [Photobacterium kishitanii]
WP_065193859.1	GCF_059761325.1|WP_498190758.1	36.087	690	770	710	2.27e-152	465	89	lysine decarboxylase [Photobacterium piscicola]
WP_065193859.1	GCF_003025875.1|WP_107211348.1	36.232	690	770	710	2.85e-152	465	89	lysine decarboxylase [Photobacterium phosphoreum]
WP_065193859.1	GCF_963886165.1|WP_161119880.1	36.087	690	770	710	3.21e-152	465	89	lysine decarboxylase [Photobacterium lucens]
WP_065193859.1	GCF_009874335.1|WP_161119880.1	36.087	690	770	710	3.21e-152	465	89	lysine decarboxylase [Photobacterium lucens]
WP_065193859.1	GCF_900166965.1|WP_080158539.1	36.232	690	770	710	3.42e-152	465	89	MULTISPECIES: lysine decarboxylase [Photobacterium]
WP_065193859.1	GCF_059761395.1|WP_080158539.1	36.232	690	770	710	3.42e-152	465	89	MULTISPECIES: lysine decarboxylase [Photobacterium]
WP_065193859.1	GCF_059761365.1|WP_080158539.1	36.232	690	770	710	3.42e-152	465	89	MULTISPECIES: lysine decarboxylase [Photobacterium]
WP_065193859.1	GCF_059761345.1|WP_080158539.1	36.232	690	770	710	3.42e-152	465	89	MULTISPECIES: lysine decarboxylase [Photobacterium]
WP_065193859.1	GCF_046058925.1|WP_080158539.1	36.232	690	770	710	3.42e-152	465	89	MULTISPECIES: lysine decarboxylase [Photobacterium]
WP_065193859.1	GCF_003025475.1|WP_080158539.1	36.232	690	770	710	3.42e-152	465	89	MULTISPECIES: lysine decarboxylase [Photobacterium]
WP_065193859.1	GCF_059761285.1|WP_498187812.1	36.232	690	770	710	3.85e-152	464	89	lysine decarboxylase [Photobacterium piscicola]
WP_065193859.1	GCF_036040395.1|WP_327772411.1	36.087	690	770	710	4.19e-152	464	89	lysine decarboxylase [Photobacterium piscicola]
WP_065193859.1	GCF_059761625.1|WP_045027880.1	36.087	690	770	710	4.47e-152	464	89	lysine decarboxylase [Photobacterium phosphoreum]
WP_065193859.1	GCF_059761505.1|WP_045027880.1	36.087	690	770	710	4.47e-152	464	89	lysine decarboxylase [Photobacterium phosphoreum]
WP_065193859.1	GCF_021504635.1|WP_045027880.1	36.087	690	770	710	4.47e-152	464	89	lysine decarboxylase [Photobacterium phosphoreum]
WP_065193859.1	GCF_021504615.1|WP_045027880.1	36.087	690	770	710	4.47e-152	464	89	lysine decarboxylase [Photobacterium phosphoreum]
WP_065193859.1	GCF_021504545.1|WP_045027880.1	36.087	690	770	710	4.47e-152	464	89	lysine decarboxylase [Photobacterium phosphoreum]
WP_065193859.1	GCF_021236655.1|WP_045027880.1	36.087	690	770	710	4.47e-152	464	89	lysine decarboxylase [Photobacterium phosphoreum]
WP_065193859.1	GCF_021236645.1|WP_045027880.1	36.087	690	770	710	4.47e-152	464	89	lysine decarboxylase [Photobacterium phosphoreum]
WP_065193859.1	GCF_021236625.1|WP_045027880.1	36.087	690	770	710	4.47e-152	464	89	lysine decarboxylase [Photobacterium phosphoreum]
WP_065193859.1	GCF_021236585.1|WP_045027880.1	36.087	690	770	710	4.47e-152	464	89	lysine decarboxylase [Photobacterium phosphoreum]
WP_065193859.1	GCF_003028875.1|WP_045027880.1	36.087	690	770	710	4.47e-152	464	89	lysine decarboxylase [Photobacterium phosphoreum]
WP_065193859.1	GCF_003026615.1|WP_045027880.1	36.087	690	770	710	4.47e-152	464	89	lysine decarboxylase [Photobacterium phosphoreum]
WP_065193859.1	GCF_003026595.1|WP_045027880.1	36.087	690	770	710	4.47e-152	464	89	lysine decarboxylase [Photobacterium phosphoreum]
WP_065193859.1	GCF_003026275.1|WP_045027880.1	36.087	690	770	710	4.47e-152	464	89	lysine decarboxylase [Photobacterium phosphoreum]
WP_065193859.1	GCF_003025775.1|WP_045027880.1	36.087	690	770	710	4.47e-152	464	89	lysine decarboxylase [Photobacterium phosphoreum]
WP_065193859.1	GCF_003025755.1|WP_045027880.1	36.087	690	770	710	4.47e-152	464	89	lysine decarboxylase [Photobacterium phosphoreum]
WP_065193859.1	GCF_003025715.1|WP_045027880.1	36.087	690	770	710	4.47e-152	464	89	lysine decarboxylase [Photobacterium phosphoreum]
WP_065193859.1	GCF_003025695.1|WP_045027880.1	36.087	690	770	710	4.47e-152	464	89	lysine decarboxylase [Photobacterium phosphoreum]
WP_065193859.1	GCF_003025655.1|WP_045027880.1	36.087	690	770	710	4.47e-152	464	89	lysine decarboxylase [Photobacterium phosphoreum]
WP_065193859.1	GCF_002954725.1|WP_045027880.1	36.087	690	770	710	4.47e-152	464	89	lysine decarboxylase [Photobacterium phosphoreum]
WP_065193859.1	GCF_001676135.1|WP_045027880.1	36.087	690	770	710	4.47e-152	464	89	lysine decarboxylase [Photobacterium phosphoreum]
WP_065193859.1	GCF_000949955.1|WP_045027880.1	36.087	690	770	710	4.47e-152	464	89	lysine decarboxylase [Photobacterium phosphoreum]
WP_065193859.1	GCF_033447605.1|WP_107278607.1	36.075	693	770	710	4.72e-152	464	89	lysine decarboxylase [Photobacterium leiognathi]
WP_065193859.1	GCF_030716925.1|WP_107278607.1	36.075	693	770	710	4.72e-152	464	89	lysine decarboxylase [Photobacterium leiognathi]
WP_065193859.1	GCF_030716825.1|WP_107278607.1	36.075	693	770	710	4.72e-152	464	89	lysine decarboxylase [Photobacterium leiognathi]
WP_065193859.1	GCF_030685575.1|WP_107278607.1	36.075	693	770	710	4.72e-152	464	89	lysine decarboxylase [Photobacterium leiognathi]
WP_065193859.1	GCF_003026735.1|WP_107278607.1	36.075	693	770	710	4.72e-152	464	89	lysine decarboxylase [Photobacterium leiognathi]
WP_065193859.1	GCF_965119195.1|WP_065195344.1	36.087	690	770	710	8.98e-152	464	89	lysine decarboxylase [Photobacterium phosphoreum]
WP_065193859.1	GCF_965119175.1|WP_065195344.1	36.087	690	770	710	8.98e-152	464	89	lysine decarboxylase [Photobacterium phosphoreum]
WP_065193859.1	GCF_965118525.1|WP_065195344.1	36.087	690	770	710	8.98e-152	464	89	lysine decarboxylase [Photobacterium phosphoreum]
WP_065193859.1	GCF_965118505.1|WP_065195344.1	36.087	690	770	710	8.98e-152	464	89	lysine decarboxylase [Photobacterium phosphoreum]
WP_065193859.1	GCF_949787665.1|WP_065195344.1	36.087	690	770	710	8.98e-152	464	89	lysine decarboxylase [Photobacterium phosphoreum]
WP_065193859.1	GCF_059761745.1|WP_065195344.1	36.087	690	770	710	8.98e-152	464	89	lysine decarboxylase [Photobacterium phosphoreum]
WP_065193859.1	GCF_059761725.1|WP_065195344.1	36.087	690	770	710	8.98e-152	464	89	lysine decarboxylase [Photobacterium phosphoreum]
WP_065193859.1	GCF_059761705.1|WP_065195344.1	36.087	690	770	710	8.98e-152	464	89	lysine decarboxylase [Photobacterium phosphoreum]
WP_065193859.1	GCF_059761665.1|WP_065195344.1	36.087	690	770	710	8.98e-152	464	89	lysine decarboxylase [Photobacterium phosphoreum]
WP_065193859.1	GCF_059761645.1|WP_065195344.1	36.087	690	770	710	8.98e-152	464	89	lysine decarboxylase [Photobacterium phosphoreum]
WP_065193859.1	GCF_059761605.1|WP_065195344.1	36.087	690	770	710	8.98e-152	464	89	lysine decarboxylase [Photobacterium phosphoreum]
WP_065193859.1	GCF_059761585.1|WP_065195344.1	36.087	690	770	710	8.98e-152	464	89	lysine decarboxylase [Photobacterium phosphoreum]
WP_065193859.1	GCF_059761565.1|WP_065195344.1	36.087	690	770	710	8.98e-152	464	89	lysine decarboxylase [Photobacterium phosphoreum]
WP_065193859.1	GCF_059761545.1|WP_065195344.1	36.087	690	770	710	8.98e-152	464	89	lysine decarboxylase [Photobacterium phosphoreum]
WP_065193859.1	GCF_059761525.1|WP_065195344.1	36.087	690	770	710	8.98e-152	464	89	lysine decarboxylase [Photobacterium phosphoreum]
WP_065193859.1	GCF_059761485.1|WP_065195344.1	36.087	690	770	710	8.98e-152	464	89	lysine decarboxylase [Photobacterium phosphoreum]
WP_065193859.1	GCF_059761455.1|WP_065195344.1	36.087	690	770	710	8.98e-152	464	89	lysine decarboxylase [Photobacterium phosphoreum]
WP_065193859.1	GCF_059761445.1|WP_065195344.1	36.087	690	770	710	8.98e-152	464	89	lysine decarboxylase [Photobacterium phosphoreum]
WP_065193859.1	GCF_059761425.1|WP_065195344.1	36.087	690	770	710	8.98e-152	464	89	lysine decarboxylase [Photobacterium phosphoreum]
WP_065193859.1	GCF_059749395.1|WP_065195344.1	36.087	690	770	710	8.98e-152	464	89	lysine decarboxylase [Photobacterium phosphoreum]
WP_065193859.1	GCF_059749375.1|WP_065195344.1	36.087	690	770	710	8.98e-152	464	89	lysine decarboxylase [Photobacterium phosphoreum]
WP_065193859.1	GCF_059749295.1|WP_065195344.1	36.087	690	770	710	8.98e-152	464	89	lysine decarboxylase [Photobacterium phosphoreum]
WP_065193859.1	GCF_021237045.1|WP_065195344.1	36.087	690	770	710	8.98e-152	464	89	lysine decarboxylase [Photobacterium phosphoreum]
WP_065193859.1	GCF_021237025.1|WP_065195344.1	36.087	690	770	710	8.98e-152	464	89	lysine decarboxylase [Photobacterium phosphoreum]
WP_065193859.1	GCF_021236745.1|WP_065195344.1	36.087	690	770	710	8.98e-152	464	89	lysine decarboxylase [Photobacterium phosphoreum]
WP_065193859.1	GCF_021236725.1|WP_065195344.1	36.087	690	770	710	8.98e-152	464	89	lysine decarboxylase [Photobacterium phosphoreum]
WP_065193859.1	GCF_021236705.1|WP_065195344.1	36.087	690	770	710	8.98e-152	464	89	lysine decarboxylase [Photobacterium phosphoreum]
WP_065193859.1	GCF_021236685.1|WP_065195344.1	36.087	690	770	710	8.98e-152	464	89	lysine decarboxylase [Photobacterium phosphoreum]
WP_065193859.1	GCF_003026575.1|WP_065195344.1	36.087	690	770	710	8.98e-152	464	89	lysine decarboxylase [Photobacterium phosphoreum]
WP_065193859.1	GCF_003026545.1|WP_065195344.1	36.087	690	770	710	8.98e-152	464	89	lysine decarboxylase [Photobacterium phosphoreum]
WP_065193859.1	GCF_003026535.1|WP_065195344.1	36.087	690	770	710	8.98e-152	464	89	lysine decarboxylase [Photobacterium phosphoreum]
WP_065193859.1	GCF_003025855.1|WP_065195344.1	36.087	690	770	710	8.98e-152	464	89	lysine decarboxylase [Photobacterium phosphoreum]
WP_065193859.1	GCF_003025835.1|WP_065195344.1	36.087	690	770	710	8.98e-152	464	89	lysine decarboxylase [Photobacterium phosphoreum]
WP_065193859.1	GCF_003025815.1|WP_065195344.1	36.087	690	770	710	8.98e-152	464	89	lysine decarboxylase [Photobacterium phosphoreum]
WP_065193859.1	GCF_003025795.1|WP_065195344.1	36.087	690	770	710	8.98e-152	464	89	lysine decarboxylase [Photobacterium phosphoreum]
WP_065193859.1	GCF_003025735.1|WP_065195344.1	36.087	690	770	710	8.98e-152	464	89	lysine decarboxylase [Photobacterium phosphoreum]
WP_065193859.1	GCF_001676275.1|WP_065195344.1	36.087	690	770	710	8.98e-152	464	89	lysine decarboxylase [Photobacterium phosphoreum]
WP_065193859.1	GCF_001676195.1|WP_065195344.1	36.087	690	770	710	8.98e-152	464	89	lysine decarboxylase [Photobacterium phosphoreum]
WP_065193859.1	GCF_059761825.1|WP_498256297.1	41.362	602	770	595	1.51e-151	459	78	Orn/Lys/Arg family decarboxylase, partial [Photobacterium iliopiscarium]
WP_065193859.1	GCF_030685555.1|WP_107164840.1	35.942	690	770	710	4.21e-151	462	89	lysine decarboxylase [Photobacterium leiognathi]
WP_065193859.1	GCF_059761885.1|WP_045038880.1	35.797	690	770	710	4.49e-151	462	89	lysine decarboxylase [Photobacterium iliopiscarium]
WP_065193859.1	GCF_059761855.1|WP_045038880.1	35.797	690	770	710	4.49e-151	462	89	lysine decarboxylase [Photobacterium iliopiscarium]
WP_065193859.1	GCF_059761845.1|WP_045038880.1	35.797	690	770	710	4.49e-151	462	89	lysine decarboxylase [Photobacterium iliopiscarium]
WP_065193859.1	GCF_059761825.1|WP_045038880.1	35.797	690	770	710	4.49e-151	462	89	lysine decarboxylase [Photobacterium iliopiscarium]
WP_065193859.1	GCF_059761805.1|WP_045038880.1	35.797	690	770	710	4.49e-151	462	89	lysine decarboxylase [Photobacterium iliopiscarium]
WP_065193859.1	GCF_059761785.1|WP_045038880.1	35.797	690	770	710	4.49e-151	462	89	lysine decarboxylase [Photobacterium iliopiscarium]
WP_065193859.1	GCF_059761755.1|WP_045038880.1	35.797	690	770	710	4.49e-151	462	89	lysine decarboxylase [Photobacterium iliopiscarium]
WP_065193859.1	GCF_003026875.1|WP_045038880.1	35.797	690	770	710	4.49e-151	462	89	lysine decarboxylase [Photobacterium iliopiscarium]
WP_065193859.1	GCF_003026395.1|WP_045038880.1	35.797	690	770	710	4.49e-151	462	89	lysine decarboxylase [Photobacterium iliopiscarium]
WP_065193859.1	GCF_003025455.1|WP_045038880.1	35.797	690	770	710	4.49e-151	462	89	lysine decarboxylase [Photobacterium iliopiscarium]
WP_065193859.1	GCF_000949935.1|WP_045038880.1	35.797	690	770	710	4.49e-151	462	89	lysine decarboxylase [Photobacterium iliopiscarium]
WP_065193859.1	GCF_003025425.1|WP_107250576.1	35.797	690	770	710	7.44e-151	461	89	lysine decarboxylase [Photobacterium iliopiscarium]
WP_065193859.1	GCF_003026405.1|WP_107237497.1	35.797	690	770	710	1.34e-150	461	89	lysine decarboxylase [Photobacterium iliopiscarium]
WP_065193859.1	GCF_056675655.1|WP_480336608.1	35.942	690	770	709	8.71e-150	458	89	lysine decarboxylase [Photobacterium damselae]
WP_065193859.1	GCF_021768305.1|WP_237042470.1	35.942	690	770	709	8.90e-150	458	89	lysine decarboxylase [Photobacterium damselae]
WP_065193859.1	GCF_052878195.1|WP_446517526.1	35.942	690	770	709	8.99e-150	458	89	lysine decarboxylase [Photobacterium damselae]
WP_065193859.1	GCF_052877815.1|WP_446517526.1	35.942	690	770	709	8.99e-150	458	89	lysine decarboxylase [Photobacterium damselae]
WP_065193859.1	GCF_059727875.1|WP_106260385.1	35.942	690	770	709	1.28e-149	458	89	lysine decarboxylase [Photobacterium damselae]
WP_065193859.1	GCF_056643155.1|WP_106260385.1	35.942	690	770	709	1.28e-149	458	89	lysine decarboxylase [Photobacterium damselae]
WP_065193859.1	GCF_054486505.1|WP_106260385.1	35.942	690	770	709	1.28e-149	458	89	lysine decarboxylase [Photobacterium damselae]
WP_065193859.1	GCF_053850225.1|WP_106260385.1	35.942	690	770	709	1.28e-149	458	89	lysine decarboxylase [Photobacterium damselae]
WP_065193859.1	GCF_052878295.1|WP_106260385.1	35.942	690	770	709	1.28e-149	458	89	lysine decarboxylase [Photobacterium damselae]
WP_065193859.1	GCF_050875365.1|WP_106260385.1	35.942	690	770	709	1.28e-149	458	89	lysine decarboxylase [Photobacterium damselae]
WP_065193859.1	GCF_008806795.1|WP_106260385.1	35.942	690	770	709	1.28e-149	458	89	lysine decarboxylase [Photobacterium damselae]
WP_065193859.1	GCF_003004605.1|WP_106260385.1	35.942	690	770	709	1.28e-149	458	89	lysine decarboxylase [Photobacterium damselae]
WP_065193859.1	GCF_003004595.1|WP_106260385.1	35.942	690	770	709	1.28e-149	458	89	lysine decarboxylase [Photobacterium damselae]
WP_065193859.1	GCF_053005025.1|WP_447247485.1	35.942	690	770	709	2.08e-149	457	89	lysine decarboxylase [Photobacterium damselae]
WP_065193859.1	GCF_014525275.1|WP_188013367.1	35.942	690	770	709	2.52e-149	457	89	lysine decarboxylase [Photobacterium damselae]
WP_065193859.1	GCF_003025975.1|WP_107174238.1	37.954	606	770	619	2.77e-149	454	78	Orn/Lys/Arg decarboxylase N-terminal domain-containing protein, partial [Photobacterium kishitanii]
WP_065193859.1	GCF_004135105.1|WP_086366339.1	35.942	690	770	709	2.93e-149	457	89	lysine decarboxylase [Photobacterium damselae]
WP_065193859.1	GCF_002142615.1|WP_086366339.1	35.942	690	770	709	2.93e-149	457	89	lysine decarboxylase [Photobacterium damselae]
WP_065193859.1	GCF_014930975.1|WP_197573466.1	35.942	690	770	709	3.71e-149	457	89	lysine decarboxylase [Photobacterium damselae]
WP_065193859.1	GCF_030168855.1|WP_284647769.1	35.942	690	770	709	6.47e-149	456	89	lysine decarboxylase [Photobacterium damselae]
WP_065193859.1	GCF_059740845.1|WP_065170766.1	35.942	690	770	709	7.60e-149	456	89	lysine decarboxylase [Photobacterium damselae]
WP_065193859.1	GCF_059735745.1|WP_065170766.1	35.942	690	770	709	7.60e-149	456	89	lysine decarboxylase [Photobacterium damselae]
WP_065193859.1	GCF_054486525.1|WP_065170766.1	35.942	690	770	709	7.60e-149	456	89	lysine decarboxylase [Photobacterium damselae]
WP_065193859.1	GCF_052878375.1|WP_065170766.1	35.942	690	770	709	7.60e-149	456	89	lysine decarboxylase [Photobacterium damselae]
WP_065193859.1	GCF_052877475.1|WP_065170766.1	35.942	690	770	709	7.60e-149	456	89	lysine decarboxylase [Photobacterium damselae]
WP_065193859.1	GCF_052877375.1|WP_065170766.1	35.942	690	770	709	7.60e-149	456	89	lysine decarboxylase [Photobacterium damselae]
WP_065193859.1	GCF_052877355.1|WP_065170766.1	35.942	690	770	709	7.60e-149	456	89	lysine decarboxylase [Photobacterium damselae]
WP_065193859.1	GCF_022398535.1|WP_065170766.1	35.942	690	770	709	7.60e-149	456	89	lysine decarboxylase [Photobacterium damselae]
WP_065193859.1	GCF_021768405.1|WP_065170766.1	35.942	690	770	709	7.60e-149	456	89	lysine decarboxylase [Photobacterium damselae]
WP_065193859.1	GCF_021768365.1|WP_065170766.1	35.942	690	770	709	7.60e-149	456	89	lysine decarboxylase [Photobacterium damselae]
WP_065193859.1	GCF_013377875.1|WP_065170766.1	35.942	690	770	709	7.60e-149	456	89	lysine decarboxylase [Photobacterium damselae]
WP_065193859.1	GCF_013371545.1|WP_065170766.1	35.942	690	770	709	7.60e-149	456	89	lysine decarboxylase [Photobacterium damselae]
WP_065193859.1	GCF_006297395.2|WP_065170766.1	35.942	690	770	709	7.60e-149	456	89	lysine decarboxylase [Photobacterium damselae]
WP_065193859.1	GCF_005819825.1|WP_065170766.1	35.942	690	770	709	7.60e-149	456	89	lysine decarboxylase [Photobacterium damselae]
WP_065193859.1	GCF_005819805.1|WP_065170766.1	35.942	690	770	709	7.60e-149	456	89	lysine decarboxylase [Photobacterium damselae]
WP_065193859.1	GCF_003025675.1|WP_065170766.1	35.942	690	770	709	7.60e-149	456	89	lysine decarboxylase [Photobacterium damselae]
WP_065193859.1	GCF_001707815.1|WP_065170766.1	35.942	690	770	709	7.60e-149	456	89	lysine decarboxylase [Photobacterium damselae]
WP_065193859.1	GCF_001676145.1|WP_065170766.1	35.942	690	770	709	7.60e-149	456	89	lysine decarboxylase [Photobacterium damselae]
WP_065193859.1	GCF_005819885.1|WP_138242169.1	35.942	690	770	709	7.69e-149	456	89	lysine decarboxylase [Photobacterium damselae]
WP_065193859.1	GCF_005819845.1|WP_138242169.1	35.942	690	770	709	7.69e-149	456	89	lysine decarboxylase [Photobacterium damselae]
WP_065193859.1	GCF_022129505.1|WP_237029522.1	35.942	690	770	709	7.85e-149	456	89	lysine decarboxylase [Photobacterium damselae]
WP_065193859.1	GCF_021768385.1|WP_237029522.1	35.942	690	770	709	7.85e-149	456	89	lysine decarboxylase [Photobacterium damselae]
WP_065193859.1	GCF_021766015.1|WP_237033152.1	35.942	690	770	709	8.02e-149	456	89	lysine decarboxylase [Photobacterium damselae]
WP_065193859.1	GCF_021765875.1|WP_237033152.1	35.942	690	770	709	8.02e-149	456	89	lysine decarboxylase [Photobacterium damselae]
WP_065193859.1	GCF_006124915.1|WP_138976731.1	40.517	580	770	575	2.73e-144	440	75	Orn/Lys/Arg family decarboxylase, partial [Photobacterium damselae]
WP_065193859.1	GCF_021236975.1|WP_232604844.1	37.152	646	770	641	5.50e-143	439	84	Orn/Lys/Arg decarboxylase N-terminal domain-containing protein, partial [Photobacterium carnosum]
WP_065193859.1	GCF_022129445.1|WP_238031440.1	37.821	624	770	622	1.96e-141	434	81	Orn/Lys/Arg decarboxylase N-terminal domain-containing protein, partial [Photobacterium sp. Ph5]
WP_065193859.1	GCF_052877355.1|WP_446524915.1	37.500	608	770	615	4.38e-141	433	79	Orn/Lys/Arg decarboxylase N-terminal domain-containing protein, partial [Photobacterium damselae]
WP_065193859.1	GCF_003026175.1|WP_107262355.1	39.464	560	770	567	6.17e-141	431	73	Orn/Lys/Arg decarboxylase N-terminal domain-containing protein, partial [Photobacterium sp. GB-27]
WP_065193859.1	GCF_050337795.1|WP_428470591.1	37.460	630	770	625	1.61e-140	432	82	Orn/Lys/Arg decarboxylase N-terminal domain-containing protein, partial [Photobacterium angustum]
WP_065193859.1	GCF_900185625.1|WP_087855092.1	40.221	542	770	567	1.58e-139	427	70	Orn/Lys/Arg decarboxylase N-terminal domain-containing protein, partial [Photobacterium andalusiense]
WP_065193859.1	GCF_052877935.1|WP_446532061.1	39.783	553	770	543	5.93e-138	422	72	Orn/Lys/Arg family decarboxylase, partial [Photobacterium damselae]
WP_065193859.1	GCF_059761395.1|WP_498179324.1	40.998	561	770	555	4.51e-136	418	73	Orn/Lys/Arg family decarboxylase, partial [Photobacterium piscicola]
WP_065193859.1	GCF_043641185.1|WP_394168097.1	39.626	535	770	600	3.80e-135	417	69	Orn/Lys/Arg decarboxylase N-terminal domain-containing protein, partial [Photobacterium piscicola]
WP_065193859.1	GCF_043419485.1|WP_394168097.1	39.626	535	770	600	3.80e-135	417	69	Orn/Lys/Arg decarboxylase N-terminal domain-containing protein, partial [Photobacterium piscicola]
WP_065193859.1	GCF_001676215.1|WP_065173787.1	40.545	550	770	544	6.03e-135	414	71	Orn/Lys/Arg family decarboxylase, partial [Photobacterium kishitanii]
WP_065193859.1	GCF_001455895.1|WP_058120449.1	40.545	550	770	544	7.48e-135	414	71	Orn/Lys/Arg family decarboxylase, partial [Photobacterium kishitanii]
WP_065193859.1	GCF_001676215.1|WP_058120524.1	40.909	550	770	544	1.02e-134	414	71	Orn/Lys/Arg family decarboxylase, partial [Photobacterium kishitanii]
WP_065193859.1	GCF_001455895.1|WP_058120524.1	40.909	550	770	544	1.02e-134	414	71	Orn/Lys/Arg family decarboxylase, partial [Photobacterium kishitanii]
WP_065193859.1	GCF_000950135.1|WP_045072701.1	39.808	520	770	511	3.29e-133	409	67	Orn/Lys/Arg decarboxylase N-terminal domain-containing protein, partial [Photobacterium kishitanii]
WP_065193859.1	GCF_021236805.1|WP_232576570.1	39.479	499	770	572	5.84e-128	397	65	Orn/Lys/Arg decarboxylase N-terminal domain-containing protein, partial [Photobacterium carnosum]
WP_065193859.1	GCF_021236785.1|WP_232576570.1	39.479	499	770	572	5.84e-128	397	65	Orn/Lys/Arg decarboxylase N-terminal domain-containing protein, partial [Photobacterium carnosum]
WP_065193859.1	GCF_059761505.1|WP_498226418.1	41.353	532	770	524	8.26e-127	393	69	Orn/Lys/Arg family decarboxylase, partial [Photobacterium phosphoreum]
WP_065193859.1	GCF_052878375.1|WP_446514816.1	36.984	557	770	561	1.02e-126	394	72	Orn/Lys/Arg decarboxylase N-terminal domain-containing protein, partial [Photobacterium damselae]
WP_065193859.1	GCF_052877475.1|WP_446514816.1	36.984	557	770	561	1.02e-126	394	72	Orn/Lys/Arg decarboxylase N-terminal domain-containing protein, partial [Photobacterium damselae]
WP_065193859.1	GCF_052877375.1|WP_446514816.1	36.984	557	770	561	1.02e-126	394	72	Orn/Lys/Arg decarboxylase N-terminal domain-containing protein, partial [Photobacterium damselae]
WP_065193859.1	GCF_021236725.1|WP_232597641.1	41.651	521	770	513	6.80e-125	387	67	Orn/Lys/Arg family decarboxylase, partial [Photobacterium phosphoreum]
WP_065193859.1	GCF_003025995.1|WP_107286586.1	41.165	515	770	509	8.91e-125	387	67	Orn/Lys/Arg family decarboxylase, partial [Photobacterium kishitanii]
WP_065193859.1	GCF_003025625.1|WP_107204550.1	39.431	492	770	565	3.92e-124	387	64	Orn/Lys/Arg decarboxylase N-terminal domain-containing protein, partial [Photobacterium aquimaris]
WP_065193859.1	GCF_003004595.1|WP_106261610.1	36.691	556	770	560	4.84e-124	387	72	Orn/Lys/Arg decarboxylase N-terminal domain-containing protein, partial [Photobacterium damselae]
WP_065193859.1	GCF_001676075.1|WP_065167985.1	41.520	513	770	507	6.68e-124	385	66	Orn/Lys/Arg family decarboxylase, partial [Photobacterium aquimaris]
WP_065193859.1	GCF_001676065.1|WP_065167985.1	41.520	513	770	507	6.68e-124	385	66	Orn/Lys/Arg family decarboxylase, partial [Photobacterium aquimaris]
WP_065193859.1	GCF_004794735.1|WP_136039821.1	37.037	540	770	545	1.46e-121	380	70	Orn/Lys/Arg decarboxylase N-terminal domain-containing protein, partial [Photobacterium damselae]
WP_065193859.1	GCF_052878195.1|WP_446518098.1	37.196	535	770	539	1.58e-120	377	69	Orn/Lys/Arg decarboxylase N-terminal domain-containing protein, partial [Photobacterium damselae]
WP_065193859.1	GCF_003026575.1|WP_107228617.1	39.457	479	770	553	2.19e-120	377	62	Orn/Lys/Arg decarboxylase N-terminal domain-containing protein, partial [Photobacterium phosphoreum]
WP_065193859.1	GCF_059761605.1|WP_463366377.1	40.837	502	770	495	6.62e-113	355	65	Orn/Lys/Arg family decarboxylase, partial [Photobacterium phosphoreum]
WP_065193859.1	GCF_021236725.1|WP_463366377.1	40.837	502	770	495	6.62e-113	355	65	Orn/Lys/Arg family decarboxylase, partial [Photobacterium phosphoreum]
WP_065193859.1	GCF_021236925.1|WP_232603416.1	39.333	450	770	525	2.51e-111	352	58	Orn/Lys/Arg decarboxylase N-terminal domain-containing protein, partial [Photobacterium carnosum]
WP_065193859.1	GCF_021236685.1|WP_463357450.1	40.900	489	770	478	3.34e-111	350	63	Orn/Lys/Arg family decarboxylase, partial [Photobacterium phosphoreum]
WP_065193859.1	GCF_059761785.1|WP_498259139.1	41.141	491	770	483	1.19e-110	349	63	Orn/Lys/Arg family decarboxylase, partial [Photobacterium iliopiscarium]
WP_065193859.1	GCF_003025425.1|WP_498259139.1	41.141	491	770	483	1.19e-110	349	63	Orn/Lys/Arg family decarboxylase, partial [Photobacterium iliopiscarium]
WP_065193859.1	GCF_019781095.1|WP_221945843.1	39.238	446	770	523	1.66e-110	350	58	Orn/Lys/Arg decarboxylase N-terminal domain-containing protein, partial [Photobacterium carnosum]
WP_065193859.1	GCF_036040395.1|WP_419182579.1	41.220	410	770	484	4.16e-108	343	53	Orn/Lys/Arg decarboxylase N-terminal domain-containing protein, partial [Photobacterium piscicola]
WP_065193859.1	GCF_000949955.1|WP_045032888.1	40.976	410	770	440	9.35e-108	340	53	Orn/Lys/Arg decarboxylase N-terminal domain-containing protein, partial [Photobacterium phosphoreum]
WP_065193859.1	GCF_052878295.1|WP_446516894.1	41.562	397	770	409	2.33e-107	338	51	Orn/Lys/Arg decarboxylase N-terminal domain-containing protein, partial [Photobacterium damselae]
WP_065193859.1	GCF_021236965.1|WP_331254171.1	41.457	398	770	476	8.09e-107	339	52	Orn/Lys/Arg decarboxylase N-terminal domain-containing protein, partial [Photobacterium carnosum]
WP_065193859.1	GCF_021504655.1|WP_324762884.1	41.538	390	770	472	1.26e-106	338	51	Orn/Lys/Arg decarboxylase N-terminal domain-containing protein, partial [Photobacterium carnosum]
WP_065193859.1	GCF_021236945.1|WP_324762884.1	41.538	390	770	472	1.26e-106	338	51	Orn/Lys/Arg decarboxylase N-terminal domain-containing protein, partial [Photobacterium carnosum]
WP_065193859.1	GCF_002849605.1|WP_324762884.1	41.538	390	770	472	1.26e-106	338	51	Orn/Lys/Arg decarboxylase N-terminal domain-containing protein, partial [Photobacterium carnosum]
WP_065193859.1	GCF_021504715.1|WP_328283959.1	41.538	390	770	472	1.28e-106	338	51	Orn/Lys/Arg decarboxylase N-terminal domain-containing protein, partial [Photobacterium carnosum]
WP_065193859.1	GCF_021504665.1|WP_328283959.1	41.538	390	770	472	1.28e-106	338	51	Orn/Lys/Arg decarboxylase N-terminal domain-containing protein, partial [Photobacterium carnosum]
WP_065193859.1	GCF_021236905.1|WP_328283959.1	41.538	390	770	472	1.28e-106	338	51	Orn/Lys/Arg decarboxylase N-terminal domain-containing protein, partial [Photobacterium carnosum]
WP_065193859.1	GCF_052878815.1|WP_446532410.1	40.576	451	770	452	2.12e-106	337	58	Orn/Lys/Arg family decarboxylase, partial [Photobacterium damselae]
WP_065193859.1	GCF_900166965.1|WP_306341436.1	42.119	387	770	468	2.81e-106	337	50	Orn/Lys/Arg decarboxylase N-terminal domain-containing protein, partial [Photobacterium piscicola]
WP_065193859.1	GCF_900185565.1|WP_503121346.1	40.812	468	770	469	4.34e-106	337	61	Orn/Lys/Arg family decarboxylase, partial [Photobacterium aquimaris]
WP_065193859.1	GCF_022129465.1|WP_238030327.1	31.461	712	770	727	5.05e-105	342	91	MULTISPECIES: ornithine decarboxylase SpeF [unclassified Photobacterium]
WP_065193859.1	GCF_022129445.1|WP_238030327.1	31.461	712	770	727	5.05e-105	342	91	MULTISPECIES: ornithine decarboxylase SpeF [unclassified Photobacterium]
WP_065193859.1	GCF_059761905.1|WP_498212889.1	41.138	457	770	450	6.19e-105	333	59	Orn/Lys/Arg family decarboxylase, partial [Photobacterium iliopiscarium]
WP_065193859.1	GCF_003026405.1|WP_506913819.1	41.138	457	770	461	8.32e-105	333	59	Orn/Lys/Arg family decarboxylase, partial [Photobacterium iliopiscarium]
WP_065193859.1	GCF_001676195.1|WP_459562032.1	41.138	457	770	452	9.15e-105	333	59	Orn/Lys/Arg family decarboxylase, partial [Photobacterium phosphoreum]
WP_065193859.1	GCF_002954725.1|WP_477646130.1	41.138	457	770	456	1.29e-104	333	59	Orn/Lys/Arg family decarboxylase, partial [Photobacterium phosphoreum]
WP_065193859.1	GCF_059761565.1|WP_498243737.1	41.138	457	770	452	1.33e-104	332	59	Orn/Lys/Arg family decarboxylase, partial [Photobacterium phosphoreum]
WP_065193859.1	GCF_021504615.1|WP_459558994.1	40.456	482	770	474	2.99e-104	332	62	Orn/Lys/Arg family decarboxylase, partial [Photobacterium phosphoreum]
WP_065193859.1	GCF_021504545.1|WP_459558994.1	40.456	482	770	474	2.99e-104	332	62	Orn/Lys/Arg family decarboxylase, partial [Photobacterium phosphoreum]
WP_065193859.1	GCF_021236655.1|WP_459558994.1	40.456	482	770	474	2.99e-104	332	62	Orn/Lys/Arg family decarboxylase, partial [Photobacterium phosphoreum]
WP_065193859.1	GCF_000949935.1|WP_331435573.1	41.514	383	770	464	3.83e-104	332	50	Orn/Lys/Arg decarboxylase N-terminal domain-containing protein, partial [Photobacterium iliopiscarium]
WP_065193859.1	GCF_000950095.1|WP_045045888.1	42.175	377	770	375	1.19e-103	327	49	Orn/Lys/Arg decarboxylase N-terminal domain-containing protein, partial [Photobacterium kishitanii]
WP_065193859.1	GCF_001676135.1|WP_328586752.1	41.253	383	770	464	4.01e-103	329	50	Orn/Lys/Arg decarboxylase N-terminal domain-containing protein, partial [Photobacterium phosphoreum]
WP_065193859.1	GCF_059761565.1|WP_459562029.1	40.919	457	770	452	4.57e-103	328	59	Orn/Lys/Arg family decarboxylase, partial [Photobacterium phosphoreum]
WP_065193859.1	GCF_001676195.1|WP_459562029.1	40.919	457	770	452	4.57e-103	328	59	Orn/Lys/Arg family decarboxylase, partial [Photobacterium phosphoreum]
WP_065193859.1	GCF_003026165.1|WP_304592079.1	39.041	438	770	442	5.30e-103	328	57	MULTISPECIES: Orn/Lys/Arg decarboxylase N-terminal domain-containing protein, partial [unclassified Photobacterium]
WP_065193859.1	GCF_003026135.1|WP_304592079.1	39.041	438	770	442	5.30e-103	328	57	MULTISPECIES: Orn/Lys/Arg decarboxylase N-terminal domain-containing protein, partial [unclassified Photobacterium]
WP_065193859.1	GCF_965119175.1|WP_459559001.1	40.919	457	770	454	6.01e-103	328	59	Orn/Lys/Arg family decarboxylase, partial [Photobacterium phosphoreum]
WP_065193859.1	GCF_021504635.1|WP_459559001.1	40.919	457	770	454	6.01e-103	328	59	Orn/Lys/Arg family decarboxylase, partial [Photobacterium phosphoreum]
WP_065193859.1	GCF_021236585.1|WP_459559001.1	40.919	457	770	454	6.01e-103	328	59	Orn/Lys/Arg family decarboxylase, partial [Photobacterium phosphoreum]
WP_065193859.1	GCF_003026335.1|WP_502553173.1	41.518	448	770	441	1.15e-102	327	58	Orn/Lys/Arg family decarboxylase, partial [Photobacterium angustum]
WP_065193859.1	GCF_021236765.1|WP_152654430.1	30.329	699	770	730	1.70e-99	328	89	ornithine decarboxylase SpeF [Photobacterium carnosum]
WP_065193859.1	GCF_009389665.1|WP_152654430.1	30.329	699	770	730	1.70e-99	328	89	ornithine decarboxylase SpeF [Photobacterium carnosum]
WP_065193859.1	GCF_000949965.1|WP_045044238.1	41.899	358	770	356	2.94e-97	310	46	Orn/Lys/Arg decarboxylase N-terminal domain-containing protein, partial [Photobacterium kishitanii]
WP_065193859.1	GCF_000950335.1|WP_045067559.1	41.620	358	770	356	1.26e-96	308	46	Orn/Lys/Arg decarboxylase N-terminal domain-containing protein, partial [Photobacterium kishitanii]
WP_065193859.1	GCF_000950075.1|WP_045067559.1	41.620	358	770	356	1.26e-96	308	46	Orn/Lys/Arg decarboxylase N-terminal domain-containing protein, partial [Photobacterium kishitanii]
WP_065193859.1	GCF_059761805.1|WP_456107123.1	41.469	422	770	417	2.51e-95	307	54	Orn/Lys/Arg family decarboxylase, partial [Photobacterium iliopiscarium]
WP_065193859.1	GCF_003026395.1|WP_456107123.1	41.469	422	770	417	2.51e-95	307	54	Orn/Lys/Arg family decarboxylase, partial [Photobacterium iliopiscarium]
WP_065193859.1	GCF_001676085.1|WP_459562046.1	40.952	420	770	423	5.13e-95	306	54	Orn/Lys/Arg family decarboxylase, partial [Photobacterium aquimaris]
WP_065193859.1	GCF_059761805.1|WP_498253605.1	41.232	422	770	417	5.61e-95	306	54	Orn/Lys/Arg family decarboxylase, partial [Photobacterium iliopiscarium]
WP_065193859.1	GCF_059761755.1|WP_498253605.1	41.232	422	770	417	5.61e-95	306	54	Orn/Lys/Arg family decarboxylase, partial [Photobacterium iliopiscarium]
WP_065193859.1	GCF_059761915.1|WP_498239899.1	40.566	424	770	425	1.49e-93	303	55	Orn/Lys/Arg family decarboxylase, partial [Photobacterium iliopiscarium]
WP_065193859.1	GCF_059761915.1|WP_498239900.1	40.802	424	770	425	1.62e-93	303	55	Orn/Lys/Arg family decarboxylase, partial [Photobacterium iliopiscarium]
WP_065193859.1	GCF_059761585.1|WP_498235554.1	40.995	422	770	415	3.34e-93	301	54	Orn/Lys/Arg family decarboxylase, partial [Photobacterium phosphoreum]
WP_065193859.1	GCF_000153265.1|WP_005372102.1	39.952	413	770	408	1.54e-90	294	54	Orn/Lys/Arg family decarboxylase, partial [Photobacterium angustum]
WP_065193859.1	GCF_000153265.1|WP_005372106.1	40.482	415	770	408	8.51e-90	292	54	Orn/Lys/Arg family decarboxylase, partial [Photobacterium angustum]
WP_065193859.1	GCF_052877815.1|WP_446528444.1	36.341	410	770	422	1.22e-89	292	53	Orn/Lys/Arg decarboxylase N-terminal domain-containing protein, partial [Photobacterium damselae]
WP_065193859.1	GCF_059749295.1|WP_498210903.1	40.541	407	770	398	2.54e-88	288	52	Orn/Lys/Arg family decarboxylase, partial [Photobacterium phosphoreum]
WP_065193859.1	GCF_003025945.1|WP_272897504.1	39.535	344	770	390	1.34e-87	286	45	Orn/Lys/Arg decarboxylase N-terminal domain-containing protein, partial [Photobacterium kishitanii]
WP_065193859.1	GCF_003025715.1|WP_420920536.1	39.940	333	770	406	1.13e-85	281	43	Orn/Lys/Arg decarboxylase N-terminal domain-containing protein, partial [Photobacterium phosphoreum]
WP_065193859.1	GCF_021236825.1|WP_332839144.1	36.207	406	770	412	3.94e-85	280	52	Orn/Lys/Arg decarboxylase N-terminal domain-containing protein, partial [Photobacterium carnosum]
WP_065193859.1	GCF_003028875.1|WP_275668047.1	39.577	331	770	413	1.79e-84	278	43	Orn/Lys/Arg decarboxylase N-terminal domain-containing protein, partial [Photobacterium phosphoreum]
WP_065193859.1	GCF_052879315.1|WP_446524724.1	35.864	382	770	395	2.04e-81	270	49	Orn/Lys/Arg decarboxylase N-terminal domain-containing protein, partial [Photobacterium damselae]
WP_065193859.1	GCF_003026075.1|WP_304589598.1	36.132	393	770	397	8.90e-81	268	51	Orn/Lys/Arg decarboxylase N-terminal domain-containing protein, partial [Photobacterium sp. GB-210]
WP_065193859.1	GCF_059761365.1|WP_498220045.1	40.310	387	770	380	3.35e-79	263	50	Orn/Lys/Arg family decarboxylase, partial [Photobacterium piscicola]
WP_065193859.1	GCF_059761345.1|WP_498220045.1	40.310	387	770	380	3.35e-79	263	50	Orn/Lys/Arg family decarboxylase, partial [Photobacterium piscicola]
WP_065193859.1	GCF_003004505.1|WP_276527337.1	35.912	362	770	361	3.92e-77	257	47	Orn/Lys/Arg decarboxylase N-terminal domain-containing protein, partial [Photobacterium damselae]
WP_065193859.1	GCF_052877815.1|WP_446528479.1	39.155	355	770	347	6.79e-74	248	46	Orn/Lys/Arg family decarboxylase, partial [Photobacterium damselae]
WP_065193859.1	GCF_006124915.1|WP_276469580.1	34.943	352	770	365	1.43e-72	245	45	Orn/Lys/Arg decarboxylase N-terminal domain-containing protein, partial [Photobacterium damselae]
WP_065193859.1	GCF_003026365.1|WP_282957570.1	36.364	352	770	368	1.68e-72	245	45	Orn/Lys/Arg decarboxylase N-terminal domain-containing protein, partial [Photobacterium angustum]
WP_065193859.1	GCF_052879315.1|WP_446524731.1	39.316	351	770	346	2.80e-72	244	45	Orn/Lys/Arg family decarboxylase, partial [Photobacterium damselae]
WP_065193859.1	GCF_001676275.1|WP_202907999.1	99.123	114	770	114	1.13e-71	233	15	Orn/Lys/Arg family decarboxylase [Photobacterium phosphoreum]
WP_065193859.1	GCF_003026855.1|WP_308810985.1	36.182	351	770	367	2.09e-71	242	45	Orn/Lys/Arg decarboxylase N-terminal domain-containing protein, partial [Photobacterium angustum]
WP_065193859.1	GCF_059761455.1|WP_498185446.1	39.665	358	770	358	4.14e-70	238	46	Orn/Lys/Arg family decarboxylase, partial [Photobacterium phosphoreum]
WP_065193859.1	GCF_003026675.1|WP_478354241.1	37.921	356	770	355	1.68e-69	237	46	Orn/Lys/Arg family decarboxylase, partial [Photobacterium kishitanii]
WP_065193859.1	GCF_003025535.1|WP_459562006.1	38.506	348	770	344	9.09e-69	234	45	Orn/Lys/Arg family decarboxylase, partial [Photobacterium kishitanii]
WP_065193859.1	GCF_001676235.1|WP_459562006.1	38.506	348	770	344	9.09e-69	234	45	Orn/Lys/Arg family decarboxylase, partial [Photobacterium kishitanii]
WP_065193859.1	GCF_043106595.1|WP_392501777.1	34.393	346	770	359	1.08e-68	234	45	Orn/Lys/Arg decarboxylase N-terminal domain-containing protein, partial [Photobacterium damselae]
WP_065193859.1	GCF_003025535.1|WP_478354244.1	39.080	348	770	341	1.83e-68	233	45	Orn/Lys/Arg family decarboxylase, partial [Photobacterium kishitanii]
WP_065193859.1	GCF_003026655.1|WP_459562005.1	39.080	348	770	344	2.38e-68	233	45	Orn/Lys/Arg family decarboxylase, partial [Photobacterium kishitanii]
WP_065193859.1	GCF_003026355.1|WP_459562005.1	39.080	348	770	344	2.38e-68	233	45	Orn/Lys/Arg family decarboxylase, partial [Photobacterium kishitanii]
WP_065193859.1	GCF_003025975.1|WP_459562005.1	39.080	348	770	344	2.38e-68	233	45	Orn/Lys/Arg family decarboxylase, partial [Photobacterium kishitanii]
WP_065193859.1	GCF_001676235.1|WP_459562005.1	39.080	348	770	344	2.38e-68	233	45	Orn/Lys/Arg family decarboxylase, partial [Photobacterium kishitanii]
WP_065193859.1	GCF_900185615.1|WP_503121368.1	39.130	345	770	341	7.41e-67	229	45	Orn/Lys/Arg family decarboxylase, partial [Photobacterium malacitanum]
WP_065193859.1	GCF_900185615.1|WP_503121367.1	38.841	345	770	341	1.54e-66	228	45	Orn/Lys/Arg family decarboxylase, partial [Photobacterium malacitanum]
WP_065193859.1	GCF_003026955.1|WP_308811035.1	35.673	342	770	358	8.79e-66	227	44	Orn/Lys/Arg decarboxylase N-terminal domain-containing protein, partial [Photobacterium angustum]
WP_065193859.1	GCF_900166965.1|WP_503121337.1	39.595	346	770	340	1.48e-65	226	45	Orn/Lys/Arg family decarboxylase, partial [Photobacterium piscicola]
WP_065193859.1	GCF_000950335.1|WP_045044235.1	38.012	342	770	339	3.21e-65	224	44	Orn/Lys/Arg family decarboxylase, partial [Photobacterium kishitanii]
WP_065193859.1	GCF_000950075.1|WP_045044235.1	38.012	342	770	339	3.21e-65	224	44	Orn/Lys/Arg family decarboxylase, partial [Photobacterium kishitanii]
WP_065193859.1	GCF_000949965.1|WP_045044235.1	38.012	342	770	339	3.21e-65	224	44	Orn/Lys/Arg family decarboxylase, partial [Photobacterium kishitanii]
WP_065193859.1	GCF_900166965.1|WP_503121335.1	38.663	344	770	340	5.15e-65	224	45	Orn/Lys/Arg family decarboxylase, partial [Photobacterium piscicola]
WP_065193859.1	GCF_000950335.1|WP_045044225.1	38.596	342	770	339	7.10e-65	224	44	Orn/Lys/Arg family decarboxylase, partial [Photobacterium kishitanii]
WP_065193859.1	GCF_000950075.1|WP_045044225.1	38.596	342	770	339	7.10e-65	224	44	Orn/Lys/Arg family decarboxylase, partial [Photobacterium kishitanii]
WP_065193859.1	GCF_000949965.1|WP_045044225.1	38.596	342	770	339	7.10e-65	224	44	Orn/Lys/Arg family decarboxylase, partial [Photobacterium kishitanii]
WP_065193859.1	GCF_002849605.1|WP_459178071.1	39.474	342	770	336	1.09e-64	223	44	Orn/Lys/Arg family decarboxylase, partial [Photobacterium carnosum]
WP_065193859.1	GCF_000949955.1|WP_045032936.1	37.024	289	770	297	5.35e-64	220	37	Orn/Lys/Arg decarboxylase N-terminal domain-containing protein, partial [Photobacterium phosphoreum]
WP_065193859.1	GCF_003026095.1|WP_304590053.1	35.604	323	770	343	7.83e-64	221	42	Orn/Lys/Arg decarboxylase N-terminal domain-containing protein, partial [Photobacterium sp. GB-72]
WP_065193859.1	GCF_021236845.1|WP_463357602.1	38.889	342	770	336	2.84e-63	219	44	Orn/Lys/Arg family decarboxylase, partial [Photobacterium carnosum]
WP_065193859.1	GCF_022398555.1|WP_275667703.1	34.365	323	770	342	2.89e-63	219	42	Orn/Lys/Arg decarboxylase N-terminal domain-containing protein, partial [Photobacterium damselae]
WP_065193859.1	GCF_059761915.1|WP_498239897.1	35.093	322	770	348	9.59e-63	218	42	Orn/Lys/Arg decarboxylase N-terminal domain-containing protein, partial [Photobacterium iliopiscarium]
WP_065193859.1	GCF_900185565.1|WP_272867857.1	38.672	256	770	339	3.05e-62	216	33	Orn/Lys/Arg decarboxylase N-terminal domain-containing protein, partial [Photobacterium aquimaris]
WP_065193859.1	GCF_021236765.1|WP_332838665.1	34.796	319	770	335	1.15e-60	212	41	Orn/Lys/Arg decarboxylase N-terminal domain-containing protein, partial [Photobacterium carnosum]
WP_065193859.1	GCF_057063665.1|WP_483581751.1	37.538	325	770	322	2.66e-60	211	42	Orn/Lys/Arg family decarboxylase, partial [Photobacterium damselae]
WP_065193859.1	GCF_052878335.1|WP_446502463.1	37.025	316	770	309	9.16e-59	206	41	Orn/Lys/Arg family decarboxylase, partial [Photobacterium damselae]
WP_065193859.1	GCF_052878335.1|WP_446502462.1	33.446	296	770	310	4.04e-56	199	38	Orn/Lys/Arg decarboxylase N-terminal domain-containing protein, partial [Photobacterium damselae]
WP_065193859.1	GCF_059761665.1|WP_498183474.1	38.961	308	770	304	4.90e-56	199	40	Orn/Lys/Arg family decarboxylase, partial [Photobacterium phosphoreum]
WP_065193859.1	GCF_000153265.1|WP_005372101.1	34.375	288	770	312	3.52e-54	194	37	Orn/Lys/Arg decarboxylase N-terminal domain-containing protein, partial [Photobacterium angustum]
WP_065193859.1	GCF_000153265.1|WP_005372103.1	34.386	285	770	300	4.88e-54	193	37	Orn/Lys/Arg decarboxylase N-terminal domain-containing protein, partial [Photobacterium angustum]
WP_065193859.1	GCF_003026335.1|WP_308810948.1	34.375	288	770	326	5.00e-54	194	37	Orn/Lys/Arg decarboxylase N-terminal domain-containing protein, partial [Photobacterium angustum]
WP_065193859.1	GCF_021504695.1|WP_328283806.1	33.681	288	770	306	9.41e-54	192	37	Orn/Lys/Arg decarboxylase N-terminal domain-containing protein, partial [Photobacterium carnosum]
WP_065193859.1	GCF_021236875.1|WP_328283806.1	33.681	288	770	306	9.41e-54	192	37	Orn/Lys/Arg decarboxylase N-terminal domain-containing protein, partial [Photobacterium carnosum]
WP_065193859.1	GCF_002954725.1|WP_276329518.1	37.838	222	770	232	9.52e-54	190	29	Orn/Lys/Arg decarboxylase N-terminal domain-containing protein, partial [Photobacterium phosphoreum]
WP_065193859.1	GCF_021236865.1|WP_332839170.1	33.681	288	770	306	1.42e-53	192	37	Orn/Lys/Arg decarboxylase N-terminal domain-containing protein, partial [Photobacterium carnosum]
WP_065193859.1	GCF_003025425.1|WP_308810720.1	33.681	288	770	326	2.59e-53	192	37	Orn/Lys/Arg decarboxylase N-terminal domain-containing protein, partial [Photobacterium iliopiscarium]
WP_065193859.1	GCF_059761785.1|WP_498259144.1	38.249	217	770	240	4.23e-53	188	28	Orn/Lys/Arg decarboxylase N-terminal domain-containing protein, partial [Photobacterium iliopiscarium]
WP_065193859.1	GCF_059761385.1|WP_498184441.1	39.048	210	770	218	1.65e-52	186	27	Orn/Lys/Arg decarboxylase N-terminal domain-containing protein, partial [Photobacterium piscicola]
WP_065193859.1	GCF_059761395.1|WP_498180242.1	37.742	310	770	304	3.44e-52	188	40	Orn/Lys/Arg family decarboxylase, partial [Photobacterium piscicola]
WP_065193859.1	GCF_059761365.1|WP_498180242.1	37.742	310	770	304	3.44e-52	188	40	Orn/Lys/Arg family decarboxylase, partial [Photobacterium piscicola]
WP_065193859.1	GCF_059761345.1|WP_498180242.1	37.742	310	770	304	3.44e-52	188	40	Orn/Lys/Arg family decarboxylase, partial [Photobacterium piscicola]
WP_065193859.1	GCF_059761665.1|WP_498183481.1	37.736	212	770	216	4.97e-52	184	27	Orn/Lys/Arg decarboxylase N-terminal domain-containing protein, partial [Photobacterium phosphoreum]
WP_065193859.1	GCF_021237065.1|WP_332840332.1	33.813	278	770	300	5.80e-52	187	36	Orn/Lys/Arg decarboxylase N-terminal domain-containing protein, partial [Photobacterium iliopiscarium]
WP_065193859.1	GCF_059761365.1|WP_498220050.1	38.208	212	770	298	6.64e-52	187	27	Orn/Lys/Arg decarboxylase N-terminal domain-containing protein, partial [Photobacterium piscicola]
WP_065193859.1	GCF_019781095.1|WP_459213843.1	37.456	283	770	286	3.80e-51	184	37	Orn/Lys/Arg family decarboxylase, partial [Photobacterium carnosum]
WP_065193859.1	GCF_003025895.1|WP_506913852.1	37.102	283	770	287	1.25e-50	183	37	Orn/Lys/Arg family decarboxylase, partial [Photobacterium kishitanii]
WP_065193859.1	GCF_001676085.1|WP_459562051.1	36.364	297	770	289	1.33e-50	183	38	Orn/Lys/Arg family decarboxylase, partial [Photobacterium aquimaris]
WP_065193859.1	GCF_000949935.1|WP_045039098.1	38.246	285	770	284	1.67e-50	182	37	Orn/Lys/Arg family decarboxylase, partial [Photobacterium iliopiscarium]
WP_065193859.1	GCF_003026955.1|WP_501037493.1	38.246	285	770	285	1.72e-50	182	37	Orn/Lys/Arg family decarboxylase, partial [Photobacterium angustum]
WP_065193859.1	GCF_052878295.1|WP_446516899.1	40.081	247	770	258	1.31e-49	179	32	Orn/Lys/Arg family decarboxylase, partial [Photobacterium damselae]
WP_065193859.1	GCF_004794735.1|WP_446516899.1	40.081	247	770	258	1.31e-49	179	32	Orn/Lys/Arg family decarboxylase, partial [Photobacterium damselae]
WP_065193859.1	GCF_003027095.1|WP_501037336.1	38.267	277	770	277	1.52e-49	180	36	Orn/Lys/Arg family decarboxylase, partial [Photobacterium angustum]
WP_065193859.1	GCF_003027015.1|WP_501037336.1	38.267	277	770	277	1.52e-49	180	36	Orn/Lys/Arg family decarboxylase, partial [Photobacterium angustum]
WP_065193859.1	GCF_003026995.1|WP_501037336.1	38.267	277	770	277	1.52e-49	180	36	Orn/Lys/Arg family decarboxylase, partial [Photobacterium angustum]
WP_065193859.1	GCF_003026935.1|WP_501037336.1	38.267	277	770	277	1.52e-49	180	36	Orn/Lys/Arg family decarboxylase, partial [Photobacterium angustum]
WP_065193859.1	GCF_003026895.1|WP_501037336.1	38.267	277	770	277	1.52e-49	180	36	Orn/Lys/Arg family decarboxylase, partial [Photobacterium angustum]
WP_065193859.1	GCF_003026815.1|WP_501037823.1	40.249	241	770	246	2.88e-48	175	31	Orn/Lys/Arg family decarboxylase, partial [Photobacterium damselae]
WP_065193859.1	GCF_050875365.1|WP_490049639.1	40.167	239	770	243	1.43e-47	173	31	Orn/Lys/Arg family decarboxylase, partial [Photobacterium damselae]
WP_065193859.1	GCF_052878195.1|WP_446518227.1	40.435	230	770	230	3.92e-47	171	30	Orn/Lys/Arg family decarboxylase, partial [Photobacterium damselae]
WP_065193859.1	GCF_059749375.1|WP_498218699.1	39.062	256	770	257	1.08e-46	171	33	Orn/Lys/Arg family decarboxylase, partial [Photobacterium phosphoreum]
WP_065193859.1	GCF_059761345.1|WP_498222127.1	36.181	199	770	251	8.70e-46	169	26	Orn/Lys/Arg decarboxylase N-terminal domain-containing protein, partial [Photobacterium piscicola]
WP_065193859.1	GCF_003025715.1|WP_479681060.1	38.267	277	770	267	1.22e-45	169	36	Orn/Lys/Arg family decarboxylase, partial [Photobacterium phosphoreum]
WP_065193859.1	GCF_003025695.1|WP_479681060.1	38.267	277	770	267	1.22e-45	169	36	Orn/Lys/Arg family decarboxylase, partial [Photobacterium phosphoreum]
WP_065193859.1	GCF_003025655.1|WP_479681060.1	38.267	277	770	267	1.22e-45	169	36	Orn/Lys/Arg family decarboxylase, partial [Photobacterium phosphoreum]
WP_065193859.1	GCF_050337795.1|WP_486875427.1	40.265	226	770	230	3.30e-44	163	29	Orn/Lys/Arg family decarboxylase, partial [Photobacterium angustum]
WP_065193859.1	GCF_001676135.1|WP_459562043.1	41.048	229	770	226	3.76e-44	163	29	Orn/Lys/Arg family decarboxylase, partial [Photobacterium phosphoreum]
WP_065193859.1	GCF_001676085.1|WP_328585770.1	36.041	197	770	279	4.71e-44	165	25	Orn/Lys/Arg decarboxylase N-terminal domain-containing protein, partial [Photobacterium aquimaris]
WP_065193859.1	GCF_001676085.1|WP_328585771.1	36.041	197	770	280	9.97e-44	164	25	Orn/Lys/Arg decarboxylase N-terminal domain-containing protein, partial [Photobacterium aquimaris]
WP_065193859.1	GCF_052877475.1|WP_446514692.1	39.556	225	770	230	4.84e-43	160	29	Orn/Lys/Arg family decarboxylase, partial [Photobacterium damselae]
WP_065193859.1	GCF_009389665.1|WP_322619070.1	36.649	191	770	274	1.31e-42	160	25	Orn/Lys/Arg decarboxylase N-terminal domain-containing protein, partial [Photobacterium carnosum]
WP_065193859.1	GCF_059761605.1|WP_498163366.1	35.638	188	770	270	8.72e-41	155	24	Orn/Lys/Arg decarboxylase N-terminal domain-containing protein, partial [Photobacterium phosphoreum]
WP_065193859.1	GCF_003025995.1|WP_473803802.1	38.356	219	770	223	4.20e-38	146	28	Orn/Lys/Arg family decarboxylase, partial [Photobacterium kishitanii]
WP_065193859.1	GCF_050337795.1|WP_486875422.1	40.278	216	770	218	2.08e-37	144	28	Orn/Lys/Arg family decarboxylase, partial [Photobacterium angustum]
WP_065193859.1	GCF_003025975.1|WP_502553171.1	41.530	183	770	186	9.40e-37	141	24	Orn/Lys/Arg family decarboxylase, partial [Photobacterium kishitanii]
WP_065193859.1	GCF_003025935.1|WP_477646125.1	38.756	209	770	216	5.75e-36	140	27	Orn/Lys/Arg family decarboxylase, partial [Photobacterium kishitanii]
WP_065193859.1	GCF_003026575.1|WP_506913832.1	40.000	210	770	212	8.90e-35	136	27	Orn/Lys/Arg family decarboxylase, partial [Photobacterium phosphoreum]
WP_065193859.1	GCF_006124795.1|WP_479682929.1	41.530	183	770	191	1.65e-34	135	24	Orn/Lys/Arg family decarboxylase, partial [Photobacterium damselae]
WP_065193859.1	GCF_900185625.1|WP_503121370.1	41.530	183	770	194	8.21e-34	133	24	Orn/Lys/Arg family decarboxylase, partial [Photobacterium andalusiense]
WP_065193859.1	GCF_965118505.1|WP_413517131.1	33.333	174	770	179	1.98e-33	131	22	Orn/Lys/Arg decarboxylase N-terminal domain-containing protein, partial [Photobacterium phosphoreum]
WP_065193859.1	GCF_003025995.1|WP_473803804.1	40.984	183	770	196	2.99e-33	131	24	Orn/Lys/Arg family decarboxylase, partial [Photobacterium kishitanii]
WP_065193859.1	GCF_965119195.1|WP_413517130.1	32.759	174	770	179	3.45e-33	130	22	Orn/Lys/Arg decarboxylase N-terminal domain-containing protein, partial [Photobacterium phosphoreum]
WP_065193859.1	GCF_965118505.1|WP_413517130.1	32.759	174	770	179	3.45e-33	130	22	Orn/Lys/Arg decarboxylase N-terminal domain-containing protein, partial [Photobacterium phosphoreum]
WP_065193859.1	GCF_003025995.1|WP_473803806.1	40.984	183	770	196	5.29e-33	130	24	Orn/Lys/Arg family decarboxylase, partial [Photobacterium kishitanii]
WP_065193859.1	GCF_043641185.1|WP_463510161.1	41.111	180	770	184	7.78e-33	130	23	Orn/Lys/Arg family decarboxylase, partial [Photobacterium piscicola]
WP_065193859.1	GCF_043419485.1|WP_463510161.1	41.111	180	770	184	7.78e-33	130	23	Orn/Lys/Arg family decarboxylase, partial [Photobacterium piscicola]
WP_065193859.1	GCF_059761885.1|WP_498244220.1	33.526	173	770	256	1.53e-32	131	22	Orn/Lys/Arg decarboxylase N-terminal domain-containing protein, partial [Photobacterium iliopiscarium]
WP_065193859.1	GCF_000949955.1|WP_045032864.1	42.162	185	770	187	1.59e-32	129	24	Orn/Lys/Arg family decarboxylase, partial [Photobacterium phosphoreum]
WP_065193859.1	GCF_021504635.1|WP_328284067.1	32.759	174	770	257	2.10e-32	131	22	Orn/Lys/Arg decarboxylase N-terminal domain-containing protein, partial [Photobacterium phosphoreum]
WP_065193859.1	GCF_021236585.1|WP_328284067.1	32.759	174	770	257	2.10e-32	131	22	Orn/Lys/Arg decarboxylase N-terminal domain-containing protein, partial [Photobacterium phosphoreum]
WP_065193859.1	GCF_059761645.1|WP_498186515.1	42.162	185	770	186	2.69e-32	128	24	Orn/Lys/Arg family decarboxylase, partial [Photobacterium phosphoreum]
WP_065193859.1	GCF_965119195.1|WP_461480433.1	42.162	185	770	187	3.05e-32	128	24	Orn/Lys/Arg family decarboxylase, partial [Photobacterium phosphoreum]
WP_065193859.1	GCF_965118505.1|WP_461480433.1	42.162	185	770	187	3.05e-32	128	24	Orn/Lys/Arg family decarboxylase, partial [Photobacterium phosphoreum]
WP_065193859.1	GCF_000950135.1|WP_487246365.1	40.556	180	770	184	3.12e-32	128	23	Orn/Lys/Arg family decarboxylase, partial [Photobacterium kishitanii]
WP_065193859.1	GCF_000950095.1|WP_487246365.1	40.556	180	770	184	3.12e-32	128	23	Orn/Lys/Arg family decarboxylase, partial [Photobacterium kishitanii]
WP_065193859.1	GCF_003027095.1|WP_280523100.1	31.034	232	770	249	4.62e-32	130	30	Orn/Lys/Arg decarboxylase N-terminal domain-containing protein, partial [Photobacterium angustum]
WP_065193859.1	GCF_003027015.1|WP_280523100.1	31.034	232	770	249	4.62e-32	130	30	Orn/Lys/Arg decarboxylase N-terminal domain-containing protein, partial [Photobacterium angustum]
WP_065193859.1	GCF_003026995.1|WP_280523100.1	31.034	232	770	249	4.62e-32	130	30	Orn/Lys/Arg decarboxylase N-terminal domain-containing protein, partial [Photobacterium angustum]
WP_065193859.1	GCF_003026895.1|WP_280523100.1	31.034	232	770	249	4.62e-32	130	30	Orn/Lys/Arg decarboxylase N-terminal domain-containing protein, partial [Photobacterium angustum]
WP_065193859.1	GCF_000950135.1|WP_487246364.1	39.444	180	770	184	7.19e-32	127	23	Orn/Lys/Arg family decarboxylase, partial [Photobacterium kishitanii]
WP_065193859.1	GCF_000950095.1|WP_487246364.1	39.444	180	770	184	7.19e-32	127	23	Orn/Lys/Arg family decarboxylase, partial [Photobacterium kishitanii]
WP_065193859.1	GCF_003026365.1|WP_487246539.1	41.989	181	770	183	2.42e-31	125	23	Orn/Lys/Arg family decarboxylase, partial [Photobacterium angustum]
WP_065193859.1	GCF_059761805.1|WP_498266132.1	34.146	164	770	247	5.92e-31	126	21	Orn/Lys/Arg decarboxylase N-terminal domain-containing protein, partial [Photobacterium iliopiscarium]
WP_065193859.1	GCF_006124795.1|WP_276469582.1	29.032	217	770	232	2.18e-28	119	28	Orn/Lys/Arg decarboxylase N-terminal domain-containing protein, partial [Photobacterium damselae]
WP_065193859.1	GCF_036040135.1|WP_327777657.1	32.484	157	770	240	1.53e-27	116	20	Orn/Lys/Arg decarboxylase N-terminal domain-containing protein, partial [Photobacterium toruni]
WP_065193859.1	GCF_003026635.1|WP_477646137.1	36.813	182	770	183	4.15e-27	113	24	Orn/Lys/Arg family decarboxylase, partial [Photobacterium kishitanii]
WP_065193859.1	GCF_059749375.1|WP_498218702.1	33.113	151	770	225	4.28e-27	114	19	Orn/Lys/Arg decarboxylase N-terminal domain-containing protein, partial [Photobacterium phosphoreum]
WP_065193859.1	GCF_001676195.1|WP_328586755.1	32.716	162	770	231	1.93e-26	113	20	Orn/Lys/Arg decarboxylase N-terminal domain-containing protein, partial [Photobacterium phosphoreum]
WP_065193859.1	GCF_003025415.1|WP_487246508.1	40.123	162	770	167	4.48e-26	110	21	Orn/Lys/Arg family decarboxylase, partial [Photobacterium aquimaris]
WP_065193859.1	GCF_001676195.1|WP_328586756.1	33.333	147	770	230	8.00e-26	111	19	Orn/Lys/Arg decarboxylase N-terminal domain-containing protein, partial [Photobacterium phosphoreum]
WP_065193859.1	GCF_003026155.1|WP_304589718.1	30.435	207	770	213	1.62e-25	110	27	MULTISPECIES: Orn/Lys/Arg decarboxylase N-terminal domain-containing protein, partial [unclassified Photobacterium]
WP_065193859.1	GCF_003026105.1|WP_304589718.1	30.435	207	770	213	1.62e-25	110	27	MULTISPECIES: Orn/Lys/Arg decarboxylase N-terminal domain-containing protein, partial [unclassified Photobacterium]
WP_065193859.1	GCF_019781095.1|WP_459213845.1	41.463	164	770	167	2.53e-25	107	21	Orn/Lys/Arg family decarboxylase, partial [Photobacterium carnosum]
WP_065193859.1	GCF_059749295.1|WP_498210913.1	33.333	141	770	189	3.25e-24	105	18	Orn/Lys/Arg decarboxylase N-terminal domain-containing protein, partial [Photobacterium phosphoreum]
WP_065193859.1	GCF_900185615.1|WP_306341484.1	32.051	156	770	224	7.66e-24	105	19	Orn/Lys/Arg decarboxylase N-terminal domain-containing protein, partial [Photobacterium malacitanum]
WP_065193859.1	GCF_900185615.1|WP_306341483.1	33.333	141	770	223	7.92e-24	105	18	Orn/Lys/Arg decarboxylase N-terminal domain-containing protein, partial [Photobacterium malacitanum]
WP_065193859.1	GCF_059761885.1|WP_498211377.1	36.813	182	770	172	1.49e-23	102	23	Orn/Lys/Arg family decarboxylase, partial [Photobacterium iliopiscarium]
WP_065193859.1	GCF_059761845.1|WP_498211377.1	36.813	182	770	172	1.49e-23	102	23	Orn/Lys/Arg family decarboxylase, partial [Photobacterium iliopiscarium]
WP_065193859.1	GCF_003025425.1|WP_498211377.1	36.813	182	770	172	1.49e-23	102	23	Orn/Lys/Arg family decarboxylase, partial [Photobacterium iliopiscarium]
WP_065193859.1	GCF_003004505.1|WP_479681051.1	38.562	153	770	158	2.16e-23	102	20	Orn/Lys/Arg family decarboxylase, partial [Photobacterium damselae]
WP_065193859.1	GCF_059761565.1|WP_498244098.1	31.973	147	770	217	2.25e-23	103	18	Orn/Lys/Arg decarboxylase N-terminal domain-containing protein, partial [Photobacterium phosphoreum]
WP_065193859.1	GCF_003025655.1|WP_420920472.1	32.576	132	770	208	5.38e-23	102	17	Orn/Lys/Arg decarboxylase N-terminal domain-containing protein, partial [Photobacterium phosphoreum]
WP_065193859.1	GCF_059761845.1|WP_498211275.1	33.077	130	770	213	5.91e-23	102	17	Orn/Lys/Arg decarboxylase N-terminal domain-containing protein, partial [Photobacterium iliopiscarium]
WP_065193859.1	GCF_059761825.1|WP_498211275.1	33.077	130	770	213	5.91e-23	102	17	Orn/Lys/Arg decarboxylase N-terminal domain-containing protein, partial [Photobacterium iliopiscarium]
WP_065193859.1	GCF_052873895.1|WP_446528419.1	38.562	153	770	154	6.18e-23	100	20	Orn/Lys/Arg family decarboxylase, partial [Photobacterium damselae]
WP_065193859.1	GCF_059761565.1|WP_275668006.1	32.576	132	770	216	7.42e-23	102	17	Orn/Lys/Arg decarboxylase N-terminal domain-containing protein, partial [Photobacterium phosphoreum]
WP_065193859.1	GCF_003025695.1|WP_275668006.1	32.576	132	770	216	7.42e-23	102	17	Orn/Lys/Arg decarboxylase N-terminal domain-containing protein, partial [Photobacterium phosphoreum]
WP_065193859.1	GCF_052878815.1|WP_446532236.1	27.835	194	770	208	1.29e-22	101	25	Orn/Lys/Arg decarboxylase N-terminal domain-containing protein, partial [Photobacterium damselae]
WP_065193859.1	GCF_052878375.1|WP_446530981.1	39.286	140	770	149	3.10e-21	95.5	18	Orn/Lys/Arg family decarboxylase, partial [Photobacterium damselae]
WP_065193859.1	GCF_052877375.1|WP_446530981.1	39.286	140	770	149	3.10e-21	95.5	18	Orn/Lys/Arg family decarboxylase, partial [Photobacterium damselae]
